許可番号,区分,商号,代表者,郵便番号,市区町村,所在地,電話番号,資本金(千円),法人/個人,許可業種,特定,許可年月日,推定年数下限,業種分類,中南部
47013348,知事,（株）ＡＲＣＨＩＳＳ,末吉 正志,901-2113,浦添市,大平２－４－２１,098-870-0595,1500,法人,建大屋タ内,,R041101,8,建設業（総合）,1
47009349,知事,（有）アーキテクト,森東 秋夫,904-0101,中頭郡北谷町,字上勢頭６３０－５,098-936-8303,35000,法人,土建大左と石屋タ鋼筋舗板ガ塗防内絶具水,1,R061031,20,建設業（総合）,1
47010727,知事,（有）ＡＲＣＨＩＴＥＣＴ ＤＥＳＩＧＮ ＴＡＵＲＵＳ,當山 一仁,904-0004,沖縄市,中央１丁目３６－９,098-937-3131,3300,法人,土建大と石屋タ鋼舗し内水,,R060921,15,建設業（総合）,1
47014190,知事,（合）アーキ防水塗装,上地 義晃,907-0023,石垣市,字石垣４１８－６,0980-87-8651,5000,法人,塗防,,R021106,5,塗装・防水,
47014269,知事,（株）アーキラボラフィット,德里 政俊,904-2152,沖縄市,明道１－３－２（２Ｆ）,098-988-5128,3000,法人,土建大左と石屋タ鋼筋舗し板ガ塗防内絶具水,,R030226,5,建設業（総合）,1
47014830,知事,（株）アーク設備工業,阿波根 昌彦,903-0805,那覇市,首里鳥堀町４－５９,098-887-0630,8000,法人,管,,R050224,0,電気・設備工事,1
47012805,知事,（株）アース・エコ,町田 宗康,904-2234,うるま市,字州崎７－２４,098-923-5940,10000,法人,土と石鋼舗水,,R070806,12,建設業（総合）,1
47011825,知事,（株）アース企画,運天 辰典,901-0224,豊見城市,字与根３３３－５,098-856-3450,10000,法人,塗防,,R070830,12,塗装・防水,1
47012473,知事,アース建設（株）,友寄 司,901-2111,浦添市,字経塚８７－３,098-943-2998,5000,法人,建大屋タ内,,R060328,12,建設業（総合）,1
47011914,知事,（株）アース貿易,多和田 真誠,901-2205,宜野湾市,赤道２－８－２１,098-893-6798,30000,法人,建大左石屋タ板ガ塗防内絶具,,R030324,12,建設業（総合）,1
47002834,知事,（有）アート電気工事社,仲村 宗安,904-0303,中頭郡読谷村,字伊良皆２３７－１,098-956-2448,7000,法人,土と石電舗水,,R030116,35,建設業（総合）,1
47015382,知事,（株）アートマン計画事務所,岡本 賢一,900-0033,那覇市,久米２－１５－１０ 久米第２ビル,098-866-9682,34500,法人,建内,,R070627,0,建設業（総合）,1
47012235,知事,（株）アートリンク,与座 朝秀,901-0146,那覇市,具志３－１７－２２,098-894-5397,10000,法人,土と石鋼舗し水,,R070703,12,建設業（総合）,1
47011828,知事,（株）アーバン沖縄,棚原 良太郎,901-2102,浦添市,字前田１０１３,098-873-0088,10000,法人,ガ具,,R070907,12,その他専門工事,1
47006859,知事,（株）アーバンスペース,東江 安彦,900-0012,那覇市,泊２－２３－８,098-863-3630,10000,法人,建機消,,R040514,28,建設業（総合）,1
47013420,知事,（株）アール,浜屋 英治,902-0068,那覇市,真嘉比３－５－２０－１階,098-927-8976,3000,法人,土電通,,R050320,8,建設業（総合）,1
47013811,知事,（株）アールエスアール技研,川田 広子,906-0013,宮古島市,平良字下里１４４０－５,0980-79-9460,3000,法人,土と石電管鋼舗し塗水消,,R061002,5,建設業（総合）,
47013615,知事,（有）アールエフピー,備瀬 誠,902-0076,那覇市,字与儀３７７－１０,098-831-7637,3000,法人,内,,R060109,8,内装工事,1
47015039,知事,（株）ＲＣワークス,冨岡 昌文,900-0029,那覇市,旭町１１４－４おきでん那覇ビル２階,098-860-1333,40000,法人,建大屋タ内,,R051228,0,建設業（総合）,1
47014553,知事,アールテクノ工業（合）,喜納 瑠久,904-2143,沖縄市,知花５－２９－７,098-989-0303,1000,法人,管,,R040114,0,電気・設備工事,1
47015248,知事,アール塗装,レイノルズ 玲二,904-0105,中頭郡北谷町,字吉原３２１－１,090-9781-1980,,個人,塗,,R061205,0,塗装・防水,1
47012072,知事,アイ・アール（株）,山城 ちずえ,901-0152,那覇市,小禄１－２７－１７ソシアＡ１０１号室,098-973-3241,10000,法人,土と石鋼舗し塗水解,,R040412 R050803,12,建設業（総合）,1
47014124,知事,（株）アイアット,伊芸 淳,901-1116,島尻郡南風原町,字照屋９２,098-996-1160,1000,法人,土建と石鋼舗し水,,R070904,5,建設業（総合）,1
47011535,知事,アイアルミガラス産業,宮里 英治,901-0211,豊見城市,字饒波１５３－１,098-850-7882,,個人,ガ具,,R060608,12,その他専門工事,1
47014212,知事,アイアン,長嶺 司,901-0204,豊見城市,字金良４３６－１,098-955-4055,,個人,鋼具,,R021204,5,その他専門工事,1
47008358,知事,（株）ＩＭＩＣＯＲＰＯＲＡＴＩＯＮ,池田 雅人,900-0011,那覇市,上之屋１－１０－１０,098-867-1149,35000,法人,土建大左と石屋タ鋼筋舗し板ガ塗防内絶具水解,1,R031006,20,建設業（総合）,1
47008842,知事,アイクラフト,石原 昌一,903-0118,中頭郡西原町,字小波津５４４－１,098-944-0248,,個人,土大左と石屋タ舗板塗防内具水,,R070927,20,建設業（総合）,1
47011318,知事,アイ建設（株）,奥間 正信,904-2223,うるま市,字具志川９３－１,098-975-8288,1000,法人,土建大と屋管鋼舗防内水解,,R050104,12,建設業（総合）,1
47012017,知事,アイ産業,喜納 清丈,903-0804,那覇市,首里石嶺町４－２２０－１７,098-885-6838,,個人,土建大左と石屋管タ鋼筋舗し板ガ塗防内絶具水,,R031107,12,建設業（総合）,1
47012397,知事,（株）アイ・シー・エス,城間 正樹,902-0067,那覇市,字安里４８,098-868-1539,10000,法人,土と石電管鋼舗し水,,R051209 R060604,12,建設業（総合）,1
47015329,知事,（株）愛心住設,與那嶺 竜也,901-2131,浦添市,牧港２－２２－１０,098-952-3959,300,法人,管,,R070411,0,電気・設備工事,1
47014535,知事,（株）ＥＹＥ’ｓ,大嶺 一幾,901-2127,浦添市,屋富祖１－２－５ コーポ順２階,090-5281-3721,3000,法人,内,,R070210,0,内装工事,1
47012400,知事,（株）Ｉステップ,具志堅 朝一,901-0361,糸満市,字糸満１４４１－２ ヴィルドミールＫ１－Ａ,098-995-3611,3000,法人,内,,R051209,12,内装工事,1
47015347,知事,間鉄筋工業,當間 康司,901-0152,那覇市,字小禄８３９－２,090-4995-1853,,個人,筋,,R070509,0,その他専門工事,1
47013600,知事,（株）愛知建設,新里 富男,901-2203,宜野湾市,野嵩３－２１－７（２０３号）,098-917-5715,5000,法人,土建と石鋼舗し園水,,R051207,8,建設業（総合）,1
47014940,知事,アイチ消火器工業,渡口 精順,901-2212,宜野湾市,長田１－１－１,098-896-0581,,個人,消,,R050714,0,電気・設備工事,1
47002978,知事,（有）あいち設備工業,喜屋武 信彦,901-2206,宜野湾市,愛知２－４－２０－１０３ １Ｆ,098-892-7611,3000,法人,管,,R040709,35,電気・設備工事,1
47011528,知事,（株）アイデアル,井手 英夫,901-2226,宜野湾市,嘉数１－３－８,098-942-8104,6000,法人,建大屋タ内,,R041024,12,建設業（総合）,1
47014329,知事,Ｉ ＴＥＣ（株）,宇良 定美,904-2213,うるま市,字田場１６４４－１１,098-973-0866,2000,法人,大とタ鋼筋解,,R030514,5,その他専門工事,1
47011644,知事,（有）あい電設,金城 英次,904-2242,うるま市,字高江洲６８９－７,098-975-0979,3000,法人,管,,R061204,12,電気・設備工事,1
47014450,知事,（株）ＡＩ．Ｐｒｏ,有本 幸士,901-2304,中頭郡北中城村,字屋宜原７１７－１－２０１,098-933-7155,3000,法人,消,,R030913,0,電気・設備工事,1
47014759,知事,（合）ＩＰＷＯＲＫＳ,新垣 直樹,901-0322,糸満市,字与座１２１６,098-996-4312,2500,法人,建大屋タ内,,R041104,0,建設業（総合）,1
000028280,大臣,（株）アイム・ユニバース建設,藍川 眞樹,901-2114,浦添市,安波茶２－１－２,098-988-1168,100000,法人,土建大左と石屋タ鋼筋舗し板ガ塗防内絶具水,1,R030928,,建設業（総合）,1
47011632,知事,（株）アイムホーム,三家本 真大,904-0103,中頭郡北谷町,桑江１－７－１２,098-989-1659,20000,法人,建大左と石屋タ鋼筋板ガ塗防内絶具,1,R061029,12,建設業（総合）,1
47015261,知事,（株）アイムホームパートナーズ,伊佐 忠次,904-0103,中頭郡北谷町,桑江１－７－１２,098-989-1659,5000,法人,建大左と石屋タ鋼筋板ガ塗防内絶具解,,R061227,0,建設業（総合）,1
47014228,知事,（有）Ｉ ＬＩＦＥ地建,山田 麻紀乃,906-0104,宮古島市,城辺字比嘉８８４－２,090-4511-9168,18000,法人,土建と石電管鋼舗園水,,R021225,5,建設業（総合）,
47012709,知事,（株）アイランドエコロジー,黒島 広正,907-0001,石垣市,字大浜４１５－１１,0980-87-5680,10000,法人,建電管,,R070320 R070324,12,建設業（総合）,
47015376,知事,ＩＳＬＡＮＤＳＣＡＰＥ（株）,池田 和法,906-0015,宮古島市,平良久貝８８４－６,090-3650-8560,5000,法人,建大屋タ鋼内,,R070620,0,建設業（総合）,
47014211,知事,（株）アイランド総合メンテナンス,新里 幸盛,906-0203,宮古島市,上野字宮国９０７,0980-76-6405,10000,法人,土と石鋼舗し園水,,R021204,5,建設業（総合）,
47015236,知事,（株）アイ冷機サービス,古波藏 功,901-2406,中頭郡中城村,字当間６１,098-894-9538,3000,法人,管,,R061113,0,電気・設備工事,1
47013739,知事,（合）ＡＩＷＡ沖縄,豊見山 徹,906-0013,宮古島市,平良字下里６２９－２,0980-73-0138,1000,法人,筋,,R060705,5,その他専門工事,
47012296,知事,アイワ企画（株）,石川 航,904-1115,うるま市,石川伊波９９３,098-911-8014,20000,法人,土建大左と石屋タ鋼筋舗し板ガ塗防内絶具水解,1,R030910 R050604,12,建設業（総合）,1
47012382,知事,（有）アイワ技研,島袋 賢,901-2412,中頭郡中城村,字奥間１５２,098-895-1966,3000,法人,土と電管舗水,,R051107,12,建設業（総合）,1
47013027,知事,（株）あうん工房,森本 健,902-0066,那覇市,大道９０－４,098-995-9326,3000,法人,建大屋タガ塗防内具,,R030804,8,建設業（総合）,1
47012529,知事,葵組,伊江 太作,903-0125,中頭郡西原町,上原２－２５－１４,098-944-4020,,個人,大と,,R070612,12,その他専門工事,1
47015110,知事,あおい建装（株）,宮城 卓朗,901-1414,南城市,佐敷字津波古４２４－２,098-947-0578,1000,法人,塗防,,R060419,0,塗装・防水,1
47013134,知事,（株）ＡＯＩ建築工房,丹山 実,906-0012,宮古島市,平良字西里１０－３ 比嘉ビル１Ｆ,0980-79-0937,500,法人,建大内,,R040112,8,建設業（総合）,
47006613,知事,（有）あおい設備工業,津覇 馨,903-0804,那覇市,首里石嶺町４－４１８－２０,098-884-1644,3000,法人,土建と石管舗水,,R030703,28,建設業（総合）,1
47013561,知事,碧城建設（株）,金城 操,904-2172,沖縄市,泡瀬４－３０－９,098-989-5207,1000,法人,建大屋タ内,,R050928,8,建設業（総合）,1
47013774,知事,（有）碧凰建設,上原 律江,904-2154,沖縄市,東２－４－１ なのはな１０５号室,098-989-1895,3000,法人,土建大左と石屋タ鋼筋舗し板ガ塗防内絶具水解,,R060906,5,建設業（総合）,1
47012655,知事,（株）あおぞらコーポレーション,日高 清仁,903-0125,中頭郡西原町,上原１－１３－２２－２Ｆ,098-870-3773,15000,法人,大と,,R070522,12,その他専門工事,1
47013598,知事,（合）あおぞら電設,伊藤 嘉寛,901-1117,島尻郡南風原町,字津嘉山１３０８－２マハロ４０２,070-5814-3231,1000,法人,電,,R051207,8,電気・設備工事,1
47009748,知事,（有）あおば建設,大石根 正晃,904-2303,うるま市,与那城１６３,098-978-8940,10000,法人,土と石鋼舗水解,,R041224,20,建設業（総合）,1
47008307,知事,（有）あかつき衛生,新垣 正和,902-0074,那覇市,仲井真２０５－３,098-853-5004,10000,法人,管,,R041009,20,電気・設備工事,1
47007298,知事,（有）阿嘉電水設備,阿嘉 和子,905-0214,国頭郡本部町,字渡久地１７０－１,0980-47-2943,5000,法人,土建と石電管鋼舗水,,R040205,28,建設業（総合）,
47014927,知事,（株）ａｋａｎｅ電気土木,瀬名波 翔太,905-1156,名護市,字古我知６２６－２２,0980-59-5713,5000,法人,土と石電鋼舗し塗水消,,R050707,0,建設業（総合）,
47010051,知事,（有）赤嶺光一材木,赤嶺 賢吾,900-0025,那覇市,壺川２－１３－３４,098-853-1383,10000,法人,建大具,,R030417,15,建設業（総合）,1
47005193,知事,赤嶺工業（株）,赤嶺 悟,904-2215,うるま市,みどり町６－１５－５,098-972-6622,10000,法人,土建と石管舗機水,,R030711,35,建設業（総合）,1
47013352,知事,（合）赤嶺設備,赤嶺 盛男,901-0224,豊見城市,字与根２１２－３０,098-850-0914,300,法人,管,,R041108,8,電気・設備工事,1
47004007,知事,（有）赤嶺総合造園,赤嶺 良治,901-0223,豊見城市,字翁長８６９－９,098-850-3466,40000,法人,土と石舗園水,1,R040815,35,建設業（総合）,1
47011536,知事,東江開発（株）,東江 勝,904-2143,沖縄市,知花５－３９－３,098-979-6170,29500,法人,土建と石鋼舗し塗園水解,1,R050628,12,建設業（総合）,1
47008326,知事,（株）東江ガス,東江 成美,901-2132,浦添市,伊祖３－３２－５,098-877-2515,25000,法人,管,,R030820,20,電気・設備工事,1
47014678,知事,（株）東江組,東江 紀幸,901-0304,糸満市,西川町１８－１３、１階,098-995-9541,5000,法人,土建大左と石屋タ鋼筋舗し板ガ塗防内絶具水解,,R040722 R050523 R060517,0,建設業（総合）,1
47003904,知事,（株）東江建設,東江 丈二,901-2121,浦添市,内間１－１０－７,098-877-1373,100000,法人,土建大左と石屋タ鋼筋舗し板ガ塗防内絶具水解,1,R041009,35,建設業（総合）,1
47006147,知事,（株）東江鉄筋工業,東江 浩也,904-2235,うるま市,字前原７６－６,098-974-2170,1000,法人,筋,,R050615,28,その他専門工事,1
47002719,知事,（株）東江電気工事,東江 清隆,904-0204,中頭郡嘉手納町,字水釜６－５－１８,098-956-2298,30000,法人,土と石電管鋼舗し塗水解,1,R041102 R070122,35,建設業（総合）,1
47009871,知事,（有）東江ポンプ,東江 正人,902-0073,那覇市,字上間３３８,098-836-7740,5000,法人,土と石管鋼舗機井水消,,R070606,20,建設業（総合）,1
47008054,知事,（株）東崎興業,仲里 一也,903-0105,中頭郡西原町,字東崎４－６,098-946-0173,10000,法人,土と石舗し水,,R050116,20,建設業（総合）,1
47015031,知事,（合）東桃原土建,桃原 巧,904-2425,うるま市,与那城桃原１２２,098-977-7550,500,法人,土と石鋼舗し水解,,R051222,0,建設業（総合）,1
47013936,知事,（株）東山エンジニア,前田 秀和,904-1106,うるま市,石川１－４４－２４,098-965-4719,1000,法人,管,,R070403,5,電気・設備工事,1
47013716,知事,ＡＫＩ（株）,宮城 俊介,901-2403,中頭郡中城村,字伊舎堂６４７－３、１Ｆ,098-917-5671,3000,法人,大左石屋タ板ガ塗防内絶具,,R060625,5,塗装・防水,1
47014960,知事,明壱工業,辺土名 将一,901-2204,宜野湾市,上原２－１３－１１ 比嘉アパートＡ－１,098-963-6086,,個人,筋,,R050901,0,その他専門工事,1
47013039,知事,（株）暁組,前泊 みどり,901-2422,中頭郡中城村,字新垣１８９２－１,098-895-7051,3000,法人,土建大と石タ鋼筋舗し水,,R030822,8,建設業（総合）,1
47008232,知事,（有）秋建設,伊計 高秋,901-2316,中頭郡北中城村,字安谷屋２０５－１,098-923-3820,30000,法人,土建大と石屋タ鋼舗内水解,1,R030408,20,建設業（総合）,1
47009548,知事,（有）昭建設,金城 昭一郎,905-1412,国頭郡国頭村,字奥間３３７－１７,0980-41-3034,25000,法人,土建大左と石屋管タ鋼筋舗しガ塗防内園具水解,1,R050309 R070818,20,建設業（総合）,
47009758,知事,（有）明城建設,金城 恒雄,901-2111,浦添市,字経塚４１７,098-876-6063,20000,法人,建,,R060519,20,建設業（総合）,1
47013250,知事,（株）朗建設,安次嶺 盛朗,902-0074,那覇市,字仲井真２９４－２ 前平アパート３０１,098-987-4270,5000,法人,建,,R040718,8,建設業（総合）,1
47013287,知事,（株）明・輝・建設,田場 直明,904-2301,うるま市,与那城照間１６９４,098-989-1265,5000,法人,土建大左と石屋タ鋼筋舗し板ガ塗防内絶具水解,,R040823,8,建設業（総合）,1
47012588,知事,（株）明工業,辺土名 洋明,901-2422,中頭郡中城村,字新垣１８９６－１,098-963-9426,2000,法人,筋,,R061006,12,その他専門工事,1
47012771,知事,明工業（株）,比嘉 直明,901-2205,宜野湾市,赤道２－８－２８,098-911-0200,1000,法人,内,,R070626,12,内装工事,1
47011837,知事,アキコーポレーション,黒島 永昭,901-2101,浦添市,西原１－１９－１６又吉荘Ｂ棟１０１,098-975-5068,,個人,土建大と石舗内水,,R070930,12,建設業（総合）,1
47010820,知事,明ステンレス工業,大城 敏明,905-1154,名護市,字呉我６９７－１,0980-58-3011,,個人,鋼,,R070511,15,その他専門工事,
47014013,知事,あき畳店,宮国 良明,901-2121,浦添市,内間５－６－５,098-877-4399,,個人,内,,R070612,5,内装工事,1
47014358,知事,（株）アキテクノ,我謝 宗昭,903-0117,中頭郡西原町,字翁長６１７－２ １Ｆ,098-988-4633,3000,法人,建,,R030611,5,建設業（総合）,1
47013037,知事,（株）昭電気工事,上原 昭人,901-0361,糸満市,字糸満５９８,098-994-3711,3000,法人,電,,R030822,8,電気・設備工事,1
47012837,知事,（合）昭浩建設,宮里 正昭,904-1201,国頭郡金武町,字金武３９９３,098-923-5795,2000,法人,土と石電鋼舗し水解,,R060508,12,建設業（総合）,
47012463,知事,（株）明正電設,伊波 明正,904-1106,うるま市,石川２－３６－１５,098-965-1270,5000,法人,土と石電管鋼舗し水,,R060313,12,建設業（総合）,1
47013891,知事,（株）アキラ,仲地 宗史,901-2222,宜野湾市,喜友名１－３０－１,098-893-5515,10000,法人,建解,,R070207,5,建設業（総合）,1
47012170,知事,（合）聖企画,眞保榮 豊,901-0512,島尻郡八重瀬町,字具志頭３１４－５,098-998-8702,5000,法人,電,,R041011,12,電気・設備工事,1
47013427,知事,章電設（株）,島袋 章,904-2166,沖縄市,古謝津嘉山町８－１,098-939-7141,8000,法人,建電,,R050328,8,建設業（総合）,1
47013736,知事,（株）アクア,砂川 英明,903-0128,中頭郡西原町,字森川１６６,098-882-8101,3000,法人,土建と石鋼舗し塗水,,R060529,5,建設業（総合）,1
47013826,知事,アクア防災工業（株）,座間味 和哉,904-2173,沖縄市,比屋根６－８－３４,098-989-1563,10000,法人,管消,,R061115,5,電気・設備工事,1
47011579,知事,（有）アクシア技検,德村 智,904-2224,うるま市,字大田５８０－１,098-989-7419,3000,法人,電,,R060812,12,電気・設備工事,1
47011431,知事,（有）アクシス,野原 正孝,900-0004,那覇市,銘苅１－２－１ハビテーションマルカ１０３,098-951-3792,3000,法人,建大屋タ内,,R051008,12,建設業（総合）,1
47010150,知事,（有）アクセス,平良 聡一郎,907-0022,石垣市,字大川１５３６－１６,0980-88-7158,5000,法人,土と石鋼舗し水解,,R030802,15,建設業（総合）,
47014299,知事,（株）Ａｃｃｅｓｓ Ｅｎｇｉｎｅｅｒ’Ｔ,仲宗根 龍温,904-2153,沖縄市,美里３－７－１１,098-989-0152,1110,法人,管,,R030409,5,電気・設備工事,1
47013582,知事,アクセス沖縄,大城 善昭,901-0202,豊見城市,字嘉数４６７,098-987-0703,,個人,土と石鋼舗水,,R051116,8,建設業（総合）,1
47014315,知事,（株）アクタス産業,砂川 豊藏,901-0306,糸満市,西崎町５－１０－１６,098-994-8866,10000,法人,大左石屋タ板ガ塗防内絶具,,R030423,5,塗装・防水,1
47014750,知事,（株）ａｃｔｉｖｅ,野原 篤,901-1104,島尻郡南風原町,字宮平６２７－２０２,098-911-5855,3000,法人,通,,R041021,0,電気・設備工事,1
47005538,知事,アクティブ工業（株）,比嘉 良仁,901-2121,浦添市,内間５－４－７,098-878-6347,20000,法人,土と石管鋼舗し塗機水消清,1,R060913,35,建設業（総合）,1
47015019,知事,（株）ＡＣＴ,新垣 光也,901-1115,島尻郡南風原町,字山川３７４,090-1362-7306,1000,法人,管,,R051208,0,電気・設備工事,1
47004309,知事,粟國建設（株）,粟國 浩榮,901-2112,浦添市,沢岻１－４７－１９,098-877-8049,8000,法人,大,,R031020,35,その他専門工事,1
47013088,知事,アクロス琉球（株）,首里 淳治,904-2153,沖縄市,美里３－２４－７コーラルリーフ１０５,098-987-8611,14000,法人,土建大左と石屋タ鋼筋舗し板ガ塗防内絶具水解,,R031031,8,建設業（総合）,1
47001938,知事,アゲダ空調食品設備（株）,安村 順司,901-2316,中頭郡北中城村,字安谷屋１４５３,098-935-3600,42600,法人,電管,1,R070731,35,電気・設備工事,1
47014643,知事,安慶名技建（株）,安慶名 盛政,904-0011,沖縄市,照屋１－３３－１２,098-959-9701,1000,法人,土と石鋼舗し水解,,R040603,0,建設業（総合）,1
47013669,知事,（合）安慶名重機,安慶名 勝之,901-0412,島尻郡八重瀬町,字上田原２－１,098-959-6176,300,法人,土と石管鋼舗し水解,,R060509,8,建設業（総合）,1
47014353,知事,（株）安慶名土建,安慶名 要市,904-2241,うるま市,字兼箇段１０７９－２ コーポＹＫ２０１,098-989-8153,5000,法人,土と石鋼舗し水解,,R030618,5,建設業（総合）,1
47001805,知事,（有）曙開発,仲村 英明,901-0406,島尻郡八重瀬町,字屋宜原５２７－１０,098-998-5987,10000,法人,土建と石管舗し園水,,R040608,35,建設業（総合）,1
47014092,知事,曙電機,楚南 智晴,900-0003,那覇市,安謝２５３－３,098-863-5421,,個人,電,,R020814,5,電気・設備工事,1
47014378,知事,曙電気設備,宮城 茂,904-1107,うるま市,石川曙２－１６－４８,098-965-2294,,個人,電,,R030702,5,電気・設備工事,1
47012289,知事,阿浩組,名嘉 徳浩,901-2113,浦添市,大平１－１４－１５－１０５,098-875-0469,,個人,と,,R050531,12,その他専門工事,1
47009760,知事,（有）阿香建設,志喜屋 勉,907-0023,石垣市,字石垣４３０－１７,0980-83-0225,5000,法人,土と石鋼舗し水,,R061203,20,建設業（総合）,
47004731,知事,（有）安護建設工業,安護 宗成,905-0211,国頭郡本部町,字東１１９,0980-47-2894,20000,法人,土建大左と石屋電管タ鋼筋舗し塗防内園具水解,1,R070210,35,建設業（総合）,
47012510,知事,（株）浅商,浅田 義則,901-0223,豊見城市,字翁長８５３－５,098-850-5545,5000,法人,土と石鋼舗し塗水解,,R060526,12,建設業（総合）,1
47015313,知事,（株）アサト,安里 晴夫,901-2128,浦添市,伊奈武瀬１－４－９,098-862-8734,1000,法人,防,,R070314,0,塗装・防水,1
47001480,知事,安里ガラス店,安里 正三,901-0306,糸満市,西崎町５－９－１０,098-994-6631,,個人,ガ,,R030227,35,その他専門工事,1
47013847,知事,（株）アサト技研,安里 保,904-2165,沖縄市,宮里４－３２－２９,098-937-1879,5000,法人,管,,R061206,5,電気・設備工事,1
47011531,知事,安里組,安里 讓二,900-0024,那覇市,古波蔵１－８－７アンリマンション３０２,098-853-6070,,個人,と,,R060603,12,その他専門工事,1
47014424,知事,安里組,安里 悟,904-2215,うるま市,みどり町１－１２－４,098-973-3530,,個人,土建大と石鋼舗し水,,R030813 R031223,0,建設業（総合）,1
47009379,知事,安里建設,安里 清,904-2311,うるま市,勝連南風原４３２８,098-978-3273,,個人,建大,,R050107,20,建設業（総合）,1
47009668,知事,安里建設,上原 清一,900-0012,那覇市,泊１－１１－５ 中山アパート２０１,098-863-2526,,個人,タ,,R060624,20,その他専門工事,1
47011782,知事,安里工業,安里 靖,904-2236,うるま市,喜仲１－５－３３,098-973-0857,,個人,管,,R070624,12,電気・設備工事,1
47014059,知事,安里工務店,安里 和記,904-0103,中頭郡北谷町,字桑江６４６－３ 玉那覇アパート２０３,098-921-7860,,個人,大,,R020717,5,その他専門工事,1
47010693,知事,（株）安里造園土木,安里 卓,905-0211,国頭郡本部町,字東４８４－１,0980-47-3921,4500,法人,土と石鋼舗し園水,,R060630,15,建設業（総合）,
47007450,知事,（有）アサト電気,安里 昌廣,901-1303,島尻郡与那原町,字与那原１１５１－２,098-945-1988,20000,法人,土と石電管鋼舗し水消,1,R051023,28,建設業（総合）,1
47014699,知事,（合）安里電気工事,安里 稔,901-2311,中頭郡北中城村,字喜舎場２３１,098-935-2731,1000,法人,電,,R040805,0,電気・設備工事,1
47015055,知事,安里塗装工業,安里 健,904-2142,沖縄市,字登川３８８,098-911-3417,,個人,土建大左と石屋タ鋼筋舗し板ガ塗防内絶具水,,R060202,0,建設業（総合）,1
47013840,知事,（株）朝野工業,福原 侑希,904-1201,国頭郡金武町,字金武４３１２,098-989-7285,5000,法人,左,,R061129,5,その他専門工事,
47004874,知事,（株）朝日,朝日 睦雄,901-0301,糸満市,字阿波根５４５－５,098-995-2020,30000,法人,建大と屋タ鋼内,1,R040401 R040902,35,建設業（総合）,1
47007738,知事,（株）アサヒ,福重 勉,900-0012,那覇市,泊２－１－１１,098-869-5990,49000,法人,土大左と石屋電管タ鋼舗し板ガ塗防内絶具水,,R031106,28,建設業（総合）,1
47012752,知事,（有）あさひ,下地 弘晃,906-0012,宮古島市,平良字西里５８３,0980-72-3325,10000,法人,建大左と石屋タ鋼筋板ガ塗防内絶具解,,R060620,12,建設業（総合）,
47010883,知事,（有）アサヒエンジニア,比嘉 初枝,904-0202,中頭郡嘉手納町,屋良１－１１－８,098-921-5354,5000,法人,土建と石電管舗水消,,R070829,15,建設業（総合）,1
47013608,知事,（有）アサヒエンジニアリング,識名 陽之,901-1104,島尻郡南風原町,字宮平８５,098-888-1155,3000,法人,管,,R051214,8,電気・設備工事,1
47000596,知事,旭建設（株）,奥田 貴光,904-0112,中頭郡北谷町,字浜川４８,098-936-2267,49000,法人,土建大左と石屋タ鋼筋舗し板ガ塗防内絶具水解,1,R030501,35,建設業（総合）,1
47001766,知事,（株）朝日建設工業,狩俣 政吉,906-0007,宮古島市,平良字東仲宗根８２１－１０,0980-72-7636,40000,法人,土建と石電管鋼舗し園水消,1,R060818,35,建設業（総合）,
47009781,知事,（有）朝日建設工業,池村 昭男,904-0105,中頭郡北谷町,字吉原７１６－３２,098-923-1375,3000,法人,土と石管鋼舗水,,R061227,20,建設業（総合）,1
47010374,知事,朝日工業（株）,照屋 清正,901-0306,糸満市,西崎町５－１０－１７,098-840-3311,30000,法人,建大左と石屋タ鋼筋板ガ塗防内絶具解,1,R051227 R070117,15,建設業（総合）,1
47009614,知事,（有）朝日興業企画,喜瀬 朝夫,905-0021,名護市,東江５－９－２３,0980-52-1588,5000,法人,建大と電タ鋼筋,,R050210,20,建設業（総合）,
47010879,知事,（有）旭日工芸,宮城 ますみ,901-1203,南城市,大里字大城２３１６－２,098-946-9221,3000,法人,土建大左と石屋タ舗板ガ塗防内絶具,,R070812,15,建設業（総合）,1
47002737,知事,（資）朝日産業,照屋 正,904-0301,中頭郡読谷村,字座喜味１９０７－３,098-956-1232,8000,法人,土建大と石屋タ鋼舗し内水,,R020810,35,建設業（総合）,1
47015448,知事,朝日穿孔,儀間 正利,901-1112,島尻郡南風原町,字本部４３４－１９ Ｄ－７６,098-917-0019,,個人,と,,R070912,0,その他専門工事,1
47012193,知事,（株）旭造園,安慶名 勝,904-2223,うるま市,字具志川２０３,098-989-8121,1000,法人,園,,R041206,12,その他専門工事,1
47014573,知事,（株）旭タイル商会,玉城 里志,901-2126,浦添市,宮城６－５－１３,098-877-5983,3500,法人,土と石タ鋼舗し水,,R040311,0,建設業（総合）,1
47001637,知事,旭電気工事社,堀川 勲,904-2214,うるま市,安慶名３－５－１３,098-972-5656,,個人,電,,R070713,35,電気・設備工事,1
47014431,知事,アサヒ電工,伊芸 清政,904-1201,国頭郡金武町,字金武５５３２,098-989-9908,,個人,電,,R030813,0,電気・設備工事,
47013602,知事,アサヒナ工務店（株）,奥平 朝之,901-2203,宜野湾市,野嵩１ー４８－４,098-988-7339,3000,法人,土建大と石鋼舗し水解,,R051207,8,建設業（総合）,1
47006389,知事,（株）アサヒプラント,中本 宏,901-0156,那覇市,田原４－８－２,098-858-0388,30000,法人,電管機絶消,1,R021117 R040113,28,電気・設備工事,1
47011122,知事,（株）朝日ホ－ム２１,前川 朝計,901-2114,浦添市,安波茶２－１０－１,098-877-3286,5000,法人,土建大と石屋タ鋼舗し塗内園水,,R030919 R051025,15,建設業（総合）,1
47010982,知事,（株）旭メタル工業,神里 悟,901-1104,島尻郡南風原町,字宮平９０８－１,098-851-4785,20000,法人,建大左と石屋タ鋼筋板ガ塗防内絶具,,R030222,15,建設業（総合）,1
47010123,知事,あざま建設,安座間 喜男,903-0127,中頭郡西原町,字徳佐田３０－２,098-945-4438,,個人,土建大と石屋タ鋼舗し塗防内具水,,R030705,15,建設業（総合）,1
47011860,知事,アザマ土木,安座間 克,904-2232,うるま市,字川田２２７－１,098-989-4119,,個人,土と石鋼舗し塗水,,R021122,12,建設業（総合）,1
47009976,知事,（株）アジアエンジニアリング,久田 友徳,904-2245,うるま市,字赤道６８２－５ウォーカーヒル＊１０１,098-974-5104,40000,法人,土と石電管鋼舗し通水,1,R050104 R060312,20,建設業（総合）,1
47005838,知事,アジア海洋沖縄（株）,吉岡 修平,900-0012,那覇市,泊３－１－６,098-868-5914,20000,法人,土と石鋼舗し塗水解,1,R031005,35,建設業（総合）,1
47013812,知事,（有）アジアストーン,湧川 浩,904-0032,沖縄市,諸見里１－２１－１０,098-932-7690,10000,法人,土と石鋼舗し水,,R061025,5,建設業（総合）,1
47015050,知事,（株）アジアテラス,久高 友昭,901-2104,浦添市,当山３－２－２－１０１,098-871-2970,3000,法人,土建と石鋼舗し水,,R060126,0,建設業（総合）,1
47000029,知事,アジアペイント（株）,徳村 篤志,901-2131,浦添市,牧港５－３－５,098-877-2201,6100,法人,塗防,,R040319,35,塗装・防水,1
47013479,知事,（株）ＡＳＳＩＳＴ,金城 譲治,901-0314,糸満市,字座波６９０－３仙原マンション１Ｆ,090-2719-8059,1000,法人,筋,,R050607,8,その他専門工事,1
47013481,知事,（株）アシスト,小禄 勝也,901-2221,宜野湾市,伊佐２－４－２ アシストビル１階,098-943-2010,5000,法人,建,,R050615,8,建設業（総合）,1
47014392,知事,（株）アシスト沖縄,友利 敦,901-2215,宜野湾市,真栄原２－１２－１０,098-943-4718,1000,法人,土建と石鋼舗水,,R030709,5,建設業（総合）,1
47012233,知事,アシスト２１,当真 嗣合,902-0061,那覇市,古島２－３－３,098-887-1767,,個人,建大屋タ内,,R050304,12,建設業（総合）,1
47013300,知事,（株）アシスト冷熱工業,奥原 聡彦,901-2126,浦添市,宮城３－７－５,098-988-3586,3000,法人,管機,,R040908 R070609,8,電気・設備工事,1
47008454,知事,（有）安次嶺ガラス,安次嶺 承健,904-0103,中頭郡北谷町,字桑江３６４－４,098-936-0277,5000,法人,ガ,,R040517,20,その他専門工事,1
47013803,知事,（株）安謝鋳物商事,仲宗根 重人,901-2104,浦添市,当山１－３－８,098-877-7880,20000,法人,土と石管鋼舗し水,,R061011,5,建設業（総合）,1
47012031,知事,（有）アジャスト,仲本 達志,904-2223,うるま市,字具志川２４７６,098-973-8661,10000,法人,土と石鋼舗し水解,,R031201,12,建設業（総合）,1
47003948,知事,（株）安謝橋電機,平良 博,901-2101,浦添市,西原２－１－３,098-877-7802,22000,法人,土と石電管鋼舗機通水解,1,R040902,35,建設業（総合）,1
47012589,知事,（株）明香工務店,中村 明香,904-2161,沖縄市,古謝３－７－５ キャッスル古謝２０８号室,098-989-8352,3700,法人,土建大と石屋タ鋼舗し内水解,,R061008,12,建設業（総合）,1
47006079,知事,アスク沖縄（株）,松岡 勝男,901-0153,那覇市,宇栄原５－１－１,098-891-9355,20000,法人,土建大左と石屋管タ鋼舗し板ガ塗防内絶具水解,1,R030820 R060214,28,建設業（総合）,1
47012040,知事,（株）アステックペイント,菅原 徹,901-2224,宜野湾市,真志喜１－１－６,098-988-3118,72765,法人,大左石屋タ板ガ塗防内絶具,,R070101,12,塗装・防水,1
47013197,知事,（株）アステル,佐野 卓,901-0311,糸満市,字竹富８２３－１,090-9789-8818,5000,法人,建,,R040509,8,建設業（総合）,1
47000165,知事,（有）あすなろ開発,根間 和美,901-2126,浦添市,宮城６－１８－２６ 玉寄アパート１０５,098-943-3464,10000,法人,土と石管舗塗水,,R040524,35,建設業（総合）,1
47013111,知事,（株）あすなろ建設,仲松 末一,904-0012,沖縄市,安慶田４－２－１５－１０２,098-930-3333,5000,法人,建解,,R031219,8,建設業（総合）,1
47013785,知事,アスパル（株）,本間 敏文,900-0015,那覇市,久茂地２－１７－１７,098-851-4577,3000,法人,建大屋タ内,,R060920,5,建設業（総合）,1
47015430,知事,（株）アスピレイション,堀江 裕二,901-2301,中頭郡北中城村,字島袋１４１－１３,080-6425-4331,1000,法人,通,,R070822,0,電気・設備工事,1
47014412,知事,（株）ＡＺホーム,安里 豊,904-0103,中頭郡北谷町,桑江１－５－１０ ローズマンション１０２,098-988-7286,1000,法人,建大屋タ内,,R030726,0,建設業（総合）,1
47015366,知事,ａｚｕｍａ空設,東 誠,901-2134,浦添市,字港川５４３ Ｄ－１３,098-959-6077,,個人,管,,R070606,0,電気・設備工事,1
47011691,知事,東組,東 與一,901-2302,中頭郡北中城村,字渡口１７１９－２,098-935-4730,,個人,土と石鋼舗し水,,R070212,12,建設業（総合）,1
47001401,知事,東建設,東江 良吉,904-2151,沖縄市,松本３－１７－３８,098-937-5870,,個人,建,,R020713,35,建設業（総合）,1
47001580,知事,東建設（株）,東 賢一,901-2222,宜野湾市,喜友名２－１４－２,098-892-2272,30000,法人,土建と石鋼舗水解,1,R040226 R060712,35,建設業（総合）,1
47014197,知事,（株）東工業,東 博樹,904-0105,中頭郡北谷町,字吉原９８６番地,098-926-5810,5000,法人,土建大と石屋タ鋼舗し内水,,R021120,5,建設業（総合）,1
47005900,知事,（株）東商会,玉城 寛,901-1206,南城市,大里字仲間４８１－１,098-988-6868,10000,法人,建大内,,R070714,35,建設業（総合）,1
47011924,知事,（株）アスワン琉球．ｃｏｍ,新垣 義将,901-0153,那覇市,宇栄原３－１６－５３ ｒｏｂｃｏｎｄ１０１,098-851-3247,5000,法人,内,,R030405,12,内装工事,1
47004509,知事,（有）阿孝設備,阿部 孝行,901-2212,宜野湾市,長田１－１４－１２,098-892-1822,3000,法人,管,,R040910,35,電気・設備工事,1
47000433,知事,安谷屋組,安谷屋 綱行,901-0416,島尻郡八重瀬町,字宜次６５０－５,098-998-5887,,個人,建,,R041117,35,建設業（総合）,1
47013344,知事,（株）アタリ塗装工業,新門 勝也,904-2153,沖縄市,美里仲原町１４－２４,098-934-3144,1500,法人,塗防,,R041027,8,塗装・防水,1
47011033,知事,（有）圧送沖縄,赤嶺 忠,901-0223,豊見城市,字翁長６４５－４,098-850-3547,3000,法人,と,,R030427,15,その他専門工事,1
47015297,知事,（株）ａｔ,富元 亜希子,901-0305,糸満市,西崎２－８－２高木店舗１０２,098-994-8020,2000,法人,建内,,R070225,0,建設業（総合）,1
47013672,知事,（有）あづま冷凍機,東 直行,903-0127,中頭郡西原町,字徳佐田３８－１,098-944-5674,3000,法人,管,,R060509,8,電気・設備工事,1
47013922,知事,（株）安住．区,安慶名 辰也,901-2102,浦添市,前田３－１－２０ １Ｆ,098-876-2339,5000,法人,建大屋電タ内,,R021105 R050314,5,建設業（総合）,1
47012717,知事,（株）アドイースト,宮城 渡,901-2406,中頭郡中城村,当間５６６－４,098-942-3786,3000,法人,と,,R070403,12,その他専門工事,1
47000276,知事,（有）アドーン開発,座波 保宏,901-1301,島尻郡与那原町,字板良敷１１５番地の１,098-882-8207,10000,法人,土と石鋼舗し水解,,R070524,35,建設業（総合）,1
47014950,知事,ＡＤＳＴＡＲ（株）,松尾 由美,900-0012,那覇市,泊２－１－１８ Ｔ＆Ｃ泊ビル６階,098-943-7818,9500,法人,電,,R050810,0,電気・設備工事,1
47010232,知事,（株）アドプロ,德永 修一,901-2223,宜野湾市,大山２－１－６,098-943-5170,10000,法人,大左と石屋タ板ガ塗防内絶具,,R031227,15,塗装・防水,1
47014871,知事,（株）ＡＴＯＭＣＲＡＦＴ,安間 匡,904-1107,うるま市,石川曙２－３－１ １Ｆ,098-987-8842,1000,法人,土建大と石屋タ鋼舗し塗内水,,R050428,0,建設業（総合）,1
47012590,知事,（株）アトムホーム,宮平 克哉,901-2224,宜野湾市,真志喜１－１－３ １０４号,098-988-1064,60000,法人,土建と石電管鋼舗し水解,,R030902,12,建設業（総合）,1
47014578,知事,ＡＴＥＬＩＥＲ ＮＵＫ,佐々木 幸史郎,901-2301,中頭郡北中城村,字島袋１４２９－１ ＣＨ－２,098-955-1772,,個人,建大屋タ内,,R040311,0,建設業（総合）,1
47011097,知事,（有）アトリエ城建,新城 和弘,900-0004,那覇市,銘苅２－６－３５,098-864-5948,5000,法人,建大屋タ内,,R030811,15,建設業（総合）,1
47005575,知事,（有）アトレ,親泊 仲眞,902-0071,那覇市,繁多川２－６－７,098-834-7430,3000,法人,内,,R030319,35,内装工事,1
47007599,知事,阿波グループ,阿波根 直明,904-0305,中頭郡読谷村,字都屋９－５,098-956-7878,,個人,大,,R030808,28,その他専門工事,1
47009889,知事,（有）安波茶電機,諸見 元弘,901-2114,浦添市,安波茶３－３６－５,098-879-8839,5000,法人,電消,,R070714,20,電気・設備工事,1
47012004,知事,阿波根建設,阿波根 弘光,906-0006,宮古島市,平良字西仲宗根６９１－１,0980-73-6117,,個人,建,,R030930,12,建設業（総合）,
47015095,知事,ＡｆｆｉｎｉｔｙＨｏｕｓｉｎｇ（株）,椎名 淳一,904-0113,中頭郡北谷町,字宮城３－１７７,098-923-3552,5000,法人,建大左と石屋タ鋼筋板ガ塗防内絶具,,R060329,0,建設業（総合）,1
47012084,知事,（合）アフター,山城 幸夫,901-0512,島尻郡八重瀬町,字具志頭１３７６－１,098-996-2803,5000,法人,建内,,R040501,12,建設業（総合）,1
47014747,知事,天川建装,天川 和幸,904-2307,うるま市,与那城饒辺１５－１,098-978-7089,,個人,内,,R041014,0,内装工事,1
47014070,知事,亜海設備,高橋 幸司,901-2413,中頭郡中城村,津覇５グリーンサイドマンション３０３,090-3053-0091,,個人,管,,R070727,5,電気・設備工事,1
47011812,知事,（株）アミティ・ジャパン,末吉 洋次郎,902-0064,那覇市,寄宮２－２９－７,098-834-1004,5000,法人,電,,R070810,12,電気・設備工事,1
47007895,知事,（株）天久重機,赤嶺 太一,900-0002,那覇市,曙２－３－２０,098-861-2833,10000,法人,と,,R070615,28,その他専門工事,1
47012943,知事,（株）天久重機工業,赤嶺 太一,900-0002,那覇市,曙２－３－２０,098-860-8265,1000,法人,と,,R030419,8,その他専門工事,1
47008983,知事,（株）アメニス空調,奥浜 真潤,904-2174,沖縄市,与儀３－１８－１８,098-933-8610,20000,法人,土と石管鋼舗し水解,,R031108 R060808,20,建設業（総合）,1
000024146,大臣,アメリカンエンジニアリングコーポレーション,ケネス マークエクス,901-2223,宜野湾市,大山７－１１－４７,098-897-6781,31540,法人,土建大左と石屋電管タ鋼筋舗し板ガ塗防内機絶通園具水消解,1,R030902 R040921,,建設業（総合）,1
47014248,知事,（株）綾力,金城 力,901-0362,糸満市,字真栄里２０１３－１０,098-953-0985,1000,法人,塗,,R030129,5,塗装・防水,1
47011696,知事,（株）美橋建設,外間 剛,904-2233,うるま市,字豊原２４３－１ オキナワハウス１階２,098-989-8246,10000,法人,土建大と石屋タ鋼舗し塗内水,,R070224,12,建設業（総合）,1
47014416,知事,（株）あやぱにＦＡＭＩＬＹ,仲田 彩,901-1301,島尻郡与那原町,字板良敷１４１１,070-3801-9976,1000,法人,と,,R030730,0,その他専門工事,1
47015010,知事,（合）歩工業,眞玉橋 朝巳,904-2172,沖縄市,泡瀬１－２３－５,098-927-2144,500,法人,と解,,R051124,0,その他専門工事,1
47013917,知事,新井エンジニアリング,新井 順治,904-2162,沖縄市,海邦１－７－２７,098-927-8055,,個人,電,,R070319,5,電気・設備工事,1
47006730,知事,（有）新居開発,大濵 設力,900-0023,那覇市,楚辺２－３－１,098-853-9200,5000,法人,土建大左と石屋電管タ鋼筋舗板ガ塗防内絶具水解,,R070727,28,建設業（総合）,1
47014764,知事,（株）ａｒａｋａｋｉ,新垣 富之,901-2204,宜野湾市,上原１－８－２ ＯＳビル２０５,098-911-8989,5000,法人,土と石鋼舗し水解,,R041111,0,建設業（総合）,1
47012484,知事,（株）新垣組,新垣 克,901-0401,島尻郡八重瀬町,字東風平９０７－５,098-998-0446,10000,法人,大,,R060407,12,その他専門工事,1
47012883,知事,（株）あらかき建設,新垣 洋治郎,900-0037,那覇市,辻１－９－１さんごビル,098-917-1748,5000,法人,土建大と石屋鋼舗塗防内具水,,R021214,12,建設業（総合）,1
47013472,知事,アラカキ建設,新垣 善彦,901-1103,島尻郡南風原町,字与那覇５４８－１,098-889-4427,,個人,土建大左と石屋タ鋼筋舗し板ガ塗防内絶具水,,R050601,8,建設業（総合）,1
47014670,知事,新垣建設,新垣 肇,903-0804,那覇市,首里石嶺町２－２３３－５ ２階,098-944-2847,,個人,建,,R040701,0,建設業（総合）,1
47015401,知事,（株）新垣建装,新垣 守,904-0203,中頭郡嘉手納町,字嘉手納１６３－５,098-959-5507,1000,法人,内,,R070718,0,内装工事,1
47010748,知事,新垣工業,新垣 友彦,901-2224,宜野湾市,真志喜２－７－１９,098-890-0977,,個人,左,,R061108,15,その他専門工事,1
47011350,知事,新垣興業,新垣 清健,901-2224,宜野湾市,真志喜３－９－２,098-897-0400,,個人,大左石屋タ板ガ塗防内絶具,,R050328,12,塗装・防水,1
47013444,知事,（株）新垣工務店,新垣 太志,901-1303,島尻郡与那原町,字与那原５７１－２,098-945-5747,8000,法人,建大屋タ内,,R050423,8,建設業（総合）,1
47009867,知事,（資）新垣材木店,新垣 盛改,902-0076,那覇市,与儀２－１－１９,098-832-3538,2541,法人,建大屋タ内,,R070530,20,建設業（総合）,1
47004822,知事,（有）新垣産業,新垣 智志,901-1102,島尻郡南風原町,字宮城２３１,098-889-2926,5000,法人,消,,R031214,35,電気・設備工事,1
47008009,知事,新垣産業（株）,新垣 力太,905-0005,名護市,字為又１２１９番地８７,0980-52-2632,56000,法人,土建大左と石屋管タ鋼筋舗し板ガ塗防内絶具水解,,R070817,20,建設業（総合）,
47001231,知事,（有）新垣設備,新垣 壮大,904-2224,うるま市,字大田６３２－１,098-973-5318,30000,法人,土と石管鋼舗し塗水,1,R030914,35,建設業（総合）,1
47004657,知事,（有）新垣造園土木,新垣 能一,907-0014,石垣市,新栄町７３－７,0980-82-1074,10000,法人,土と石管舗園水,,R040518,35,建設業（総合）,
47006330,知事,（株）新垣鉄筋工業,新垣 能輝,901-2416,中頭郡中城村,字和宇慶１７３,098-895-5693,2000,法人,土と石鋼筋舗し水,,R041001,28,建設業（総合）,1
47008242,知事,（有）新垣塗装,新垣 徹,901-2407,中頭郡中城村,字安里４３－１,098-895-5358,4000,法人,塗防,,R030519,20,塗装・防水,1
47013261,知事,新垣塗装工業,新垣 剛志,901-2416,中頭郡中城村,字和宇慶１６４,098-895-5837,,個人,塗防,,R040725,8,塗装・防水,1
47010475,知事,（有）新川建設,新川 良彦,905-0005,名護市,字為又７５３－１,0980-52-3734,31000,法人,土建大左と石屋電管タ鋼筋舗しガ塗防内園具水解,1,R060418,15,建設業（総合）,
47013883,知事,（株）アラカワ商事,川満 匡,901-2211,宜野湾市,宜野湾３－９－１３,098-882-0151,30000,法人,大と,,R070131,5,その他専門工事,1
47013497,知事,新崎アーキプロジェクト（株）,新崎 竜史,901-1303,島尻郡与那原町,字与那原５３９ メゾン和１階,098-882-8750,1300,法人,建大左と石タ鋼筋板ガ塗防内絶具,,R050622,8,建設業（総合）,1
47013087,知事,（株）新崎開発,新崎 京子,901-1116,島尻郡南風原町,字照屋１２６,098-888-2627,5000,法人,土と石舗水解,,R031027,8,建設業（総合）,1
47015135,知事,（株）新﨑建装,新﨑 長次,907-0024,石垣市,字新川１０５－１、１Ｆ,0980-87-5888,9000,法人,建解,,R060524,0,建設業（総合）,
47002419,知事,（有）新崎重機,新崎 修,900-0022,那覇市,樋川１－１１－１１ 嘉数マンション３０６,098-987-0699,13000,法人,土と石鋼舗し水解,,R030810,35,建設業（総合）,1
47002091,知事,（株）新崎土木,新崎 浩永,900-0032,那覇市,松山１－１８－４,098-867-6039,20000,法人,土と石鋼舗し塗水解,,R070126,35,建設業（総合）,1
47014598,知事,（株）新崎不動産,新崎 長慎,901-1116,島尻郡南風原町,字照屋４０－６,098-996-2433,5000,法人,土と石鋼舗塗水,,R040408,0,建設業（総合）,1
47000807,知事,（有）新城組,新城 常子,905-0411,国頭郡今帰仁村,字天底８３,0980-56-5143,30000,法人,土建と石管鋼舗し塗水解,,R060624,35,建設業（総合）,
47011060,知事,（有）新城建材,新城 恒芳,905-1147,名護市,字田井等６２０,0980-58-1141,5000,法人,建大左と石屋タ鋼筋板ガ塗防内絶具,,R030620,15,建設業（総合）,
47014693,知事,新城電設,新城 日出明,907-0002,石垣市,字真栄里１６１－１ 浜端アパート１Ｆ南,0980-83-3408,,個人,土と石電管鋼舗し水,,R040722,0,建設業（総合）,
47006086,知事,新城ペイント,新城 隆,907-0004,石垣市,字登野城１５７４－１,0980-82-9969,,個人,塗,,R041120,28,塗装・防水,
47014667,知事,（株）ａｒａｔａ,朝部 邦義,901-2104,浦添市,当山２－３８－２ 陽迎セリバル２０５号,098-870-5110,1000,法人,土と石鋼舗し水解,,R040701,0,建設業（総合）,1
47014780,知事,（株）アラタ,大城 義貴,901-0512,島尻郡八重瀬町,字具志頭１２３３－１,098-988-3151,2000,法人,建,,R041125,0,建設業（総合）,1
47001022,知事,（株）アラタ建設,仲里 義正,902-0074,那覇市,字仲井真２１６－１,050-1045-6342,12800,法人,土建と石鋼舗し水,,R070907,35,建設業（総合）,1
47001578,知事,新田建設,新田 修,904-2163,沖縄市,大里３－１５－１８,098-939-6130,,個人,建大左と石屋タ鋼筋板ガ塗防内絶具解,,R070413,35,建設業（総合）,1
47014890,知事,新工業（合）,伊波 新,904-1115,うるま市,石川伊波２４９－１,098-965-1093,2000,法人,具,,R050519,0,その他専門工事,1
47015162,知事,あらた設備,新里 幸夫,906-0015,宮古島市,平良久貝８７６－３,0980-79-0907,,個人,管,,R060712,0,電気・設備工事,
47015212,知事,新正工業,新垣 正則,901-2211,宜野湾市,宜野湾１－１２－２－４０７号ジョイラック,098-893-5489,,個人,土と舗,,R060920,0,建設業（総合）,1
47015090,知事,（合）アルテ,島袋 剛,904-2162,沖縄市,海邦１－１７－１９,090-2587-2681,500,法人,通,,R060322,0,電気・設備工事,1
47015417,知事,アルティメット,謝敷 信幸,901-1103,島尻郡南風原町,字与那覇５３９－１ 満天ビル５－１０２,098-851-8418,,個人,塗防,,R070808,0,塗装・防水,1
47015196,知事,（株）アルファークリエイティブ,阿部 賢治,905-0013,名護市,城一丁目１１－１５サンライフ名護１０２号,0980-43-8320,10000,法人,建大左と石屋タ鋼筋板ガ塗防内絶具解,,R060906,0,建設業（総合）,
47013042,知事,アルファー工業（株）,仲松 隆,904-2161,沖縄市,古謝二丁目３０番１７号,098-938-5590,5000,法人,建具,,R030822,8,建設業（総合）,1
47012795,知事,アルファー産業（合）,塩川 文雄,906-0013,宮古島市,平良字下里８３４,0980-72-1970,1000,法人,土と石電管鋼舗し水,,R070727,12,建設業（総合）,
47014562,知事,（株）Ａｌｅｇｒｉａ,波多野 克志,904-2161,沖縄市,古謝２－１８－２４門ビル２０１,098-983-4136,23000,法人,建大屋電タ鋼内,1,R061122,0,建設業（総合）,1
47005519,知事,（株）アレックス,外間 俊,900-0003,那覇市,安謝２－１５－７ ＯＳＳビル２Ｆ－１,098-863-3155,45000,法人,建大屋タ内,1,R031220,35,建設業（総合）,1
47015014,知事,泡瀬ダイヤ技研,與那覇 大志,904-2163,沖縄市,大里３－１－１５ フレグランスしろ３０６,090-1945-7729,,個人,と,,R051124,0,その他専門工事,1
47013638,知事,アンクラ（株）,玉城 充教,901-2112,浦添市,字沢岻５５,098-874-5743,1000,法人,大左石屋タ板ガ塗防内絶具,,R060208,8,塗装・防水,1
47012708,知事,安住（合）,下里 すずか,904-2161,沖縄市,古謝２－３－３７,098-923-1607,1000,法人,土と石鋼舗塗水,,R070309,12,建設業（総合）,1
47011861,知事,安新建設（株）,安里 清高,901-2125,浦添市,仲西３－６－１,098-917-5263,5000,法人,土と石鋼舗し水,,R021124,12,建設業（総合）,1
47013130,知事,あんりハウス,安里 昌暁,903-0112,中頭郡西原町,字我謝２４１番地の２ 安里アパート１－３,090-3796-9202,,個人,土建と石鋼舗し水解,,R040112,8,建設業（総合）,1
47013184,知事,イーエヌ建設（株）,西岡 英治,900-0021,那覇市,泉崎２－１０３－１５、ぐりんハイム１Ｆ,098-996-4611,10000,法人,建大左と石屋タ鋼筋板ガ塗防内絶具解,,R040405,8,建設業（総合）,1
47014193,知事,（合）ＥＮＪ,兼城 次雄,904-2165,沖縄市,宮里３－１４－１３,098-988-5814,3000,法人,建大屋電タ内,,R071113,5,建設業（総合）,1
47012109,知事,イーゴス（株）,榮 政則,901-2214,宜野湾市,我如古２－１－１４,098-890-1153,10000,法人,土建と石電鋼舗し水解,,R040625 R060115,12,建設業（総合）,1
47011414,知事,（株）Ｅ－ＣＯＮ,眞榮城 久仁子,904-2142,沖縄市,登川３４１２－１,098-921-2177,49000,法人,土建と石鋼舗し塗園水,1,R050905,12,建設業（総合）,1
47009205,知事,（有）ＥＣＳ,江藤 邦浩,900-0002,那覇市,曙２－２６－６タカダ曙マンション２０１,098-951-1533,5000,法人,土と石舗し水,,R040321,20,建設業（総合）,1
47010445,知事,（有）イースタンマリン,内間 茂一,901-2222,宜野湾市,喜友名１－１－１６コーポ丸新１階,098-892-2150,3000,法人,土と石鋼舗し水,,R050212,15,建設業（総合）,1
47013581,知事,（株）イーストプランニング,東江 康太,901-0411,島尻郡八重瀬町,字友寄９０３－３,098-987-4509,1000,法人,土建と石電管鋼舗し水,,R051109,8,建設業（総合）,1
47015126,知事,（合）ｅーパートナーズ,上原 重已,900-0021,那覇市,泉崎１－１７－１４,098-963-6351,300,法人,建,,R060517,0,建設業（総合）,1
47015420,知事,（株）イープランナーズ,並河 和彦,904-0117,中頭郡西原町,字翁長６１４－６ ＴＹマンションＣ－１,098-800-1204,1000,法人,電,,R070808,0,電気・設備工事,1
47011224,知事,イー・フレス（株）,石松 完治,902-0073,那覇市,字上間２１３番地１－１０１,098-996-1510,10000,法人,建石タ塗防内,,R040529,15,建設業（総合）,1
47014526,知事,（株）イーマ,上間 正也,904-2311,うるま市,勝連南風原１５１５,098-923-3151,3000,法人,内,,R031203,0,内装工事,1
47014751,知事,（株）イーマガラス,上間 哲,903-0813,那覇市,首里赤田町１－４３,098-988-1002,1000,法人,ガ,,R041021,0,その他専門工事,1
47014847,知事,（株）Ｅ．Ｙ ＣＯＮ ＴＥＣＨ,山里 栄一,901-0304,糸満市,西川町３５－５ ウエストシャインビル１０１,090-3792-1922,3000,法人,土建大左と石屋タ鋼筋舗し板ガ塗防内絶具水解,,R050317,0,建設業（総合）,1
47011986,知事,伊江建生コン（株）,大城 光博,905-0504,国頭郡伊江村,字西江前５６１,0980-49-2457,36380,法人,土と石鋼舗し水,,R030825,12,建設業（総合）,
47003509,知事,（有）伊江島開発,宮里 徳尚,905-0502,国頭郡伊江村,字東江前６８１,0980-49-2653,20000,法人,土建と石管鋼舗し塗園水,1,R040507,35,建設業（総合）,
47007462,知事,（有）伊江島緑化,内間 賢生,905-0502,国頭郡伊江村,字東江前２２３－２,0980-49-3622,5000,法人,土と石鋼舗園水,,R070823,28,建設業（総合）,
47002382,知事,伊江電気工事社,與那城 忠夫,905-0501,国頭郡伊江村,字東江上１１０,0980-49-2306,,個人,土と石電管舗水消,,R070716,35,建設業（総合）,
47005630,知事,伊江ペイント,知念 史人,905-0503,国頭郡伊江村,字川平３３９－２,0980-49-3808,,個人,塗防,,R040714 R060521,35,塗装・防水,
47000425,知事,（株）生島総建,友利 隆男,906-0006,宮古島市,平良字西仲宗根５４９－６－１０２,0980-79-0258,10000,法人,土建と石管鋼舗し水,,R040118,35,建設業（総合）,
47013274,知事,（株）生田タイル,生田 健太,901-2302,中頭郡北中城村,字渡口１８６３－７,098-935-5336,3000,法人,タ,,R040808,8,その他専門工事,1
47011135,知事,（株）育農産業,山城 紹彦,901-1403,南城市,佐敷字佐敷５１６,098-947-1200,20000,法人,土建と石鋼舗し園水,,R031020,15,建設業（総合）,1
47000560,知事,（有）伊計建設,伊計 昌吉,906-0005,宮古島市,平良字西原２３４４－１,0980-72-9619,10000,法人,土建大と石屋タ鋼舗し内園水,,R041003,35,建設業（総合）,
47010909,知事,伊計建設工業,伊計 良雄,907-0024,石垣市,字新川２３５７－１９４,0980-82-6020,,個人,土建と石鋼舗し塗水,,R020929,15,建設業（総合）,
47015154,知事,（株）池一組,池根 一樹,904-2302,うるま市,与那城西原６７１,098-978-2659,5000,法人,大と解,,R060628,0,その他専門工事,1
47007631,知事,伊計土建,伊計 秀三,906-0104,宮古島市,城辺字比嘉８６８－１２,0980-77-8174,,個人,土と石舗し園水,,R030910,28,建設業（総合）,
47007564,知事,いけしろ土木,池城 健次,906-0013,宮古島市,平良字下里１４７０－１３,0980-72-6382,,個人,土と石舗し水,,R030910,28,建設業（総合）,
47013919,知事,池田組,池田 学,901-2214,宜野湾市,我如古４－１１－２３,090-1948-3764,,個人,大と,,R070319,5,その他専門工事,1
47014423,知事,池田建設,池田 浩二,901-2132,浦添市,伊祖２－４－７－５０２ グレースビルてるや,098-876-1576,,個人,建大屋タ内,,R030806,0,建設業（総合）,1
47007511,知事,（有）池田土建,池田 セイ子,906-0006,宮古島市,平良字西仲宗根１５７４－１２,0980-74-3457,15000,法人,土建と石鋼舗し水,,R030514,28,建設業（総合）,
47011805,知事,池鐵工業,池間 辰雄,901-1207,南城市,大里字古堅１４４３,098-988-0656,,個人,筋,,R070805,12,その他専門工事,1
47011258,知事,（株）池鳶組,池間 武雄,900-0022,那覇市,樋川１－２８－３５ ２Ｆ,090-8292-6206,1800,法人,と,,R030701,15,その他専門工事,1
47012978,知事,池之工業（合）,池原 喜之,901-2316,中頭郡北中城村,字安谷屋１２５７－１,098-935-5405,3000,法人,筋,,R030601,8,その他専門工事,1
47014559,知事,（株）池原,池原 直慎,900-0002,那覇市,曙２－２７－２,098-861-8833,10000,法人,電,,R040128,0,電気・設備工事,1
47003185,知事,（株）池原建設,池原 礼子,904-0301,中頭郡読谷村,字座喜味３６０,098-958-0512,33000,法人,土建大左と石屋タ鋼筋舗し板ガ塗防内絶具水解,1,R070520,35,建設業（総合）,1
47015023,知事,池原建設,池原 徳重,906-0007,宮古島市,平良字東仲宗根９５６－４,0980-73-3132,,個人,土建大と石鋼舗水,,R051215,0,建設業（総合）,
47014473,知事,池原工業,池原 恒,904-0013,沖縄市,室川２－２７－１５,090-1870-5063,,個人,具,,R030924,0,その他専門工事,1
47003765,知事,（有）池原通信,池原 清吉,901-2417,中頭郡中城村,字伊集１５２－１,098-895-5288,3000,法人,通,,R071203,35,電気・設備工事,1
47012411,知事,（株）池間,池間 秀勝,900-0003,那覇市,安謝２－２４－１,098-862-2543,10000,法人,筋,,R051226,12,その他専門工事,1
47004186,知事,池間組,池間 正榮,901-2226,宜野湾市,嘉数４－１３－１１,098-897-6330,,個人,と,,R070624,35,その他専門工事,1
47004381,知事,（有）池間組,池間 宏光,901-1117,島尻郡南風原町,字津嘉山１２－１２,090-5925-9438,5000,法人,大,,R040522,35,その他専門工事,1
47013127,知事,池間工務店,池間 照光,906-0013,宮古島市,平良字下里１５７４－３,090-4628-1721,,個人,大,,R031228,8,その他専門工事,
47013357,知事,池間シャッター製作所,池間 清昌,906-0012,宮古島市,平良字西里９９２－１５,0980-72-1504,,個人,土建と石電鋼舗具水,,R041115,8,建設業（総合）,
47001383,知事,（有）池間鉄筋工業,池間 秀敏,901-1208,南城市,大里字平良２３４２番地の１,098-946-1716,10000,法人,筋,,R030722,35,その他専門工事,1
47010855,知事,（有）池間塗装,池間 智宏,902-0068,那覇市,真嘉比３丁目３番２１号,098-887-7252,4000,法人,塗,,R070721,15,塗装・防水,1
47011826,知事,（株）池間塗装工業,池間 克行,901-2131,浦添市,牧港２－４９－１４儀間ビル４－Ａ,098-963-9086,500,法人,塗,,R020830,12,塗装・防水,1
47009050,知事,（有）池宮城建設,池宮城 秀一,901-1101,島尻郡南風原町,字大名２１８,098-996-4035,4000,法人,土と石鋼舗水,,R030820,20,建設業（総合）,1
47003652,知事,池宮建設,池宮 武次,904-0013,沖縄市,室川２－１４－１３,098-937-9212,,個人,建大,,R030706,35,建設業（総合）,1
47008150,知事,（有）池村建設,池村 兼信,907-1541,八重山郡竹富町,字上原１０－５２２,0980-85-6611,20000,法人,土と石鋼舗し水解,,R070804,20,建設業（総合）,
47007455,知事,池村建設工業（株）,池村 光星,907-0002,石垣市,字真栄里２００－９,0980-83-2379,40000,法人,土建と石管鋼舗し塗園水解,1,R050702,28,建設業（総合）,
47013048,知事,（株）勲組,比嘉 勲,904-2215,うるま市,みどり町２－１６－７,098-973-8739,5000,法人,土建と石管鋼舗し機水解,,R030902,8,建設業（総合）,1
47014850,知事,（株）伊差川開発,伊差川 和敏,901-0618,南城市,玉城字船越１１０,098-988-3790,1000,法人,土建と石鋼舗し水解,,R070430,0,建設業（総合）,1
47006021,知事,（有）伊佐建設,伊佐 眞昌,901-1111,島尻郡南風原町,字兼城２５５－１,098-888-0445,10000,法人,土建大左と石屋電管タ鋼筋舗塗防内園具水解,,R030329,28,建設業（総合）,1
47014042,知事,伊佐建設,伊佐 広樹,901-0201,豊見城市,字真玉橋２６８ＬＷレイクサイドステージ１１０５号室,098-856-1287,,個人,大,,R070710,5,その他専門工事,1
47010067,知事,伊佐工業,伊佐 盛光,901-2412,中頭郡中城村,字奥間８６２－１６,098-895-3684,,個人,と解,,R030507,15,その他専門工事,1
47005806,知事,伊佐タイル工業,伊佐 康之,904-0204,中頭郡嘉手納町,水釜６－１８－９,098-956-7307,,個人,タ,,R030710,35,その他専門工事,1
47013406,知事,（株）勇ノ組,田場 勇,904-2311,うるま市,勝連南風原４４８９－４,090-7455-9696,3000,法人,大と,,R050209,8,その他専門工事,1
47013646,知事,（有）石垣瓦興業,根間 直美,907-0002,石垣市,字真栄里１３４－１,0980-82-9024,3000,法人,屋,,R060314,8,その他専門工事,
47009392,知事,石垣組,石垣 芳則,901-2403,中頭郡中城村,字伊舎堂４５,098-942-3437,,個人,と,,R050121,20,その他専門工事,1
47008564,知事,石垣建設業（同）,平良 聡一郎,907-0022,石垣市,字大川１４２５－９,0980-83-6323,18800,法人,土と石舗し水解,,R040906,20,建設業（総合）,
47012240,知事,石垣鋼材（株）,内間 聡,907-0022,石垣市,字大川１４２５－１,0980-83-2606,30000,法人,土と石鋼舗し水,,R050311,12,建設業（総合）,
47007796,知事,（有）石垣島石材,成底 究馬,907-0003,石垣市,字平得５２３－２,0980-86-7627,5000,法人,建大石内,,R070424,28,建設業（総合）,
47014295,知事,石垣生コンクリート工業（株）,大濵 達也,907-0022,石垣市,字大川１５３６－４８,0980-82-5520,85000,法人,と,,R030402,5,その他専門工事,
47012129,知事,石川カッター,石川 昭,901-0401,島尻郡八重瀬町,字東風平７８０－８,098-998-5555,,個人,土と石鋼舗し水,,R040720,12,建設業（総合）,1
47013966,知事,（株）石川設備工業,石川 隼人,901-2101,浦添市,西原５－４６－５,098-877-4843,5000,法人,土と石管鋼舗し塗水解,,R070525,5,建設業（総合）,1
47013176,知事,（株）石川電気,石川 梨香,904-2244,うるま市,字江洲３９９,098-923-0934,5000,法人,電消,,R040323,8,電気・設備工事,1
47005065,知事,（株）石川電設,長嶺 恭子,903-0825,那覇市,首里山川町２－６１－３３,098-885-0377,47000,法人,土と石電管鋼舗水消解,1,R060416,35,建設業（総合）,1
47005753,知事,（有）石川電設工業,大城 裕二,904-2151,沖縄市,松本３－１７－３６,098-934-0460,15000,法人,土と石電鋼舗水,,R031022,35,建設業（総合）,1
47006988,知事,（有）石川土建興業,棚原 ゆり子,905-0203,国頭郡本部町,字謝花１５,0980-48-3372,20000,法人,土建と石管鋼舗し塗園水解,1,R021102,28,建設業（総合）,
47011603,知事,石川ドレープ,久＊ 英樹,904-1107,うるま市,石川曙３－５－１１,098-964-2632,,個人,内,,R060914,12,内装工事,1
47012583,知事,（株）いしかわ文明堂,石川 京美,903-0104,中頭郡西原町,字兼久９１－１,098-835-8001,86000,法人,建大屋タガ内具,,R060922,12,建設業（総合）,1
47014438,知事,石川防水塗装工業,上里 要,904-1106,うるま市,石川１９０９－８,098-964-3120,,個人,塗防,,R030820,0,塗装・防水,1
47004510,知事,（有）イシカワポンプ,石川 和男,901-2122,浦添市,勢理客２－１５－８,098-877-1771,8000,法人,土と石電管鋼舗機水,,R021220,35,建設業（総合）,1
47014621,知事,伊敷ガラス店,伊敷 猛,904-0202,中頭郡嘉手納町,字屋良８２３,098-956-3694,,個人,ガ,,R040502,0,その他専門工事,1
47007357,知事,（有）伊敷興業,伊敷 美智代,901-0341,糸満市,字小波蔵１１４－１,098-997-2257,18500,法人,土建と石管鋼舗水解,,R071107,28,建設業（総合）,1
47014115,知事,石輝工業（株）,石川 和男,901-2201,宜野湾市,新城２－３２－１１ あらぐすくマンション２０１号室,098-894-0077,1000,法人,土と石鋼舗し水解,,R020828,5,建設業（総合）,1
47000501,知事,（有）伊敷工事社,山城 克美,901-0306,糸満市,西崎町３－１８７,098-992-3690,10000,法人,土と石管舗水,,R031226,35,建設業（総合）,1
47008595,知事,（有）イシケン,石川 元＊,901-2202,宜野湾市,普天間２－４７－１６,098-892-6780,32000,法人,土建大左と石屋タ鋼筋舗し板ガ塗防内絶具水解,1,R040902,20,建設業（総合）,1
47007991,知事,（株）礎建設,佐久川 和美,904-2223,うるま市,字具志川２９１５－２,098-974-3157,25000,法人,土建と石鋼舗水解,,R041224,28,建設業（総合）,1
47012564,知事,（株）石電設,石川 勝,904-2245,うるま市,字赤道５４３－１,098-923-1680,5000,法人,電,,R060820,12,電気・設備工事,1
47009051,知事,（有）石波建設,前盛 進,907-0002,石垣市,字真栄里１７３－１０,0980-82-1369,20000,法人,土と石管鋼舗し水,,R050821,20,建設業（総合）,
47005503,知事,石橋工業（株）,長浜 隆夫,902-0062,那覇市,字松川６００,098-886-1295,20000,法人,土と石管鋼舗し塗水消,1,R021110,35,建設業（総合）,1
47011284,知事,（有）石原工業,石原 昌也,904-2173,沖縄市,比屋根７－２４－１,098-933-9125,3000,法人,と,,R041003,15,その他専門工事,1
47007854,知事,（有）石原設備,石原 昌保,901-2424,中頭郡中城村,字南上原１１０５,098-895-3739,10000,法人,土と石管舗し水,,R031029,28,建設業（総合）,1
47008672,知事,（有）石嶺組,石嶺 眞秀,901-0603,南城市,玉城字百名９４２－１,098-948-3961,20000,法人,土建と石鋼園水,,R030528,20,建設業（総合）,1
47014003,知事,（合）伊志嶺建設,伊志嶺 安弘,902-0078,那覇市,字識名１０９０－７,090-1944-1012,1000,法人,大と,,R070612,5,その他専門工事,1
47013801,知事,（株）石嶺工業,石嶺 誠輝,901-2424,中頭郡中城村,字南上原３２７－１ ウエストフィールド２０２,098-895-2550,5000,法人,と解,,R061007,5,その他専門工事,1
47015064,知事,（合）石嶺工業,石嶺 武二,906-0501,宮古島市,伊良部字真栄里添１８２－１,0980-79-6768,1000,法人,土建と石鋼舗し水,,R060216 R070707,0,建設業（総合）,
47009062,知事,伊志嶺電気工事,伊志嶺 和彦,901-1407,南城市,字つきしろ１５３９－９６,098-948-1027,,個人,電,,R030903,20,電気・設備工事,1
47006661,知事,（有）伊志嶺土建,伊志嶺 盟子,906-0007,宮古島市,平良字東仲宗根９１５－２,0980-72-9613,10000,法人,土建と石舗水,,R030902,28,建設業（総合）,
47014788,知事,（株）伊集組,伊集 守人,901-0401,島尻郡八重瀬町,字東風平７７,098-880-3477,5000,法人,大,,R041209,0,その他専門工事,1
47013895,知事,（合）伊集塗装,伊集 守輝,901-3101,島尻郡久米島町,字宇江城１２６５,098-996-3866,500,法人,塗防,,R070217,5,塗装・防水,
47014776,知事,（株）ＩＳＳＨＯ建築設計事務所,漢那 ロブレ潤,901-2226,宜野湾市,嘉数１－４－４０,098-917-2842,2100,法人,建大屋タ鋼内,,R041209,0,建設業（総合）,1
47011820,知事,（合）イシン産業,石川 勇,904-1203,国頭郡金武町,字屋嘉２９２７－１,098-965-3749,22000,法人,土建大左と石屋タ鋼筋舗し板ガ塗防内絶具水解,1,R050921,12,建設業（総合）,
47013616,知事,（有）イスト,大城 満昭,901-1117,島尻郡南風原町,字津嘉山４３３ イストビル２Ｆ,098-888-5883,5000,法人,建大屋タ鋼内,,R060109,8,建設業（総合）,1
47014320,知事,（株）泉工房,廣瀨 弘充,904-0113,中頭郡北谷町,字宮城１－２７３,098-923-4003,5000,法人,建大屋タ鋼内,,R030430,5,建設業（総合）,1
47002088,知事,泉水設備（株）,新城 雅人,902-0078,那覇市,識名３－２２－１２,098-854-9282,40000,法人,土と石管舗し水消,1,R031025,35,建設業（総合）,1
47013266,知事,（合）いずみ設備,下西 千枝子,905-0019,名護市,大北４－１７－４－１０３ハイグレースＴｕｈａ,0980-52-4283,1500,法人,電管,,R040801,8,電気・設備工事,
47011030,知事,泉冷凍設備,泉 則明,901-0618,南城市,玉城字船越１３１７,098-949-7976,,個人,建大左と石屋電管タ鋼板ガ塗防内機絶具,,R040706,15,建設業（総合）,1
47007587,知事,（有）伊世開發,大城 奈津紀,901-1204,南城市,大里字稲嶺１２５３－１,098-943-2364,30000,法人,土建と石管鋼舗し塗水解,1,R070907,28,建設業（総合）,1
47007578,知事,伊是名ガラス店,伊是名 雅人,901-1303,島尻郡与那原町,字与那原３３８－５,098-946-2177,,個人,ガ,,R030718,28,その他専門工事,1
47005384,知事,（株）伊是名建設,西 金一,905-0602,島尻郡伊是名村,字諸見４２１４,0980-45-2571,20000,法人,土建と石管鋼舗し塗園水解,1,R060705,35,建設業（総合）,
47015339,知事,伊是名工業,伊是名 泰倫,901-0401,島尻郡八重瀬町,字東風平２０１－１ＲｅｓｉｄｅｎｃｅＫ１０２,090-9786-4652,,個人,と,,R070502,0,その他専門工事,1
47012912,知事,（株）一晏建設,佐藤 隼一,901-0243,豊見城市,字上田５４３－３ センチュリ２１（Ｉ）１０３,098-996-1229,1000,法人,建大屋タ内,,R030216,8,建設業（総合）,1
47008380,知事,（有）一円産業,津波 徳正,905-1311,国頭郡大宜味村,字塩屋８９７,0980-44-2927,20000,法人,土建大左と石屋管タ鋼筋舗し板ガ塗防内絶園具水解,1,R031005,20,建設業（総合）,
47014025,知事,（株）一輝興業,稲垣 良一,901-2133,浦添市,城間２－４－１ Ｓ＆Ｓビル１０１,098-871-0622,5000,法人,と,,R030801,5,その他専門工事,1
47015242,知事,壱建,伊波 淳,904-1101,うるま市,石川東山本町１－５－８,080-2715-4976,,個人,大,,R061129,0,その他専門工事,1
47015285,知事,（株）いちけん,上原 篤樹,901-0412,島尻郡八重瀬町,上田原６９－１,098-835-7680,1000,法人,建大屋タ内具,,R070207,0,建設業（総合）,1
47015371,知事,壱建,砂川 勇二,905-0021,名護市,東江２－８－３２,090-1940-5029,,個人,と,,R070613,0,その他専門工事,
47013080,知事,（有）一源,上原 静枝,904-1115,うるま市,石川伊波１５１５－１４,098-963-0566,3000,法人,と,,R031026,8,その他専門工事,1
47009539,知事,（有）一建工業,宮城 勝一,904-2215,うるま市,みどり町１－１４－１,098-923-2412,10000,法人,建大内具,,R060531,20,建設業（総合）,1
47006089,知事,（株）イチゴ,國場 幸貞,901-2101,浦添市,西原５－１－９,098-875-0801,23500,法人,土建と石管鋼舗し塗機園水解,1,R070615,28,建設業（総合）,1
47010350,知事,（有）イチコウ,呉屋 一雄,904-2172,沖縄市,泡瀬３－３５－５ １－Ａ,098-939-4665,3000,法人,土建大左と石屋タ鋼舗し板ガ塗防内絶具水,,R040807,15,建設業（総合）,1
47013329,知事,（株）一興建,上原 一,901-1205,南城市,大里字高平７３０,098-917-6346,1000,法人,土と石鋼舗し水解,,R041011,8,建設業（総合）,1
47008094,知事,（有）一晃建設,天久 一樹,905-0011,名護市,宮里９９９－３,0980-43-7277,20000,法人,土建大と石屋タ鋼舗内水,,R070707,20,建設業（総合）,
47008690,知事,（有）一城建設,大城 修,901-0315,糸満市,字照屋１２７７－１なみへいマンション１０４号,098-992-4668,5000,法人,土建と石鋼舗水解,,R070328,20,建設業（総合）,1
47012253,知事,イチボウ電設,銘苅 朝成,904-0012,沖縄市,安慶田１－２４－３４,098-937-8499,,個人,電,,R050410,12,電気・設備工事,1
47003785,知事,（有）一丸建設,平良 一郎,906-0103,宮古島市,城辺字福里１４６７－２,0980-77-2080,18000,法人,土建左と石舗水,,R070203,35,建設業（総合）,
47014144,知事,（株）一丸工業,浦崎 能利彰,904-2174,沖縄市,与儀１－１－９,098-979-5115,50,法人,土と石鋼舗し塗防水解,,R070918,5,建設業（総合）,1
47014181,知事,（合）樹工業,金城 大樹,905-1147,名護市,字田井等６８２,0980-43-0728,3000,法人,と解,,R071023,5,その他専門工事,
47014272,知事,（株）樹興業,新城 一樹,902-0076,那覇市,字与儀２０３－７,090-1949-5181,100,法人,と,,R030305,5,その他専門工事,1
47012462,知事,（株）樹産業,友利 寛樹,904-2201,うるま市,字昆布１１２１－５,098-989-6264,3000,法人,土と石管鋼舗し塗水,,R060313 R070305,12,建設業（総合）,1
47011479,知事,（株）一廣工業,内間 安彦,907-0024,石垣市,字新川２３０４－１５,0980-83-1726,21500,法人,土と石鋼舗し塗水,1,R060120,12,建設業（総合）,
47014058,知事,（株）一匠,知念 孝治,901-1301,島尻郡与那原町,板良敷４７９－１,098-987-6566,28000,法人,土建電管内消,,R070814,5,建設業（総合）,1
47013461,知事,（株）壱志武,名護 勇一,904-2225,うるま市,字喜屋武４２８－１２,098-974-0222,40000,法人,土建大左と石屋タ鋼筋舗し板ガ塗防内絶具水解,1,R050521,8,建設業（総合）,1
47015058,知事,一心,上原 一真,905-0005,名護市,字為又６６４－３,090-9784-1577,,個人,と解,,R060202,0,その他専門工事,
47012504,知事,一成企画,上地 一史,907-0004,石垣市,字登野城３２８,0980-83-1581,,個人,土と石鋼舗し塗水解,,R050706,12,建設業（総合）,
47015334,知事,（株）一統建設,松田 一浩,904-0102,中頭郡北谷町,伊平２－１７－２６,098-936-7239,2000,法人,内,,R070422,0,内装工事,1
47013373,知事,（合）五葉,島袋 ＊樹,905-0015,名護市,大南４－９－２３,0980-53-5454,2000,法人,土と石鋼舗し塗園水解,,R041214,8,建設業（総合）,
47008561,知事,（株）伍和エンジニア,米須 清一,904-2215,うるま市,みどり町２－２５－２１,098-974-5858,10000,法人,土建と石屋管鋼舗し塗防内絶水解,,R040922,20,建設業（総合）,1
47010636,知事,（有）五和工業,嘉手納 靖,901-2203,宜野湾市,野嵩２－３２－８,098-892-2555,20000,法人,土と石管鋼舗水,1,R060325 R061122,15,建設業（総合）,1
47010583,知事,（有）五輪重機,平安山 明正,901-2101,浦添市,西原１－３－９,098-876-4422,3000,法人,土と石鋼舗し水,,R051119,15,建設業（総合）,1
47011956,知事,伊電社,伊地 兼光,901-0403,島尻郡八重瀬町,字世名城７８７－２,090-3324-2032,,個人,電,,R030620,12,電気・設備工事,1
47013295,知事,（合）伊東工業,伊東 伸一,904-1203,国頭郡金武町,字屋嘉２８８－１,098-965-1828,5000,法人,塗,,R040831,8,塗装・防水,
47012175,知事,イトウ工務店,伊藤 学,901-1414,南城市,佐敷字津波古５７８－４ ネクステージハピネスプラス５０１,098-947-2943,,個人,建大屋電タ内,,R041025,12,建設業（総合）,1
47009432,知事,イトー開発,比嘉 勝德,901-2206,宜野湾市,愛知２－１８－５,098-893-4715,,個人,土建大左と屋タ舗内水,,R050512,20,建設業（総合）,1
47005027,知事,（株）糸数興業,糸数 英行,906-0601,宮古郡多良間村,字塩川１１１４－１,0980-74-8117,10000,法人,土と石鋼舗水,,R021220,35,建設業（総合）,
47014916,知事,糸数工業（合）,糸数 圭史,905-1145,名護市,字川上４２５,0980-43-7648,2000,法人,土と舗解,,R050622 R060729,0,建設業（総合）,
47005162,知事,（有）糸数工業所,糸数 智幸,901-0618,南城市,玉城字船越２２５－１,098-943-0175,10000,法人,鋼,,R041227,35,その他専門工事,1
47015269,知事,糸数重機（株）,糸数 昌則,904-0302,中頭郡読谷村,字喜名２３３８－１,098-958-2725,10000,法人,と,,R070110,0,その他専門工事,1
47002094,知事,（有）糸数鈑金工業,糸数 青基,901-0314,糸満市,字座波１２０５－３,098-995-2984,3000,法人,管板,,R050310,35,電気・設備工事,1
47003405,知事,（有）糸工房,糸満 盛希,901-0417,島尻郡八重瀬町,字外間１６１,098-998-6176,7000,法人,と内,,R041209,35,内装工事,1
47008145,知事,糸洲ガラス店,糸洲 朝情,904-2152,沖縄市,明道１－７－８,098-937-2654,,個人,建ガ,,R070903,20,建設業（総合）,1
47005409,知事,（有）糸洲電気工事社,糸洲 勝也,904-2242,うるま市,字高江洲９４６－２,098-973-4352,20000,法人,電通消,1,R060917,35,電気・設備工事,1
47012196,知事,（株）糸満建材店,上原 幸人,901-0315,糸満市,字照屋１２７８－１,098-994-5101,4000,法人,建大屋タ内,,R041213,12,建設業（総合）,1
47004204,知事,（有）稲一,稲嶺 一男,904-0202,中頭郡嘉手納町,字屋良９６６－２,098-956-7506,9000,法人,土建大と石屋タ舗し内水解,,R030528,35,建設業（総合）,1
47013356,知事,（株）稲建装,稲福 政史,904-2241,うるま市,字兼箇段２８４－１,098-974-8700,2500,法人,大左石屋タ板ガ塗防内絶具,,R041115,8,塗装・防水,1
47010217,知事,稲福建設,稲福 敏和,907-0002,石垣市,字真栄里３７７－５,0980-87-0435,,個人,土と石鋼舗し水,,R031130,15,建設業（総合）,
47014029,知事,イナミ組,伊波 春樹,905-0023,名護市,字数久田７６０－８,090-9786-6451,,個人,大と,,R070703,5,その他専門工事,
47010428,知事,（有）イナミ塗装,伊波 康信,901-2212,宜野湾市,長田１－１８－９,098-893-5153,3000,法人,塗防,,R050107,15,塗装・防水,1
47011777,知事,（有）イナミネ,稲嶺 盛久,904-2163,沖縄市,大里２－２５－２２,098-939-3295,5000,法人,土建大と石屋タ鋼舗内水,,R070617,12,建設業（総合）,1
47014736,知事,稲嶺軽天,稲嶺 耕二郎,904-2151,沖縄市,松本２－２２－１５,098-929-2626,,個人,内,,R040926,0,内装工事,1
47015352,知事,（合）稻嶺興業,稻嶺 竜司,905-1147,名護市,字田井等７８９－１、２階,090-1949-4626,1000,法人,土と石鋼舗し塗水,,R070516,0,建設業（総合）,
47011842,知事,（株）イナワ,稲福 善二,901-2225,宜野湾市,大謝名１－１８－１,098-898-5330,10000,法人,土建とタ,,R021013,12,建設業（総合）,1
47015283,知事,（株）井上工務店,井上 健大,900-0003,那覇市,字安謝２４７－８－１Ｆ,098-943-5891,500,法人,建内,,R070227,0,建設業（総合）,1
47005604,知事,（株）伊葉開発,新垣 幸雄,905-0704,島尻郡伊平屋村,字島尻１９８２－２４,0980-46-2859,21000,法人,土と石鋼舗し塗水解,1,R070313,35,建設業（総合）,
47014681,知事,伊波硝子（株）,伊波 康隆,901-2226,宜野湾市,嘉数３－１３－１６－１階,080-1535-0704,5000,法人,ガ,,R040715,0,その他専門工事,1
47009772,知事,伊波組,伊波 幸一,904-0301,中頭郡読谷村,字座喜味３１７９－２,098-956-8141,,個人,建大,,R061222,20,建設業（総合）,1
47014664,知事,伊波組,伊波 健作,902-0074,那覇市,字仲井真３８９－５ ２０３,090-9079-5865,,個人,大と,,R040624,0,その他専門工事,1
47014938,知事,伊波建設,伊波 孝之,901-0155,那覇市,金城２－９－６ ＨＱＤＭ Ｅｓｐｏｉｒ２０１,070-6590-1769,,個人,大,,R050714,0,その他専門工事,1
47005837,知事,（有）伊波建設工業,伊波 盛謙,904-1107,うるま市,石川曙２－１６－１６,098-965-3443,3000,法人,筋,,R040920,35,その他専門工事,1
47002373,知事,（有）伊波工業所,伊波 裕達,903-0804,那覇市,首里石嶺町３－３３８－１,098-886-2354,6700,法人,大とタ鋼筋,,R030412,35,その他専門工事,1
47012853,知事,（株）伊波重機,伊波 悟,904-1112,うるま市,石川楚南４０１－１,098-964-3550,8000,法人,と,,R021030,12,その他専門工事,1
47003522,知事,（有）伊波設備,伊波 立夫,905-0018,名護市,大西３－９－２,0980-52-4026,5000,法人,土と石電管鋼舗水,,R040313,35,建設業（総合）,
47011981,知事,（株）伊波鉄筋,伊波 俊雄,901-2102,浦添市,前田３－７－１３,098-874-2600,1000,法人,筋,,R030817,12,その他専門工事,1
47014139,知事,いぶき（株）,比嘉 純一,900-0014,那覇市,松尾１－１０－２４,098-916-6650,10000,法人,土建大左と石屋タ鋼筋舗し板ガ塗防内絶具水解,,R020918,5,建設業（総合）,1
47013734,知事,伊不動産建設（株）,伊禮 弘友,901-1515,南城市,知念字山里１０５６－１,090-8290-1869,6000,法人,土建と石鋼舗し塗水,,R060712,5,建設業（総合）,1
47014015,知事,（株）伊平屋運輸,西銘 憲太郎,905-0702,島尻郡伊平屋村,字前泊２０１－４,0980-58-3263,2000,法人,土建と石鋼舗し塗水解,,R070612,5,建設業（総合）,
47007994,知事,（有）伊平屋興業,新崎 康孝,905-0702,島尻郡伊平屋村,字前泊２６８,0980-46-2907,28000,法人,土建と石管舗し園水,1,R060512,28,建設業（総合）,
47015201,知事,（株）今組,上間 晶,905-0428,国頭郡今帰仁村,字今泊９７－１,0980-56-5466,5000,法人,左,,R060830,0,その他専門工事,
47015025,知事,（株）Ｉｍａｇｉｎａｔｉｏｎ－Ｆｒｅｅ,新川 太信,901-0204,豊見城市,字金良４５３－９,090-6866-1691,1000,法人,建大左と石屋タ鋼筋板ガ塗防内絶具解,,R051215,0,建設業（総合）,1
47010793,知事,（有）イメージデザイン社,宇江城 安正,904-0205,中頭郡嘉手納町,字兼久８９－２,098-979-8811,3000,法人,建大屋タ内,,R070310,15,建設業（総合）,1
47009153,知事,（有）伊良波工業,伊良波 友美,901-0306,糸満市,西崎町５－９－１３,098-994-3255,20000,法人,土建大左と石屋タ鋼筋舗し板ガ塗防内絶具水,1,R060423,20,建設業（総合）,1
47015305,知事,（株）伊良部,伊良部 高士,907-0004,石垣市,字登野城５２３－１５,0980-82-0818,5000,法人,土と舗園,,R070312,0,建設業（総合）,
47005627,知事,（株）伊良部建設,伊良部 博昭,906-0105,宮古島市,城辺字長間１２５９,0980-77-2123,12000,法人,土建と石舗水,,R030611,35,建設業（総合）,
47000851,知事,伊良部工業（株）,渡久山 和彦,906-0504,宮古島市,伊良部字仲地２１３,0980-78-3031,23000,法人,土建と石鋼舗園水解,1,R030629,35,建設業（総合）,
47007138,知事,伊良部土木,前泊 芳男,906-0501,宮古島市,伊良部字前里添４１４－９,0980-78-3941,,個人,土と石舗し水,,R070407,28,建設業（総合）,
47013218,知事,伊良皆圧送,照屋 潤,904-0303,中頭郡読谷村,字伊良皆５７６,098-956-6070,,個人,と,,R040608,8,その他専門工事,1
47014504,知事,（株）イラミナ建装,伊良皆 進,901-2101,浦添市,西原１－６－１０,098-988-9850,9000,法人,塗防,,R031105 R051220,0,塗装・防水,1
47005929,知事,（有）イラミナ電設,仲座 一正,904-0303,中頭郡読谷村,字伊良皆６３１,098-956-2856,28000,法人,土と石電鋼舗し塗通水消,1,R040118,35,建設業（総合）,1
47013570,知事,（有）入江造園土木,宇良 宗人,905-1422,国頭郡国頭村,字宜名真１０３０,0980-41-8039,20000,法人,土建と石管鋼舗し塗園水解,,R051019,8,建設業（総合）,
47005151,知事,西表造園土木,金盛 浩二,907-1434,八重山郡竹富町,字南風見２０１－１５３,0980-85-5250,,個人,土と舗園水,,R070613,35,建設業（総合）,
47013871,知事,（株）西表鉄筋,西表 浩司,907-0024,石垣市,字新川３８６－２たからや＊北,0980-87-5301,3000,法人,筋,,R070117,5,その他専門工事,
47009013,知事,（有）西筋産業,西筋 秀樹,906-0601,宮古郡多良間村,字塩川５３８,0980-79-2037,20000,法人,土と石電管鋼舗し水,,R070131,20,建設業（総合）,
47012215,知事,（株）伊禮エンジニアリング,伊禮 浩,904-2142,沖縄市,登川２－１７,098-989-7720,5000,法人,管,,R050116,12,電気・設備工事,1
47000474,知事,（有）伊礼組,伊禮 朝昭,904-0204,中頭郡嘉手納町,字水釜３７９ー９,098-956-3558,42000,法人,土建大左と石屋電管タ鋼筋舗し板ガ塗防内絶具水解,1,R041121 R070704,35,建設業（総合）,1
47014800,知事,伊礼工業,伊禮 茂一,903-0804,那覇市,首里石嶺町４－１１９,090-8661-6453,,個人,と,,R041216,0,その他専門工事,1
47006315,知事,伊禮左官工業,伊禮 榮,901-2422,中頭郡中城村,字新垣１６２３－１８,098-895-2274,,個人,左,,R020825,28,その他専門工事,1
47014690,知事,（株）伊禮スチール,伊禮 晴,901-2402,中頭郡中城村,字泊５０４－１,098-988-9634,5000,法人,筋,,R040722,0,その他専門工事,1
47014159,知事,伊礼電設,伊禮 進,904-0116,中頭郡北谷町,北谷１－１３－３,098-936-6796,,個人,電,,R071009,5,電気・設備工事,1
47015432,知事,（株）いろは住樂,小谷 直,904-2242,うるま市,高江洲１１０２ １Ｆ,090-6867-1237,1000,法人,建大左と石屋タ鋼筋板ガ塗防内絶具,,R070822,0,建設業（総合）,1
47014894,知事,イワモト（株）,岩本 幹生,900-0012,那覇市,泊２－１０－４、３０１,080-6485-0903,5000,法人,土と石鋼舗し水解,,R050602,0,建設業（総合）,1
47012337,知事,インアウトアーキテクツ,石垣 俊郎,901-2126,浦添市,宮城３－２－８ １０２,098-942-0102,,個人,建大屋タ鋼内,,R050819,12,建設業（総合）,1
47011507,知事,（株）インストール沖縄,比嘉 真三,904-2141,沖縄市,池原３－２－１,098-929-1661,25000,法人,大左と石屋タ板ガ塗防内絶具,,R060415 R070710,12,塗装・防水,1
47015422,知事,（株）インテラ,新城 毅,901-0618,南城市,玉城字船越６９７－１－１０１,098-949-1669,5000,法人,建,,R070815,0,建設業（総合）,1
47008628,知事,インテリアあさひ,与那嶺 秀則,905-0401,国頭郡今帰仁村,字仲宗根３６４,0980-56-3114,,個人,内,,R041130,20,内装工事,
47012325,知事,インテリアイシカワ,石川 次子,901-2127,浦添市,屋富祖１－３－１８,098-876-8148,,個人,内,,R050717,12,内装工事,1
47005755,知事,インテリア沖装,仲村 良雄,901-2101,浦添市,西原６－９－１１,098-875-6470,,個人,内,,R031022,35,内装工事,1
47015033,知事,インテリアオクマ,奥間 政作,904-1115,うるま市,石川伊波８０１－４,098-989-1174,,個人,内,,R051228,0,内装工事,1
47014555,知事,インテリア海洋,武村 怜,903-0804,那覇市,首里石嶺町２－１２０－２,098-866-1211,,個人,内,,R040114,0,内装工事,1
47010340,知事,インテリアショップＮＯＷ,小嶺 英雄,901-0401,島尻郡八重瀬町,字東風平３１２,098-998-0228,,個人,内,,R040716,15,内装工事,1
47011888,知事,インテリア真栄,宮城 真栄,901-2122,浦添市,勢理客２－２３－１,098-874-6575,,個人,内,,R030112,12,内装工事,1
47008474,知事,インテリアディーエム,前田 眞栄,901-2225,宜野湾市,大謝名５－１８－９,098-897-9238,,個人,内,,R040608,20,内装工事,1
47013754,知事,（合）インテリアＴＥＣＫ,登野城 靖,907-0023,石垣市,字石垣４１６－３コーポラス崎山１Ｆ３,0980-83-8160,5000,法人,内,,R060808,5,内装工事,
47014808,知事,（株）インフィニティオキナワ,喜納 兼一,904-2244,うるま市,字江洲５３６－９,090-3076-4663,5000,法人,土建大左と石屋タ鋼筋舗し板ガ塗防内絶具水,,R050113,0,建設業（総合）,1
47010090,知事,（有）ウイテック,玉城 道矢,900-0021,那覇市,泉崎１－１３－２３ 島田産業ビル７０３号室,098-988-0497,3000,法人,建大屋タ内,,R030805,15,建設業（総合）,1
47004237,知事,ウイトコインダストリー（株）,餌取 真,901-2224,宜野湾市,真志喜２－１１－７,098-897-7211,40000,法人,土建大左と石屋電管タ鋼筋舗し板ガ塗防内絶具水消,1,R070221,35,建設業（総合）,1
47014891,知事,（有）ウイニング商会,奥平 誠,901-2121,浦添市,内間５－１５－２７,098-874-1845,5000,法人,土建と石鋼舗ガ水,,R050519,0,建設業（総合）,1
47013234,知事,ウインズ（株）,大城 忍,901-0617,南城市,玉城字愛地３５８,098-917-2630,1000,法人,ガ,,R040627,8,その他専門工事,1
47014642,知事,上一組,上地 純二,904-0322,中頭郡読谷村,字波平２１５１,098-956-3721,,個人,大と,,R040603,0,その他専門工事,1
47011170,知事,（有）植木ペイント,長元 朝志,901-2133,浦添市,城間４－２４－３,098-874-2663,3000,法人,土大左と石屋タ鋼舗し板ガ塗防内絶具水解,,R031228,15,建設業（総合）,1
47013892,知事,上組,福山 隆之,904-2151,沖縄市,松本２－１２－３,070-3800-9810,,個人,土と石鋼舗し水,,R070207,5,建設業（総合）,1
47014157,知事,（株）上里工業,上里 和秀,901-0214,豊見城市,保栄茂１７５－１,098-996-5386,5000,法人,と,,R021009,5,その他専門工事,1
47007570,知事,上里工務店,上里 昇,901-1205,南城市,大里字高平２０１－２,098-948-3891,,個人,大,,R030716,28,その他専門工事,1
47009864,知事,（有）うえざと木工,東上里 和広,907-0022,石垣市,字大川３５４,0980-83-3028,3000,法人,具,,R060512,20,その他専門工事,
47000983,知事,上門工業（株）,上門 信孝,904-2141,沖縄市,池原１－６－１０,098-938-3093,45000,法人,土建大左と石屋電管タ鋼筋舗しガ塗防内絶具水解,1,R040112,35,建設業（総合）,1
47012244,知事,（株）上門工業,上門 信孝,904-2242,うるま市,字高江洲７５３,098-973-6116,10000,法人,土建と石鋼舗し水,,R050319,12,建設業（総合）,1
47012276,知事,上翔左官工業,上江洲 勲,900-0003,那覇市,字安謝１９５ ３－Ｃ,098-943-8978,,個人,左,,R050514,12,その他専門工事,1
47006237,知事,上門設備,上門 義秀,904-2302,うるま市,与那城西原２８２－３,098-978-5104,,個人,土と石管舗水消,,R070604,28,建設業（総合）,1
47012481,知事,宇江城工業,宇江城 清貴,904-0011,沖縄市,照屋５－１－２,098-937-7663,,個人,と,,R060407,12,その他専門工事,1
47013217,知事,（株）上江洲建設,上江洲 正喜,904-2151,沖縄市,松本３－８－１２,098-923-0174,5000,法人,建大左と石屋タ鋼筋板ガ塗防内絶具,,R040608,8,建設業（総合）,1
47004902,知事,（有）植竹防災,植竹 正行,901-0361,糸満市,字糸満１５９０－６,098-994-5697,3000,法人,消,,R040202,35,電気・設備工事,1
47014682,知事,上田電気サービス（合）,宜保 成吉,901-0243,豊見城市,字上田１６８,090-3417-1969,1000,法人,電,,R040715,0,電気・設備工事,1
47011064,知事,（有）上地開発,上地 玄幸,906-0007,宮古島市,平良字東仲宗根７６６－１４,0980-72-9748,10000,法人,土と石管舗園水,,R030621,15,建設業（総合）,
47005082,知事,（有）上地建設,上地 英睦,904-0304,中頭郡読谷村,字楚辺１６１５－１,098-956-0948,20000,法人,土建と石鋼舗し塗水解,1,R060724,35,建設業（総合）,1
47010391,知事,上地工業（株）,上地 秀樹,903-0103,中頭郡西原町,字小那覇４９１－６,098-946-5986,10000,法人,建管機,,R041028,15,建設業（総合）,1
47007042,知事,上地工務店,仲里 清秀,905-1155,名護市,字我部祖河１２００－２２,0980-52-6168,,個人,建大左石屋タ板ガ塗防内絶具,,R030101,28,建設業（総合）,
47015041,知事,（合）上地内装,上地 秀雄,906-0006,宮古島市,平良字西仲宗根１３０１－５,0980-73-2825,600,法人,土建大と石屋タ鋼舗し内水,,R060105,0,建設業（総合）,
47003568,知事,（有）上野開発,宮國 幸人,906-0203,宮古島市,上野字宮国１４７８－５,0980-76-2600,20000,法人,土建と舗し水,1,R030207,35,建設業（総合）,
47013512,知事,（合）上原架設工業,上原 光晃,907-0014,石垣市,新栄町６９－４マルハパレス２０１,0980-87-5202,5000,法人,と解,,R050713,8,その他専門工事,
47012556,知事,（合）上原企画,上原 孝美,904-1303,国頭郡宜野座村,字惣慶４４３,098-968-6055,1000,法人,土建と石鋼舗し水解,,R060805,12,建設業（総合）,
47013244,知事,上原組,上原 英樹,901-2211,宜野湾市,宜野湾１－１７－５－２０３ 具志堅アパート,090-1940-5523,,個人,と解,,R040711,8,その他専門工事,1
47013614,知事,上原組,上原 等,901-0235,豊見城市,字名嘉地３１５－２Ｆ,098-856-6176,,個人,解,,R060109,8,その他専門工事,1
47006617,知事,（有）上原建設,上原 美佐,907-1434,八重山郡竹富町,字南風見２０１－１２８,0980-85-5521,5000,法人,土建と石管鋼舗し水,,R041022,28,建設業（総合）,
47010107,知事,（合）上原工業,上原 盛徳,904-2142,沖縄市,登川７６５,098-937-5672,1000,法人,と,,R070925,15,その他専門工事,1
47012071,知事,（有）上原工業,上原 茂裕,903-0126,中頭郡西原町,棚原１－１７－２,098-944-2560,5100,法人,具,,R040412,12,その他専門工事,1
47015157,知事,上原興業,上原 正,905-0024,島尻郡南風原町,神里１１０,090-5081-7478,,個人,防,,R060705,0,塗装・防水,1
47015186,知事,上原工業,上原 強史,906-0007,宮古島市,平良字東仲宗根９１２－７,090-8415-8574,,個人,具,,R060823,0,その他専門工事,
47009673,知事,ウエハラ工務店,上原 正幸,907-0024,石垣市,字新川２３５７－１９１,0980-83-2301,,個人,土建と石鋼舗し水,,R060628,20,建設業（総合）,
47015081,知事,上原左官,上原 和久,907-0024,石垣市,字新川２３５５－１６,0980-87-6395,,個人,左,,R060308,0,その他専門工事,
47011889,知事,（有）上原重機,上原 剛,901-0146,那覇市,具志２－８－３８,098-857-1021,3000,法人,と,,R030114,12,その他専門工事,1
47005558,知事,上原設備,上原 明男,905-1411,国頭郡国頭村,字辺土名１１８,0980-41-5404,,個人,土と石管舗水,,R070224,35,建設業（総合）,
47005421,知事,（有）上原設備工業,上原 直彦,901-0224,豊見城市,字与根１５８－３,098-856-3000,35000,法人,土と石管舗機水,1,R021109,35,建設業（総合）,1
47010414,知事,（有）上原地下,上原 修,901-0361,糸満市,字糸満８,098-992-3303,9000,法人,土建と石管鋼舗し井水,,R041121,15,建設業（総合）,1
47011713,知事,（株）上原鉄筋,楚南 誠,906-0109,宮古島市,城辺字下里添１４８－２,0980-77-4921,10000,法人,筋,,R070318,12,その他専門工事,
47013828,知事,上原電気（株）,上原 信吉,901-2225,宜野湾市,大謝名２－７－１１,098-963-5559,3000,法人,電,,R061122,5,電気・設備工事,1
47000059,知事,（株）上原土木,上原 日正,901-0361,糸満市,字糸満１２２,098-994-2130,49700,法人,土と石鋼舗し塗水,1,R040906,35,建設業（総合）,1
47012663,知事,（株）上原防水塗装,上原 良昭,901-0306,糸満市,西崎町３－３５３,098-994-5857,3000,法人,土と石鋼舗し塗防水,,R070303,12,建設業（総合）,1
47007077,知事,（有）上秀建設,上間 昭秀,905-2171,名護市,字辺野古３５３－１,0980-55-2419,20000,法人,土建大と石管鋼舗し塗水解,1,R041212 R060112,28,建設業（総合）,
47000786,知事,（有）上宏工業,外間 宏正,905-0411,国頭郡今帰仁村,字天底８６,0980-56-2999,20000,法人,土建と石電管鋼舗し塗水消解,1,R041028,35,建設業（総合）,
47011936,知事,上間ガラス工房（株）,上間 悠司,903-0804,那覇市,首里石嶺町４－１３５－１ くしばるビルＢ１・Ｂ２－１,098-884-2495,5000,法人,ガ,,R051020,12,その他専門工事,1
47010344,知事,（有）上間空調設備,上間 德次,901-3115,島尻郡久米島町,字儀間１５５－１,098-985-3715,15000,法人,土と石電管鋼舗し機水消,,R040724 R050705,15,建設業（総合）,
47013566,知事,（株）上間組,上間 文也,905-0227,国頭郡本部町,字瀬底１８７１,0980-47-5268,2000,法人,土左と石タ舗,,R051009,8,建設業（総合）,
47013061,知事,（有）上間工業,玉寄 直也,904-2161,沖縄市,古謝３－２６－１１,098-939-8680,3000,法人,絶,,R030920,8,その他専門工事,1
47013414,知事,上間鋼材（株）,上間 雅之,905-0019,名護市,大北３－１９－４６,0980-52-4190,37800,法人,土建と石鋼舗し水,,R050307,8,建設業（総合）,
47014388,知事,（株）上雅装工,上地 雅俊,904-2165,沖縄市,宮里２－１３－３,098-937-1700,3000,法人,建大左と石屋タ鋼筋板ガ塗防内絶具,,R030709,5,建設業（総合）,1
47013354,知事,（株）上マ電工,上間 安彦,903-0113,中頭郡西原町,字安室７７,098-946-4531,2000,法人,機,,R041108,8,電気・設備工事,1
47010951,知事,（有）上間電設工業,上間 雄一,904-0414,国頭郡恩納村,字前兼久１０５４－２,098-964-6406,8000,法人,電管,,R021213,15,電気・設備工事,
47002059,知事,上安組,上間 安雄,905-1147,名護市,字田井等３４７,0980-58-2282,,個人,土建と石鋼舗し水,,R060628,35,建設業（総合）,
47014251,知事,（株）ヴェリタス,村上 賢市,904-1107,うるま市,石川曙１－８－２１,098-923-3420,1000,法人,内,,R030129,5,内装工事,1
47013806,知事,ＷａｌｌＺａｃｋ（合）,ウォールズ マシュー アロン,904-0203,中頭郡嘉手納町,字嘉手納４６３,098-957-1554,10000,法人,電通,,R061011,5,電気・設備工事,1
47013046,知事,（株）請盛電工,請盛 和寿,907-0024,石垣市,字新川１９６,0980-82-1276,1000,法人,電管,,R030824,8,電気・設備工事,
47007809,知事,（有）宇堅総合開発,神谷 光信,904-2211,うるま市,字宇堅１３２１－２,098-974-4415,20000,法人,土と石鋼舗し塗水解,1,R071021,28,建設業（総合）,1
47013189,知事,丑番建設工業,丑番 美津子,904-0105,中頭郡北谷町,字吉原７１５－２ ショコラヴァーチェ２０８,090-1943-8712,,個人,と,,R040417,8,その他専門工事,1
47010637,知事,（有）宇地原工業,宇地原 秀男,901-0501,島尻郡八重瀬町,字長毛２２７,098-998-3038,5000,法人,土建と石鋼舗具水,,R030702 R060314,15,建設業（総合）,1
47007056,知事,内間建設,内間 勝良,905-0025,名護市,字幸喜１１３７－１,0980-52-7307,,個人,土建大左と石屋タ舗塗防内具水,,R030521,28,建設業（総合）,
47013289,知事,（株）内間工業,内間 武,905-0011,名護市,字宮里４４７－２ かりゆしハイツ２０３,0980-53-6792,5000,法人,左,,R040825,8,その他専門工事,
47014030,知事,（株）内間通信工業,内間 剛,905-0009,名護市,宇茂佐の森１－５－８,0980-54-0803,1000,法人,電,,R070703,5,電気・設備工事,
47004199,知事,（株）内間土建,内間 司,901-2132,浦添市,伊祖２－５－２,098-879-3481,40000,法人,土と石鋼舗し塗水解,1,R021227,35,建設業（総合）,1
47009779,知事,（有）内盛産業,内間 安盛,904-2171,沖縄市,高原４－２６－１２－２,098-923-3714,38500,法人,土建大左と石屋管タ鋼筋舗し板ガ塗防内絶園具水解,1,R041025,20,建設業（総合）,1
47014892,知事,ＷＯＯＤＹ ＷＯＲＫＳ Ｃｏ，,太田 和宏,904-2311,うるま市,勝連南風原１５０４－１０,090-8288-5371,,個人,内,,R050519,0,内装工事,1
47013898,知事,（合）Ｗｏｏｄ ａｒｔ,大笹 たける,901-0152,那覇市,字小禄１４８１－１ルネサス小禄８０２,098-917-2936,5000,法人,内,,R070221,5,内装工事,1
47014714,知事,（合）ＷＯＯＤ ＪＡＭ,内山 雅史,901-0145,那覇市,高良２－１－１７,098-953-0800,1000,法人,建大左と石屋タ鋼筋板ガ塗防内絶具解,,R040826,0,建設業（総合）,1
47010284,知事,（有）ウッドハウス,阿波根 徹,904-0314,中頭郡読谷村,字古堅８２６,098-957-1170,9900,法人,建大左石屋タ板ガ塗防内絶具,,R040418,15,建設業（総合）,1
47013487,知事,（株）Ｗｏｏｄ Ｌｉｆｅ,桃原 雅一,907-0022,石垣市,字大川４３３－１,0980-82-2038,8000,法人,内,,R050615,8,内装工事,
47015455,知事,ウネ電,宇根 英明,904-2214,うるま市,安慶名３－２８－２ ワカバハウス２０３,080-6493-1106,,個人,電,,R070919,0,電気・設備工事,1
47003016,知事,（有）宇根内装,宇根 昭雄,902-0073,那覇市,字上間４１８,098-834-7477,3000,法人,内,,R040707,35,内装工事,1
47013511,知事,（株）ｕｎｏ商会,宇野 誠,901-0154,那覇市,赤嶺２－１４－６グレイティフル泉３０２,098-987-1657,5000,法人,土と石鋼舗し水解,,R050713,8,建設業（総合）,1
47010245,知事,（有）うふにし開発,渡嘉敷 一也,904-0322,中頭郡読谷村,字波平８４５－５,098-958-6880,5000,法人,建,,R040123,15,建設業（総合）,1
47007454,知事,（有）浦工業,浦崎 政秋,901-2304,中頭郡北中城村,字屋宜原２４５－２,098-933-7974,5000,法人,土と石管鋼舗機水,,R040811,28,建設業（総合）,1
47014310,知事,宇良工業,宇良 和史,901-2203,宜野湾市,野嵩１－２２－９ ２Ｆ,080-1780-2864,,個人,と解,,R030416,5,その他専門工事,1
47011051,知事,（有）浦崎,浦崎 正典,901-0401,島尻郡八重瀬町,字東風平１３０７,098-998-7602,7000,法人,土と石電鋼舗し水,,R030606,15,建設業（総合）,1
47009154,知事,（有）浦崎建設,浦崎 家安,905-1428,国頭郡国頭村,字伊地２１１－１,0980-41-2886,20000,法人,土建大左と石屋管タ鋼筋舗し板ガ塗防内絶園具水解,1,R021201,20,建設業（総合）,
47014878,知事,浦崎建装,浦崎 政宗,904-2156,沖縄市,美里仲原町１６－１３,098-934-2192,,個人,内,,R050508,0,内装工事,1
47014018,知事,（株）浦崎工業,浦崎 直史,900-2423,中頭郡中城村,字北上原３４８,098-895-3887,3000,法人,と,,R070612,5,その他専門工事,1
47015209,知事,（株）浦崎設備工業,浦崎 直光,900-0024,那覇市,古波蔵１－２９－２８－１１０５ レーヴグランディ古波蔵一丁目,098-832-6959,5000,法人,土と石管鋼舗し水解,,R060920,0,建設業（総合）,1
47011993,知事,（有）浦崎ダンネツ工業,浦崎 岳次,901-0306,糸満市,西崎町三丁目４９４番地１階－１０２,098-996-1568,3000,法人,絶,,R030902,12,その他専門工事,1
47012721,知事,浦崎電設,浦崎 健,904-0316,中頭郡読谷村,字大木１０ Ｓ・Ｋハイム２０３,098-957-6160,,個人,電,,R070403,12,電気・設備工事,1
47006765,知事,（株）浦城産業,又吉 正,901-2113,浦添市,大平２－９－１,098-878-7271,30000,法人,土建大左と石屋電管タ鋼筋舗し板ガ塗防内絶具水,1,R030915,28,建設業（総合）,1
47006046,知事,浦添ガス工業（株）,比嘉 良文,901-2134,浦添市,字港川５００－１５,098-877-5468,22500,法人,管,,R040926,28,電気・設備工事,1
47013007,知事,（合）浦添グリーン工業,城間 孝和,901-2103,浦添市,仲間１－２２－２,098-875-7405,5900,法人,土と石鋼舗園水,,R030714,8,建設業（総合）,1
47000421,知事,浦添建設（株）,當山 隆,901-2113,浦添市,大平１－３－８,098-877-3134,41300,法人,土建と石鋼舗し塗水解,1,R030420,35,建設業（総合）,1
47005861,知事,（有）浦添水道サービスセンター,富本 祐勝,901-2102,浦添市,前田１－３－１６,098-877-9473,7500,法人,土と石管舗水,,R031227,35,建設業（総合）,1
47013531,知事,浦テックリフォーム,上原 英邦,901-2103,浦添市,仲間１－１１－８,098-874-5889,,個人,塗防,,R050813,8,塗装・防水,1
47009380,知事,（有）浦西開発,石川 浩,901-2101,浦添市,西原４－３６－２０,098-873-1144,20000,法人,土と石舗し水解,1,R061204,20,建設業（総合）,1
47007732,知事,浦西産業（株）,具志堅 全志,901-2104,浦添市,当山３－５－１,098-877-1170,10000,法人,土と石鋼舗し水,,R031225,28,建設業（総合）,1
47004659,知事,（有）浦西造園,我如古 満,901-2112,浦添市,字沢岻１２５４,098-877-3542,9000,法人,土と石鋼舗し園水,,R041014 R060610,35,建設業（総合）,1
47009553,知事,（株）浦和工業,浦崎 哲平,901-0401,島尻郡八重瀬町,字東風平１４１１－２,090-9784-5053,3000,法人,と,,R040915,20,その他専門工事,1
47008637,知事,浦和タタミ店,伊波 恒和,901-2113,浦添市,安波茶１－４８－７,098-879-1420,,個人,内,,R041206,20,内装工事,1
47012788,知事,（株）うるま工業,粟國 朝和,904-2212,うるま市,字赤野８４７－３,098-923-1701,5000,法人,と解,,R070716,12,その他専門工事,1
47008969,知事,（有）うるま産業,目差 武博,904-2205,うるま市,字栄野比４５－１,098-979-4888,6000,法人,土建大と石屋タ舗内水,,R040409,20,建設業（総合）,1
47014314,知事,うるま市管工事（同）,大宜見 正,904-2212,うるま市,字赤野１３１７,098-973-3378,2200,法人,土と石管鋼舗し水,,R030423,5,建設業（総合）,1
47014049,知事,（株）うるま住宅,米須 清智,904-2215,うるま市,みどり町１－１１－１,098-989-0615,8000,法人,建,,R020710,5,建設業（総合）,1
47013241,知事,うるま電工（合）,前堂 安正,904-2312,うるま市,勝連平安名１３２２－１,098-978-8451,1000,法人,電,,R040705,8,電気・設備工事,1
47012127,知事,（株）うるま美装,前城 正彦,904-2203,うるま市,字川崎３７６－１,098-923-2371,3000,法人,防,,R040717,12,塗装・防水,1
47015136,知事,（合）うるま防災,名嘉 幸喜,904-2303,うるま市,与那城２１９－８,098-978-3757,500,法人,電消,,R060531,0,電気・設備工事,1
47014883,知事,（合）運天重機,運天 一政,901-2101,浦添市,西原３－１２－１,098-878-5382,2000,法人,土と石鋼舗し水解,,R050512,0,建設業（総合）,1
47013314,知事,（合）エアーシステム,副島 勝美,902-0075,那覇市,字国場４１０ ジローマンション１０６,098-831-5439,3000,法人,管,,R040920,8,電気・設備工事,1
47014545,知事,（株）エアテクノサービス,大島 盛幸,907-0001,石垣市,字大浜７６４－２,0980-87-7362,10000,法人,電管,,R040107,0,電気・設備工事,
47014393,知事,（株）エアリスＯＳ,大川 真人,901-2205,宜野湾市,赤道２－１５－９,098-943-0114,5000,法人,電管,,R030709,5,電気・設備工事,1
47015190,知事,栄一総建（株）,玉榮 克規,904-2202,うるま市,字天願１３８ ２０１号,098-960-3338,1000,法人,建大屋タ内,,R060906,0,建設業（総合）,1
47013265,知事,（株）栄華土木,仲本 兼三,904-2161,沖縄市,古謝２－２－７サンライズマンション１Ｆ,098-938-0523,6000,法人,土と石鋼舗し塗水解,,R040801,8,建設業（総合）,1
47001238,知事,（有）永喜建設,大城 健,901-1116,島尻郡南風原町,字照屋３２４－２,098-882-6285,20000,法人,土建大と石屋タ舗内具水,,R040419,35,建設業（総合）,1
47012979,知事,（株）栄輝建設,佐和田 賢一,903-0118,中頭郡西原町,字小波津２３３－７７,098-943-4550,3000,法人,大と,,R030601,8,その他専門工事,1
47007696,知事,（株）栄建,宮城 栄吉,902-0074,那覇市,字仲井真２４３－４,098-835-3296,27400,法人,土建と石管鋼舗し水解,,R030220,28,建設業（総合）,1
47013034,知事,栄建（株）,漢那 政美,906-0007,宮古島市,平良字東仲宗根７４６－６,0980-73-8070,3000,法人,建大左と石屋タ鋼筋板ガ塗防内絶具解,,R030818 R050512,8,建設業（総合）,
47011440,知事,（株）エイコウ,嘉数 保一,901-1117,島尻郡南風原町,字津嘉山８０９－２神里ビル２０２号,098-894-7526,1000,法人,建,,R051106,12,建設業（総合）,1
47013435,知事,永幸工業,上間 永柱,905-0016,名護市,大東１－１－１８ 大兼久ビル１階１０１号,0980-54-3717,,個人,土と石鋼舗し塗水,,R050405 R070516,8,建設業（総合）,
47015428,知事,エイコーポレーション（株）,浅野 英子,900-0002,那覇市,曙２－２５－３８ ５階,098-988-6645,5000,法人,建,,R070912,0,建設業（総合）,1
47001389,知事,（有）永勝建設,池間 和広,906-0015,宮古島市,平良字久貝７９７－９,0980-72-3497,21000,法人,土建と石管鋼舗し水,,R051117,35,建設業（総合）,
47012758,知事,（株）榮真,平良 哲次,904-2172,沖縄市,泡瀬３－４３－２０,098-934-5151,3000,法人,と,,R070612,12,その他専門工事,1
47012999,知事,栄進建設（株）,池村 浩美,907-1541,八重山郡竹富町,字上原３２４－３４,0980-85-6602,8000,法人,土と石鋼舗し水,,R030704,8,建設業（総合）,
47010170,知事,エイシン工業,山城 栄市,903-0804,那覇市,首里石嶺町４－８２－２,098-887-0142,,個人,土と石鋼舗し水,,R030913,15,建設業（総合）,1
47009593,知事,（株）栄進電設,具志堅 栄信,904-2151,沖縄市,松本７－８－２９,098-937-2771,10000,法人,電,,R070322,20,電気・設備工事,1
47014327,知事,（有）栄進ネットワークサービス,川島 弘明,901-0242,豊見城市,字高安５７３－６,098-850-2550,3000,法人,通,,R030430,5,電気・設備工事,1
47014490,知事,（株）栄進プランテック,宮里 哲也,904-2166,沖縄市,古謝津嘉山町２４－１６,098-989-1827,5000,法人,機,,R031022,0,電気・設備工事,1
47002779,知事,（株）栄三建設,下地 豊,907-0024,石垣市,字新川２４４１－９,0980-82-5066,48000,法人,土建大左と石屋タ鋼筋舗し板ガ塗防内絶具水,1,R030817,35,建設業（総合）,
47005899,知事,（有）永大建設,福原 宏子,906-0505,宮古島市,伊良部字国仲１６８－１,0980-78-6435,30000,法人,土と石舗水,1,R031118,35,建設業（総合）,
47014292,知事,ＨＩＴ（株）,石垣 寿,907-0004,石垣市,字登野城１７２－４ １階,0980-87-6033,5000,法人,土と電管舗水,,R030319,5,建設業（総合）,
47013827,知事,（株）ＨＫＫ,比嘉 勝幸,904-0034,沖縄市,山内４－１７－１ １Ｆ,098-987-8232,5000,法人,内,,R061115,5,内装工事,1
47013879,知事,（株）エイテック,永吉 慶大,904-0314,中頭郡読谷村,字古堅５５１－１,098-956-3215,5000,法人,電,,R070124,5,電気・設備工事,1
47005156,知事,（株）栄電社,入松田 誠,907-1801,八重山郡与那国町,字与那国１２８,0980-87-2047,20000,法人,土建と石電管鋼舗し塗水,1,R070223,35,建設業（総合）,
47011514,知事,榮電舎,吉平 榮,901-2132,浦添市,伊祖１－２－８,098-870-1905,,個人,電,,R060512,12,電気・設備工事,1
47013363,知事,（株）エイト産業,山里 賢太,901-0231,豊見城市,字我那覇３０４－２－１０１,098-987-1011,10000,法人,内,,R041129,8,内装工事,1
47008913,知事,（有）エイト電気工事,島 寛幸,901-2222,宜野湾市,喜友名１－３０－１３,098-893-6750,10000,法人,土と石電鋼舗し通水解,,R061106,20,建設業（総合）,1
47013626,知事,永南ホーム,屋嘉比 哲,901-0152,那覇市,小禄１－１５－１６ ツインテラス上原１０１,098-894-6449,,個人,土建大左と石屋タ鋼筋舗し板ガ塗防内絶具水,,R060130,8,建設業（総合）,1
47014517,知事,栄盛左官工業,栄盛 武春,901-0305,糸満市,西崎１－２０－５ フレンドハウス３０１,098-987-1983,,個人,左,,R031126,0,その他専門工事,1
47009366,知事,栄門水道工事社,榮門 清一,904-2312,うるま市,勝連平安名６５８,098-978-5091,,個人,土と石管鋼舗水,,R041222,20,建設業（総合）,1
47000251,知事,栄裕建設（株）,下地 智子,903-0804,那覇市,首里石嶺町３－１６５,098-886-2327,14000,法人,土建大左と石屋タ鋼筋舗し板ガ塗防内絶具水解,,R060520,35,建設業（総合）,1
47012403,知事,（有）永裕電設,永島 康裕,900-0003,那覇市,安謝１－１８－１０,098-951-0088,3000,法人,電,,R051216,12,電気・設備工事,1
47008588,知事,栄和興業,下里 金栄,907-0024,石垣市,字新川４４２－１１,0980-83-4493,,個人,大左石屋タ板ガ塗防内絶具,,R041204,20,塗装・防水,
47009879,知事,（有）永和工業,冝保 照光,901-2112,浦添市,沢岻１１９２,098-874-0200,3000,法人,土建大と石屋管タ鋼舗し内水,,R070630,20,建設業（総合）,1
47009413,知事,栄和産業,呉屋 栄二,901-2101,浦添市,西原６－２－１０,098-874-5121,,個人,と解,,R050316,20,その他専門工事,1
47010288,知事,（有）エー・アイ・エム,山里 健市,902-0061,那覇市,古島２－１０－６,098-882-2772,5000,法人,建内,,R021226,15,建設業（総合）,1
47015119,知事,（株）ＡＳＣ,中山 勝弘,904-2164,沖縄市,桃原４－２９－６,090-4983-3571,5000,法人,土と石鋼舗し塗水,,R060510,0,建設業（総合）,1
47015040,知事,ＡＬ（株）,新垣 利江子,900-0033,那覇市,久米２－３２－１４－１０３号,098-988-1477,5000,法人,土建と石鋼舗し塗水,,R051228,0,建設業（総合）,1
47005465,知事,Ａ－ＣＲＥＡＴＥ沖縄（株）,大城 愛莉,901-0214,豊見城市,字保栄茂２３４ コーポ２３４－１０２,098-851-2760,20000,法人,土と石鋼舗し塗水解,1,R070701,35,建設業（総合）,1
47014980,知事,（株）ＡＣＳ,東恩納 寛康,904-1201,国頭郡金武町,字金武１０３９８－８ミキハウス１０２号室,098-923-3775,3000,法人,電管,,R050922 R070512,0,電気・設備工事,
47013186,知事,（株）エージー産業,東江 チエミ,904-0011,沖縄市,照屋３－３－１ アルプスビル３０５,098-937-1234,20000,法人,土と石鋼舗し水,,R040405,8,建設業（総合）,1
47009012,知事,ＡＧＣ沖縄硝子建材（株）,永松 徹,903-0103,中頭郡西原町,字小那覇１３２３,098-944-2121,30000,法人,大左石屋タ板ガ塗防内絶具,,R030722,20,塗装・防水,1
47014297,知事,（株）ＡＣＷｏｒｋｓ,又吉 康次,901-2101,浦添市,西原３－１６－１１,098-988-4890,20000,法人,建大屋タ内,1,R030402 R051027,5,建設業（総合）,1
47013397,知事,（株）エース,阿嘉 佑樹,905-0005,名護市,字為又８５６－４さくらビル１Ａ,0980-43-6144,7000,法人,塗防内,,R050117,8,塗装・防水,
47012039,知事,（株）エース重機土木,古謝 亮次,901-2101,浦添市,西原６－３４－５,098-874-4444,6000,法人,土と石鋼舗し水解,,R040112,12,建設業（総合）,1
47013869,知事,（株）Ａ．ＳＴＹＬＥ,新井 大吾,904-2242,うるま市,字高江洲８６２－３,098-955-7368,2000,法人,電,,R070117,5,電気・設備工事,1
47013955,知事,（株）エーステクノ,浜元 幸弘,904-0103,中頭郡北谷町,桑江４９９－１－１０１,098-894-8633,15000,法人,建大左と石屋タ鋼筋板ガ塗防内絶具,,R070428,5,建設業（総合）,1
47011025,知事,（有）エース電気工事社,新城 武松,902-0073,那覇市,字上間５５６－１,098-836-8633,3000,法人,電管,,R030421,15,電気・設備工事,1
47012972,知事,（有）エーツーサイン,永吉 英,901-2131,浦添市,牧港５丁目１１番２号,098-943-3802,4500,法人,と,,R030523,8,その他専門工事,1
47011643,知事,（有）エー・ティー・サポート,赤嶺 清二,901-0152,那覇市,字小禄７６３,098-891-8383,3000,法人,電通,,R061202,12,電気・設備工事,1
47013317,知事,エーテック（株）,堀内 彰,901-2133,浦添市,城間１－１５－１,098-878-0206,20000,法人,通,,R040921,8,電気・設備工事,1
47014354,知事,エープラスホーム,嘉陽 司,901-2214,宜野湾市,字我如古３７２,098-975-9660,,個人,建大左と石屋タ鋼筋板ガ塗防内絶具,,R030611,5,建設業（総合）,1
47010343,知事,（有）ＡＵ企画,上地 篤男,904-0303,中頭郡読谷村,字伊良皆５０７,098-957-0610,36000,法人,土建大左と石屋鋼筋舗し塗防内具水解,1,R051003,15,建設業（総合）,1
47012422,知事,エクラホーム（株）,諸見里 真,901-2221,宜野湾市,伊佐３－２４－７,098-898-3090,50000,法人,土建大左と石屋電管タ鋼筋舗し板ガ塗防内絶具水解,1,R030930,12,建設業（総合）,1
47013000,知事,（株）エコ・エンジニア工業,當山 弘,903-0113,中頭郡西原町,字安室４１,098-917-1635,5000,法人,土と石管鋼舗し塗機水解,,R030705 R040113,8,建設業（総合）,1
47012908,知事,（有）エコグリーンテクノ,與那嶺 龍治,901-0202,豊見城市,字嘉数１１０ー１,098-851-3834,23000,法人,土と石舗水,,R030204,8,建設業（総合）,1
47015450,知事,（有）エココンシャス,島添 融,901-0401,島尻郡八重瀬町,字東風平７９４－１,098-996-0111,30000,法人,土と石鋼舗し水,,R070919,0,建設業（総合）,1
47014340,知事,エコぜんこく（株）,鎌田 宏之,904-2171,沖縄市,高原６－１５－６ハートピアＧ４、２０１,098-989-7621,10000,法人,土と石電鋼舗し水解,,R030531,5,建設業（総合）,1
47012093,知事,（株）エコチカ,岩﨑 德孝,901-2224,宜野湾市,真志喜２－４－８,098-987-5271,30000,法人,土と,,R040522,12,建設業（総合）,1
47007191,知事,（有）エコ電水,伊波 治,904-0301,中頭郡読谷村,字座喜味３１７９,098-982-8607,3000,法人,土と石電管鋼舗水,,R070919,28,建設業（総合）,1
47014468,知事,（株）エコプラス,安次嶺 哲也,904-0031,沖縄市,上地３－１２－６ヨナシロアパート１階,098-931-9071,10000,法人,建大屋管タ内消,,R030924 R040524,0,建設業（総合）,1
47009777,知事,（有）エコラインサービス,松嶺 由紀夫,907-0002,石垣市,真栄里３７５－１０,0980-83-6182,10000,法人,土と石管鋼舗し水,,R061222,20,建設業（総合）,
47011693,知事,エジソン産業,山内 清包,901-0313,糸満市,字賀数１８２－１,098-994-8908,,個人,板,,R070215,12,その他専門工事,1
47014966,知事,ＳＩＮ（株）,國吉 真也,901-0313,糸満市,字賀数７８（１０１）,090-3419-2509,8000,法人,大,,R050825,0,その他専門工事,1
47010327,知事,（有）エスアイ・ケイ,久高 実,901-2111,浦添市,字経塚１７９－２,098-942-4577,20000,法人,土と石鋼舗し塗園水解,1,R071002,15,建設業（総合）,1
47007124,知事,（有）エス・アイ・シー,宜野座 嗣教,901-0311,糸満市,字武富５７４－８,098-992-1713,3000,法人,土建大と石屋タ鋼舗し塗内水,,R021218,28,建設業（総合）,1
47015096,知事,（株）エスアイ冷機設備,下地 克信,901-0153,那覇市,宇栄原２－１７－１４ Ｃ－３１４,098-857-7020,5000,法人,電管,,R060329,0,電気・設備工事,1
47015407,知事,（株）エスイーシー,増井 美香,900-0016,那覇市,前島２－１５－１０Ａｓｓｅｔｓ前島３階,098-988-9918,8000,法人,電,,R070801,0,電気・設備工事,1
47008866,知事,（有）エスエスアルミ工業,大浜 博昭,907-0023,石垣市,字石垣４８７－１,0980-83-7071,8500,法人,土建大左と石屋管タ鋼筋舗し板ガ塗防内絶具水,,R021201,20,建設業（総合）,
47014749,知事,（株）ＳＮクラフト,名嘉 新也,902-0069,那覇市,松島２－７－３,098-988-1949,5000,法人,建大左と石屋タ鋼筋板ガ塗防内絶具,,R041021,0,建設業（総合）,1
47013107,知事,ＳＫ（株）,羽地 勝也,901-2212,宜野湾市,長田３－３５－３,098-923-2189,1000,法人,土建大左と石屋タ鋼筋舗し板ガ塗防内絶具水,,R031201,8,建設業（総合）,1
47014183,知事,（株）ＳＫスチール,下地 薫,906-0015,宮古島市,平良字久貝９０６－６,090-2526-3437,5000,法人,筋,,R040929,5,その他専門工事,
47014061,知事,エスケイ電気（株）,喜久山 勝盛,904-2235,うるま市,字前原１６３－２,098-974-3150,10000,法人,電管,,R070717,5,電気・設備工事,1
47014261,知事,（株）ＳＫ電気,藤田 公己,901-0241,豊見城市,字豊見城４４３－３,098-851-7332,1000,法人,電,,R030219,5,電気・設備工事,1
47014499,知事,（株）ＳＴ．Ｗ,新城 千佳,901-0504,島尻郡八重瀬町,字後原５９－３,098-988-4347,5000,法人,塗防,,R031029,0,塗装・防水,1
47010988,知事,エスティーヌ産業,仲宗根 朝幸,904-0021,沖縄市,胡屋６－７－２７,098-989-0350,,個人,建,,R030306,15,建設業（総合）,1
47011569,知事,（株）ＳＴＧコーポレーション,當山 邦貴,902-0069,那覇市,松島１－４－１６,098-975-5753,23000,法人,土建大左と石屋タ鋼筋舗し板ガ塗防内絶具水解,,R060723,12,建設業（総合）,1
47009353,知事,（有）エスティ通信,島袋 光人,901-0151,那覇市,鏡原町１６－２,098-857-6723,4000,法人,電通,,R041204,20,電気・設備工事,1
47014965,知事,（株）エステートプランナー,上原 勝,907-0024,石垣市,字新川２４６２－３４,098-975-7421,5000,法人,土建と石鋼,,R050825,0,建設業（総合）,
47013995,知事,ＳＹＳ建設（株）,新城 博正,906-0013,宮古島市,平良字下里２１５４－１４ １０２,0980-79-5883,3000,法人,土建大左と石屋タ鋼筋板ガ塗防内絶具解,,R070617,5,建設業（総合）,
47002685,知事,（有）江田企画開発,江田 歳徳,901-2215,宜野湾市,真栄原３－７－１２,098-898-5061,6000,法人,建,,R061222,35,建設業（総合）,1
47006590,知事,エッカ石油（株）,上地 啓太,901-2131,浦添市,牧港５－３－２,098-879-3939,40000,法人,管,,R030604,28,電気・設備工事,1
47013069,知事,（株）エッジ・ファクトリー,秦 康展,905-1155,名護市,字我部祖河３２１,0980-52-7707,10000,法人,土建大左と石屋タ鋼筋舗し板ガ塗防内絶具水,,R060603,8,建設業（総合）,
47014259,知事,（株）ＥＮＡプラン,金城 一,903-0112,中頭郡西原町,字我謝２４１－６１,090-3792-8637,3000,法人,管,,R030205,5,電気・設備工事,1
47013951,知事,（株）縁,前里 直也,906-0013,宮古島市,平良字下里２７１大政マンションＡ－１０２,0980-72-3556,8000,法人,土建と石電舗水,,R070424,5,建設業（総合）,
47013710,知事,ＮＨフロアー,仲村渠 洋,904-2172,沖縄市,泡瀬４－２９－８,098-937-6568,,個人,大左石屋タ板ガ塗防内絶具,,R060614,5,塗装・防水,1
47010852,知事,ＮＳ工業,仲里 達也,901-2401,中頭郡中城村,久場１９１９－３,090-3795-9196,,個人,左,,R070713,15,その他専門工事,1
47014921,知事,（株）ＮＳコーポレーション,中根 辰太郎,904-0104,中頭郡北谷町,字桃原７－３ コーポ浜１Ｆ,098-989-7696,5000,法人,建,,R050622,0,建設業（総合）,1
47015174,知事,（合）Ｎ．ＧＲＯＷカンパニー,仲里 和馬,901-2131,浦添市,牧港４－２５－１,080-1775-5031,60,法人,管,,R060802,0,電気・設備工事,1
47011559,知事,Ｎ建設工房,仲眞 豊,904-2244,うるま市,字江洲６９１－６,098-989-0550,,個人,土建大と石屋タ鋼舗し内水,,R060706,12,建設業（総合）,1
47011497,知事,（株）エヌ・シー・エス,砂川 正,901-1117,島尻郡南風原町,字津嘉山１２１６－１ ＣＳビル,098-889-8875,20000,法人,建大屋タ内,1,R060303 R070319,12,建設業（総合）,1
47014689,知事,エヌティー企画,名嘉山 敬之,904-2215,うるま市,みどり町４－７－１ かでなビル２０３,098-989-0188,,個人,塗,,R040722,0,塗装・防水,1
47004105,知事,ｎｐｌａｎ（有）,廣瀬 勲,904-2243,うるま市,字宮里７９９,098-973-2588,5000,法人,土建と石鋼舗水,,R021206,35,建設業（総合）,1
47015456,知事,（合）Ｎ－Ｌｉｎｋ,波平 冬路,904-0322,中頭郡読谷村,字波平３６ ＫＨ店舗,090-7866-0863,2000,法人,建大屋タ内,,R070926,0,建設業（総合）,1
47011568,知事,（株）エネシス,玉城 貞夫,901-1117,島尻郡南風原町,字津嘉山１６８８－１,098-851-9172,10000,法人,電,,R060717,12,電気・設備工事,1
47009198,知事,（有）栄野比土建,栄野比 かおり,904-0104,中頭郡北谷町,字桃原７－７,098-936-9463,25000,法人,土建大左と石屋タ鋼筋舗し板ガ塗防内絶具水解,1,R070420,20,建設業（総合）,1
47006734,知事,（株）エノビ防災技研,栄野比 剛,904-0022,沖縄市,園田２－３５－１６,098-932-0715,30000,法人,土と石電管鋼舗し塗機水消,1,R060627,28,建設業（総合）,1
47010400,知事,（有）エバ,糸洲 芳彦,901-2126,浦添市,宮城６－１４－３,098-878-5008,5000,法人,建大屋タ内,,R041126,15,建設業（総合）,1
47010315,知事,エフ・エー企画,渡嘉敷 直也,904-2172,沖縄市,泡瀬１－４０－１,098-934-9952,,個人,土建大と石屋タ鋼舗し内水,,R040607,15,建設業（総合）,1
47015267,知事,ＦＮＤ（株）,梶岡 之誠,900-0032,那覇市,松山２－２１－２６ ＫＳビルディング１階,098-861-6868,30000,法人,建大屋タ内,,R070110,0,建設業（総合）,1
47015121,知事,（株）ＦＯＡ,宮城 舞子,903-0125,中頭郡西原町,上原２－２３－２ サンテラス屋良２０５,098-943-9127,3000,法人,土建大と石屋タ鋼舗し内水解,,R060510,0,建設業（総合）,1
47014169,知事,（株）エフワン,玉城 武志,901-2132,浦添市,伊祖１－２９－１,098-963-6682,1500,法人,土と石鋼舗し水,,R021016,5,建設業（総合）,1
47012410,知事,（株）エマオ,安次富 淳子,902-0074,那覇市,字仲井真４００－１ 海邦産業ビル２Ｆ,098-963-4588,7000,法人,建大屋電タ内,,R051226,12,建設業（総合）,1
47015164,知事,（合）エム,玉城 満,905-0428,国頭郡今帰仁村,字今泊９５－１,0980-43-9327,1000,法人,土建と舗,,R060712,0,建設業（総合）,
47014881,知事,Ｍ・Ｉ ＨＯＭＥ,伊禮 学,904-0032,沖縄市,諸見里３－５－３－２０５,098-923-3981,,個人,大左石屋タ板ガ塗防内絶具,,R050512,0,塗装・防水,1
47011142,知事,（株）エムエープランニング,比嘉 ナエ子,905-0501,国頭郡伊江村,字東江上５１４－１,0980-49-5288,1000,法人,土建大と屋タ舗塗内解,,R031026,15,建設業（総合）,
47014372,知事,ＭＳライフサービス（株）,具志堅 誠生,904-2174,沖縄市,与儀１－４－２６,098-989-5637,5000,法人,電管,,R030625,5,電気・設備工事,1
47014265,知事,Ｍ開発,島根 誠,904-2245,うるま市,字赤道８１８－１０,098-989-8091,,個人,土と石鋼舗し水解,,R030219 R070820,5,建設業（総合）,1
47014206,知事,Ｍクリエイト（株）,森根 操,904-2245,うるま市,字赤道６０６－７,098-989-6561,3000,法人,と屋管筋板解,,R021127 R030601 R051220,5,電気・設備工事,1
47013398,知事,（株）ＭＫ,伊覇 行一,902-0065,那覇市,壺屋２－１３－２０,098-854-5031,3000,法人,建,,R050119,8,建設業（総合）,1
47014841,知事,（株）ＭＫ,圓尾 優,901-0242,豊見城市,字高安９３３－４（３０２）,080-3302-3535,2000,法人,筋,,R050317,0,その他専門工事,1
47014906,知事,（株）ＭＫハウス,都澤 哲,901-2126,浦添市,宮城６－１７－３,098-963-9342,5000,法人,建,,R050616,0,建設業（総合）,1
47013781,知事,エムケイプランニング,神谷 満,901-0413,島尻郡八重瀬町,字志多伯１３６,098-998-1851,,個人,管内,,R060917,5,電気・設備工事,1
47014618,知事,（株）Ｍ・コーポレーション,上原 純菜,904-2143,沖縄市,知花３－１２－３,098-979-8102,1000,法人,土と石管鋼舗し水,,R040422 R070710,0,建設業（総合）,1
47012829,知事,（有）エムシーイーコーポレーション,宮城 利行,903-0125,中頭郡西原町,上原２－１５－１,098-944-6535,20000,法人,建大屋タ鋼内,1,R070911,12,建設業（総合）,1
47015153,知事,（合）Ｍ．Ｃ．Ｌ,山城 光,901-2112,浦添市,沢岻２－８－５ メゾンブランシェ１０２,098-975-5211,100,法人,建大屋タ内,,R060628,0,建設業（総合）,1
47014763,知事,（株）エム・システム沖縄,宮里 吉行,904-2204,うるま市,字西原８７２,098-989-8688,3000,法人,内,,R041104,0,内装工事,1
47012617,知事,（株）エムズ,宮城 信次,901-0235,豊見城市,字名嘉地１０８－２・１０３,098-851-9359,200,法人,建大左と石屋タ鋼筋板ガ塗防内具,,R061204,12,建設業（総合）,1
47014469,知事,エムズオキナワ（株）,大城 基樹,904-2244,うるま市,字江洲３５５芝ビル３Ｆ,098-974-1724,3000,法人,管,,R030924,0,電気・設備工事,1
47015020,知事,（株）エムスタイルリフォーム琉球,我部 政斗,901-2203,宜野湾市,野嵩２－２－１ ＲａｆｆｉｎｅＮｕｄａｋｉ２０３,098-917-1562,1000,法人,塗,,R051208,0,塗装・防水,1
47014762,知事,（株）エムズプラン,又吉 安彦,901-2101,浦添市,西原４－１３－６,098-874-4610,3000,法人,電,,R041104,0,電気・設備工事,1
47012028,知事,エムティー装飾,多和田 真,901-1304,島尻郡与那原町,字東浜１３－１５,098-943-2320,,個人,内,,R031201,12,内装工事,1
47011906,知事,ＭＴリフォーム,渡久地 真生,904-1201,国頭郡金武町,金武６７１－２ １０２号,098-968-7307,,個人,塗防,,R030228,12,塗装・防水,
47010387,知事,（有）ＭＢライフカンパニー,高嶺 芳彦,902-0068,那覇市,真嘉比３－５－１６,098-884-2849,3000,法人,建内,,R050808,15,建設業（総合）,1
47013698,知事,ＭＰ琉球（株）,宮里 顕治,901-0211,豊見城市,字饒波５２,098-851-9597,5000,法人,建大屋タ内,,R060531,8,建設業（総合）,1
47015346,知事,エム・ワークス（株）,藤井 基樹,906-0012,宮古島市,平良字西里６６４－５１・１－Ｅ,080-1762-2305,500,法人,と,,R070509,0,その他専門工事,
47012006,知事,ＬＳＤｄｅｓｉｇｎ（株）,平良 玄峰,901-2204,宜野湾市,上原２－３－６,098-894-4282,20000,法人,土建大左と石屋タ鋼筋舗し板ガ塗防内絶具水解,,R031013,12,建設業（総合）,1
47015130,知事,（株）ＬＭサポート,山川 重喜,902-0076,那覇市,与儀１－１４－１０ １－Ｂ,098-987-0534,2000,法人,電,,R060517,0,電気・設備工事,1
47013923,知事,（有）ＥＬライトエンジニアリング,上地 繁,904-0324,中頭郡読谷村,字長浜１７３２－３,098-911-8188,3200,法人,電,,R070319,5,電気・設備工事,1
47015105,知事,エレクト・コミュ（株）,仲嶺 友博,903-0104,中頭郡西原町,字兼久２１２－１０,098-955-4183,110,法人,電,,R060405,0,電気・設備工事,1
47010139,知事,（株）エレドック沖縄,東恩納 靖,900-0032,那覇市,松山２－２３－１７,098-861-7735,20000,法人,電機,,R030629,15,電気・設備工事,1
47012924,知事,エンジニアリング・機孔,仲里 晃,901-0152,那覇市,字小禄１４８１－６ ピア・アーバン小禄２０７,098-859-3472,,個人,と,,R030314,8,その他専門工事,1
47012105,知事,エンジョイホーム（株）,小濱 さとみ,901-2227,宜野湾市,宇地泊１－１１－７,098-890-5602,40000,法人,建大左と石屋タ鋼筋板ガ塗防内絶具,1,R040618,12,建設業（総合）,1
47014956,知事,（株）Ｅｎｓｈｉｎ,伊計 博隆,901-2224,宜野湾市,真志喜２－６－１０－１０１,098-975-7033,1000,法人,電,,R050810,0,電気・設備工事,1
47013744,知事,（株）遠藤鉄筋工業,遠藤 ホセ,904-1111,うるま市,石川東恩納１１５９,098-963-0281,5000,法人,筋,,R060726,5,その他専門工事,1
47008819,知事,（有）エントランス開発,久貝 隆敏,903-0121,中頭郡西原町,字内間１０５－４,098-946-1450,5000,法人,大左石屋タ板ガ塗防内絶具,,R050527,20,塗装・防水,1
47014146,知事,（合）縁紡道測土建設,狩俣 宣也,906-0202,宮古島市,上野字新里３３５,080-6488-8896,1000,法人,土と石鋼舗し水,,R070918,5,建設業（総合）,
47013185,知事,（株）円満企画,塩川 秀和,901-0205,豊見城市,字根差部７２５－１Ｆ,098-927-9401,5000,法人,建大左と石屋タ鋼筋板ガ塗防内絶具,,R040405,8,建設業（総合）,1
47009646,知事,（株）オアシス,比嘉 秀樹,901-2215,宜野湾市,真栄原３－３１－２１,098-890-3005,30000,法人,建,,R060625,20,建設業（総合）,1
47011902,知事,（株）央章産業,池宮城 政章,905-0215,国頭郡本部町,字野原６７７,0980-47-6338,20000,法人,建管,,R040706,12,建設業（総合）,
47014683,知事,横真鉄筋工業,横田 武,904-2215,うるま市,みどり町２－４－１,080-1719-6149,,個人,筋,,R040715,0,その他専門工事,1
47010603,知事,（株）ＯＴＫ,松川 良,900-0001,那覇市,港町２－１６－１,098-862-0025,90000,法人,土と石鋼舗し塗機水,,R060106,15,建設業（総合）,1
47013870,知事,（株）凰琉堂,照屋 和宣,903-0807,那覇市,首里久場川町２－１５２－９,098-873-0112,3000,法人,電通,,R070117,5,電気・設備工事,1
47013148,知事,（株）オーイーエスエンジニアリング,吉田 久,901-0401,島尻郡八重瀬町,字東風平２０－５,098-987-0185,9000,法人,土と石電鋼舗し通水解,,R040215,8,建設業（総合）,1
47005943,知事,（有）大井工業,伊波 勉,904-1106,うるま市,石川８８６－９ 伊波アパート１階,098-963-0203,5000,法人,鋼機,,R030427,35,電気・設備工事,1
47012254,知事,（株）大石建設工業,大石 靖,904-2203,うるま市,字川崎２７９－６,098-989-3504,3000,法人,具,,R050410,12,その他専門工事,1
47003333,知事,（有）大一土建,大城 康裕,901-0612,南城市,玉城字當山１９５－２,098-948-7527,40000,法人,土建大と石管鋼舗し塗水解,1,R061208,35,建設業（総合）,1
47014153,知事,大浦組（株）,大浦 猛,901-2423,中頭郡中城村,字北上原５５３,090-6860-7611,5000,法人,大と,,R051001,5,その他専門工事,1
47011875,知事,大浦電設,浦崎 直憲,901-2132,浦添市,伊祖１－２１－３,098-876-3800,,個人,電,,R021216,12,電気・設備工事,1
47013413,知事,（有）オーエス,大城 康男,901-2405,中頭郡中城村,字屋宜２７９,098-895-5088,20000,法人,土建と石管鋼舗し塗水,,R050307,8,建設業（総合）,1
47010064,知事,（有）ＯＳＧ,金城 若奈,901-2223,宜野湾市,大山２－３－３,098-917-0114,7000,法人,土と石鋼舗しガ内水,,R030507,15,建設業（総合）,1
47011474,知事,（有）オー・エス・ティー,與那嶺 広樹,901-1102,島尻郡南風原町,字宮城２６０,098-835-6170,3000,法人,通,,R060106,12,電気・設備工事,1
47009849,知事,（株）オーエスディー,久高 唯明,904-0103,中頭郡北谷町,桑江１－９－４６ オーエスディービル２Ｆ,098-983-7888,20000,法人,土建大左と石屋タ鋼筋舗し板ガ塗防内絶具水解,1,R050703,20,建設業（総合）,1
47013229,知事,（合）ＯＳＰ,松尾 宏樹,900-0015,那覇市,久茂地３－９－１２ タカビル２０２,070-5500-1721,1000,法人,建,,R040626,8,建設業（総合）,1
47011338,知事,（株）オーエスビー沖縄,小森 將司,904-0116,中頭郡北谷町,北谷１－１２－３,098-921-7577,10000,法人,建大屋タ内機,,R050311,12,建設業（総合）,1
47010477,知事,ＯＮＥ（株）,仲宗根 盛和,905-2172,名護市,字豊原２２４－３,0980-50-0588,20000,法人,電通,,R050428,15,電気・設備工事,
47013858,知事,（株）ＯＭｅｃｏｔｅｃ,大城 敏,901-0156,那覇市,字田原３０１－３,098-987-1807,10000,法人,土建大左と石屋電タ鋼筋舗し板ガ塗防内絶通具水解,,R030927,5,建設業（総合）,1
47015173,知事,（有）オーガニックスタジオ沖縄,近藤 修治,904-2173,沖縄市,比屋根２－７－１８,098-989-9664,8800,法人,建大屋タ鋼内,,R060802,0,建設業（総合）,1
47010152,知事,（有）オーガニックホーム,浦崎 稔哲,901-1202,南城市,大里字平良２１６５－１,098-963-9031,3000,法人,建,,R030810,15,建設業（総合）,1
47012476,知事,（株）大川,外間 幸一,904-2174,沖縄市,与儀３－２０－１,098-930-7272,45750,法人,建大屋タ内,,R060331,12,建設業（総合）,1
47000190,知事,（株）大川工業,大宜見 正,904-1106,うるま市,石川２２８７－２,098-964-2169,30000,法人,土と石電管舗水消,1,R040530,35,建設業（総合）,1
47015266,知事,（合）大紀,久場 紀,901-1301,島尻郡与那原町,字板良敷４６７－６,098-964-2217,1000,法人,土と石舗水,,R070110,0,建設業（総合）,1
47007925,知事,（有）大喜建設,平良 善弘,905-1319,国頭郡大宜味村,字宮城５５,0980-44-2618,20000,法人,土建と石管鋼舗し塗園水,1,R030705,28,建設業（総合）,
47013469,知事,大喜工業（株）,喜屋武 久,904-2222,うるま市,字上江洲４７２－１,098-988-5248,3000,法人,絶,,R050601,8,その他専門工事,1
47009702,知事,（有）大喜商建,大城 栄喜,901-0305,糸満市,西崎１－３１－１３,098-995-2313,5000,法人,土建大と石屋タ鋼舗し内水解,,R041017,20,建設業（総合）,1
47007326,知事,（有）大北建設,仲井間 憲明,905-0019,名護市,大北一丁目３－２７,0980-52-4226,10000,法人,土と石舗水,,R070929,28,建設業（総合）,
47000828,知事,（有）大宜見組,大宜見 智惠子,907-1801,八重山郡与那国町,与那国２－２,0980-87-2043,10000,法人,土建大左と石屋電管タ鋼筋舗し板ガ塗防内絶園具水,,R030416,35,建設業（総合）,
47006361,知事,（株）大宜見組,鈴木 俊一郎,902-0061,那覇市,古島１－９－１２,098-887-0380,27000,法人,土建大左と石屋タ鋼筋舗し板ガ塗防内絶具水解,1,R041001,28,建設業（総合）,1
47009572,知事,（有）大國建材,大嶺 愛,905-1415,国頭郡国頭村,字浜２２３,0980-41-2320,5000,法人,建大屋タ内,,R060106,20,建設業（総合）,
47002744,知事,（資）大久保畳商店,益田 隆一,901-2133,浦添市,城間３－３－１９,098-877-3685,3000,法人,内,,R021224,35,内装工事,1
47014863,知事,（株）オークラ海事建設,大涯池 正樹,900-0002,那覇市,曙３－１８－１０ 森山ビル２階,098-963-9128,5000,法人,土と石鋼舗し水,,R050421,0,建設業（総合）,1
47005358,知事,（有）大蔵工業,具志堅 亮市,904-0111,中頭郡北谷町,字砂辺３１０－５,098-936-5542,10000,法人,土建と石鋼舗し内絶水,,R070810,35,建設業（総合）,1
47006894,知事,（有）大倉サッシ,比嘉 真三,901-1414,南城市,佐敷字津波古７４番地,098-947-2123,5000,法人,建具,,R070715,28,建設業（総合）,1
47011480,知事,大倉産業（株）,仲程 好信,906-0012,宮古島市,平良字西里１０８２,0980-73-0098,10000,法人,土建と石電管鋼舗し水消,,R060122,12,建設業（総合）,
47010471,知事,（有）Ｏ、Ｋ建設,大村 敏則,900-0033,那覇市,久米１－２４－１０,098-861-5673,5000,法人,建,,R050415,15,建設業（総合）,1
47004775,知事,（有）オーケイ設備,大城 盛二郎,901-1117,島尻郡南風原町,字津嘉山５２９,098-889-3713,30000,法人,土建と石電管鋼舗し水消,,R070726,35,建設業（総合）,1
47013084,知事,（株）大﨑工務店,﨑山 英祐,907-0024,石垣市,字新川１６９５－１０６,0980-83-9616,1000,法人,建大と,,R041130,8,建設業（総合）,
47014331,知事,大里組,大里 竜馬,904-2314,うるま市,勝連平敷屋３４,098-987-8628,,個人,大と,,R030521,5,その他専門工事,1
47006586,知事,（有）大里建設,大里 光明,907-0024,石垣市,字新川２２７４－９,0980-82-9555,30000,法人,土建と石管鋼舗し塗園水,1,R061124,28,建設業（総合）,
47014140,知事,（株）大里工業,平良 長彦,901-1203,南城市,大里字大城２４０３－２,090-7449-4914,2000,法人,と,,R070911,5,その他専門工事,1
47004357,知事,大里総合建材（株）,新垣 泰一,901-1204,南城市,大里字稲嶺１９８１,098-945-5604,44400,法人,土建大と石屋タ鋼舗しガ内具水解,,R061217,35,建設業（総合）,1
47009950,知事,大里電気,仲程 隆,901-1206,南城市,大里字仲間４７９－２,098-944-1712,,個人,電,,R071016,20,電気・設備工事,1
47008944,知事,（株）オーシーシー,天久 進,901-2112,浦添市,沢岻２－１７－１,098-876-1171,48800,法人,電通,,R030318,20,電気・設備工事,1
47014554,知事,（株）ＯＧＣ,金城 優樹,904-0001,沖縄市,越来１－１９－７－３０２,080-4690-7339,1000,法人,土と石鋼舗し水,,R040114,0,建設業（総合）,1
47007120,知事,（有）大繁建設,赤嶺 繁夫,901-0223,豊見城市,字翁長２９２－４,098-850-5059,3000,法人,土建と石管鋼舗水解,,R050803,28,建設業（総合）,1
47014838,知事,大繁建設,大城 繁徳,904-0323,中頭郡読谷村,字高志保５０４－３,098-958-5940,,個人,大と,,R050414,0,その他専門工事,1
47000280,知事,（有）大謝名電工,山城 克己,901-2216,宜野湾市,字佐真下４０,098-897-4806,10000,法人,電,,R040122,35,電気・設備工事,1
47013584,知事,（株）オーシャン,津嘉山 令,904-2151,沖縄市,松本７－８－１８,098-939-2099,1000,法人,土建大と石屋タ鋼舗し塗内水,,R051116,8,建設業（総合）,1
47008407,知事,（株）オーシャン・シギラ,新里 ひろみ,906-0202,宮古島市,上野字新里１０６６－１,0980-76-2977,20000,法人,土建大左と石屋管タ鋼筋舗し板ガ塗防内絶園具水解,1,R021220,20,建設業（総合）,
47001318,知事,（有）大城アルミ工業,大城 勇,901-0306,糸満市,西崎町５－８－３,098-994-3831,3000,法人,土建大と石鋼舗内具水,,R040430,35,建設業（総合）,1
47013900,知事,（有）オオシロインターナショナル,大城 將二,904-1201,国頭郡金武町,字金武６２９５－１,098-968-4420,5000,法人,土建大左と石屋タ鋼筋舗し板ガ塗防内絶具水解,,R070323,5,建設業（総合）,
47014067,知事,大城架設,大城 裕次,901-1303,島尻郡与那原町,字与那原７８５ 當間アパート２０１号,098-946-9804,,個人,と解,,R070727,5,その他専門工事,1
47000074,知事,（株）大城組,仲西 聰,901-2122,浦添市,勢理客４－１８－５,098-877-3625,100000,法人,土建大左と石屋電管タ鋼筋舗し板ガ塗防内機絶園具水解,1,R050825,35,建設業（総合）,1
47012137,知事,オオシロ組,大城 俊一,905-0227,国頭郡本部町,字瀬底４３５,0980-47-6241,,個人,大,,R040802,12,その他専門工事,
47013980,知事,大城組,大城 良史,904-0323,中頭郡読谷村,字高志保３２５－１,090-9070-5981,,個人,大,,R070522,5,その他専門工事,1
47013650,知事,大城軽天,大城 武重,901-1117,島尻郡南風原町,字津嘉山３１５（２０１）,090-1085-9006,,個人,内,,R060329,8,内装工事,1
47000098,知事,（有）大城建設,大城 光博,905-0503,国頭郡伊江村,字川平４１３－３,0980-49-2100,25000,法人,土建大左と石屋電管タ鋼筋舗し板ガ塗防内絶園具水解,1,R030822 R060229,35,建設業（総合）,
47005360,知事,（有）大城建設,大城 洋子,901-0305,糸満市,西崎２－３５－９,098-994-2037,33000,法人,土建大左と石屋管タ鋼筋舗し板ガ塗防内絶具水,1,R040306,35,建設業（総合）,1
47010947,知事,大城工業,大城 健作,901-2211,宜野湾市,宜野湾３－７９－１,098-893-3478,,個人,と,,R021202,15,その他専門工事,1
47012060,知事,大城工業（株）,大城 淳,904-2241,うるま市,字兼箇段１２７４－１,098-979-7031,5000,法人,管,,R040220,12,電気・設備工事,1
47014164,知事,大城工業,大城 正敏,901-0613,南城市,玉城志堅原２６－２,098-948-1057,,個人,と,,R021016,5,その他専門工事,1
47014434,知事,大城工業,大城 智,901-0342,糸満市,字糸洲４２８,090-3790-7528,,個人,具,,R030820,0,その他専門工事,1
47014752,知事,（株）大城工業,大城 保幸,901-0314,糸満市,字座波１０９４－１,090-4994-5919,2000,法人,筋,,R041021,0,その他専門工事,1
47014365,知事,（有）大城材木店,大城 義幸,905-0503,国頭郡伊江村,字川平１７５－３,0980-49-2058,3000,法人,具,,R030618,5,その他専門工事,
47012096,知事,（有）大城左官工業,金良 みゆき,900-0037,那覇市,辻１－１４－９,098-917-5632,7000,法人,大左石屋タ板ガ塗防内絶具,,R040530 R050501,12,塗装・防水,1
47009370,知事,大城産業（株）,大城 永雄,901-2126,浦添市,宮城２－１６－１３,098-874-2525,20000,法人,土建大左と石屋管タ鋼筋舗し板ガ塗防内絶具水解,,R041224,20,建設業（総合）,1
47013792,知事,オオシロ商事（株）,大城 五十徳,901-0301,糸満市,字阿波根１３６１－１,098-994-9537,5000,法人,土建大左と石屋タ鋼筋舗し板ガ塗防内絶具水解,,R060927,5,建設業（総合）,1
47003812,知事,（有）大城水道工事社,玉城 真由美,904-2143,沖縄市,知花６－１５－５,098-938-4538,20000,法人,土と石管鋼舗し塗水,1,R071002,35,建設業（総合）,1
47010555,知事,大城鉄筋,大城 吉則,901-1111,島尻郡南風原町,字兼城４４４,098-944-1246,,個人,建筋,,R050910,15,建設業（総合）,1
47005294,知事,大城鉄筋工業,大城 盛勇,901-2317,中頭郡北中城村,字瑞慶覧６５７－３,098-932-7264,,個人,筋,,R070518,35,その他専門工事,1
47009279,知事,大城鉄筋工業,大城 毅,904-0014,沖縄市,仲宗根町１９－１４ 川満アパート,098-938-7841,,個人,筋,,R040808,20,その他専門工事,1
47015447,知事,おおしろ電気,大城 秀隆,901-0224,豊見城市,字与根２１１－３,090-3322-0277,,個人,電,,R070912,0,電気・設備工事,1
47015079,知事,オーシロ電気（株）,大城 哲也,901-0315,糸満市,字照屋５９１,098-851-9579,3000,法人,電,,R060301,0,電気・設備工事,1
47014382,知事,大城土建,大城 久雄,901-1117,島尻郡南風原町,字津嘉山３９７,090-8290-5795,,個人,土と石鋼舗し塗水,,R030709,5,建設業（総合）,1
47010787,知事,大城塗装工業,大城 雅彦,904-2142,沖縄市,登川２－２６－１３,098-939-9527,,個人,塗,,R070301,15,塗装・防水,1
47014247,知事,（株）大城内装,大城 敦,901-1104,島尻郡南風原町,字宮平５６４,098-995-7716,5000,法人,内,,R030129,5,内装工事,1
47006437,知事,（有）大城ブロック工業,大城 和吉,901-1204,南城市,大里字稲嶺１０５,098-946-8126,7000,法人,タ,,R021210,28,その他専門工事,1
47010373,知事,大空企画（有）,糸数 聡,904-1111,うるま市,石川東恩納１６４８,098-975-6656,10000,法人,土建大と石屋タ鋼舗し塗内水,,R040930,15,建設業（総合）,1
47014519,知事,大空電気,松田 等,901-2102,浦添市,前田１－５１－３,090-4993-3209,,個人,電,,R031126,0,電気・設備工事,1
47012388,知事,（株）太田,朴 英玉,901-2131,浦添市,牧港４－６－１,098-876-2759,15000,法人,建大屋タ内,,R051120,12,建設業（総合）,1
47015132,知事,（有）オオタ,大田 保,900-0033,那覇市,久米二丁目２５番１０号１Ｆ,098-867-7527,3000,法人,電,,R060524,0,電気・設備工事,1
47013527,知事,大高商事（株）,中村 裕二,900-0002,那覇市,曙２－１４－１３,098-861-2213,30000,法人,と,,R050803,8,その他専門工事,1
47007020,知事,（有）大田機電,玉城 美香,901-2132,浦添市,伊祖５－６－１,098-877-8096,6000,法人,電機,,R041113,28,電気・設備工事,1
47009689,知事,太田組,太田 克美,904-2173,沖縄市,比屋根３－１１－２５,098-932-7108,,個人,建大屋タ内,,R060719,20,建設業（総合）,1
47008406,知事,（有）大武建設,川上 則次,906-0501,宮古島市,伊良部字前里添２８４－１,0980-78-4912,7000,法人,土建と石管鋼舗塗園水,,R040125,20,建設業（総合）,
47012053,知事,大武建設（株）,大城 保,904-0323,中頭郡読谷村,字高志保３２８,098-958-5268,8000,法人,土建大と石舗水,,R040215,12,建設業（総合）,1
47014384,知事,（株）大竹ペイント工業,前嵩 伸雄,904-2162,沖縄市,海邦２－８－１４,098-921-1123,5000,法人,塗,,R030709,5,塗装・防水,1
47000001,知事,太田建設（株）,太田 秀吉,904-2173,沖縄市,比屋根４－２９－１,098-933-6464,45750,法人,土建大左と石屋管タ鋼舗し板ガ塗防内絶具水解,1,R040313 R040603,35,建設業（総合）,1
47014093,知事,大田工業,久高 智一,904-2172,沖縄市,泡瀬３－１７－８ シティーコーポアワセ２０３,070-5488-2936,,個人,と,,R070814,5,その他専門工事,1
47014171,知事,太田工業（株）,太田 雄治,901-2133,浦添市,字城間３０１０－３,098-917-1791,2000,法人,電,,R021016,5,電気・設備工事,1
47014558,知事,（株）大立木工,大立 誠,907-0023,石垣市,字石垣７４０－２,0980-82-1190,2000,法人,大,,R040121,0,その他専門工事,
47011359,知事,太田電気,石川 浩崇,904-1105,うるま市,石川白浜２－１２－１９,098-965-1763,,個人,電,,R050502,12,電気・設備工事,1
47013668,知事,ＯＴＮｅｔ（株）,丸米 郁男,900-0032,那覇市,松山１－２－１,098-866-7727,1184272,法人,通,1,R031029,8,電気・設備工事,1
47015246,知事,（合）大鉄,太田 直也,904-0115,中頭郡北谷町,字美浜１４－２６ 美浜ハイツＡー２６,080-3948-7098,500,法人,筋,,R061205,0,その他専門工事,1
47011711,知事,（株）オーテック,大城 剛,901-1117,島尻郡南風原町,字津嘉山３４２,098-889-5198,9800,法人,土建と石鋼舗し塗水解,,R070317,12,建設業（総合）,1
47012990,知事,（株）オーテック,大田 教和,901-1208,南城市,大里字平良２６１０－１,090-3790-1857,3000,法人,機,,R030610,8,電気・設備工事,1
47013073,知事,（合）大富建設,富川 勝伸,903-0805,那覇市,首里鳥堀町３丁目５２ベルキャッスル２０２,098-975-7728,5000,法人,建大左と石屋タ鋼筋板ガ塗防内絶具解,,R031005,8,建設業（総合）,1
47008600,知事,（有）大富設備工業,瀬底 正富,901-1301,島尻郡与那原町,字板良敷８３５,098-946-2888,3000,法人,土と石管鋼舗水,,R071116,20,建設業（総合）,1
47002994,知事,大友建設（株）,桃原 芳道,901-0234,豊見城市,字田頭１０３－２ 座安マンション１０５号,098-840-6225,48000,法人,土建大左と石屋電管タ鋼筋舗し板ガ塗防内絶園具水解,1,R030614,35,建設業（総合）,1
47003650,知事,（株）大友工業,松田 正明,901-2221,宜野湾市,伊佐４－６－１１,098-897-5919,40000,法人,土建大と石屋タ鋼舗し塗防内具水,1,R061227,35,建設業（総合）,1
47013204,知事,大朝鋼業,大田 正直,901-1304,島尻郡与那原町,東浜８３－３,098-944-0045,,個人,筋,,R040516,8,その他専門工事,1
47007775,知事,（有）大知産業,知念 靖剛,905-0214,国頭郡本部町,字渡久地１５８,0980-47-2050,5000,法人,内,,R050804,28,内装工事,
47013446,知事,（株）大名,知念 正力,901-1101,島尻郡南風原町,字大名２９７－１,098-889-5980,3700,法人,土と石鋼舗し機水,,R050423,8,建設業（総合）,1
47003160,知事,（株）太名嘉組,名嘉 太助,901-2113,浦添市,大平２－１－１,098-878-9558,100000,法人,土建大左と石屋管タ鋼筋舗し板ガ塗防内絶具水解,1,R070419,35,建設業（総合）,1
47004895,知事,（株）大名電建,山畑 将之,903-0801,那覇市,首里末吉町２－１４１－４３,098-884-5494,20000,法人,土建と石電舗塗具水,1,R030627,35,建設業（総合）,1
47012003,知事,（株）大西石材沖縄,大西 康夫,904-1106,うるま市,石川３１４９－１,098-964-4343,10000,法人,土大左と石屋タ鋼舗し板ガ塗防内絶具水,,R030930,12,建設業（総合）,1
47012494,知事,（株）大西電気,西 正則,901-2227,宜野湾市,宇地泊２－３４－１８,098-890-1588,1000,法人,電消,,R060501,12,電気・設備工事,1
47011574,知事,（有）大西ホーム,備瀬 大介,905-0009,名護市,宇茂佐の森４－５－１２,0980-52-4850,20000,法人,土建大と石鋼舗水,,R030801,12,建設業（総合）,
47010837,知事,（有）大庭建工,大庭 利郎,901-2134,浦添市,港川２－２３－７－１,098-874-0133,3000,法人,建大左石屋タ板ガ塗防内絶具,,R070620,15,建設業（総合）,1
47013967,知事,（株）大沼,大沼 正志,901-0411,島尻郡八重瀬町,友寄２６９－１,090-2219-4362,100,法人,大,,R070515,5,その他専門工事,1
47003659,知事,（株）大野硝子商事,大野 優,901-2226,宜野湾市,嘉数４－１５－２０,098-897-3563,6000,法人,大左石屋タ板ガ塗防内絶具,,R070724,35,塗装・防水,1
47007550,知事,大野産業（株）,當野 幸哉,900-1105,島尻郡南風原町,字新川３４５,098-889-3487,30000,法人,土と石鋼舗し水解,,R070717,28,建設業（総合）,1
47007941,知事,大畑建設（株）,神里 哲哉,901-2122,浦添市,勢理客４－１６－８,098-875-2240,40000,法人,土と石鋼舗し塗水解,1,R050729,28,建設業（総合）,1
47013911,知事,（株）大花組,垣花 龍一,901-2214,宜野湾市,我如古１－４８－１,098-917-6231,3000,法人,大,,R070306,5,その他専門工事,1
47014149,知事,（株）大浜左官,大浜 安隼,904-2155,沖縄市,美原２－７－１２,098-989-6288,5000,法人,左,,R071002,5,その他専門工事,1
47002242,知事,（有）大浜電設,大濵 長建,903-0116,中頭郡西原町,字幸地１１１,098-945-4011,9500,法人,電,,R060524,35,電気・設備工事,1
47014617,知事,（株）大原建装,伊良部 将平,901-2304,中頭郡北中城村,字屋宜原２４５－７,098-933-2428,5500,法人,左,,R040415,0,その他専門工事,1
47000622,知事,（株）オービック,大濱 喜栄,906-0005,宮古島市,平良字西原１１８５－６,0980-73-1568,20000,法人,土建と石舗し水,1,R041124,35,建設業（総合）,
47012351,知事,（有）大平産業,伊集 栄,901-2131,浦添市,牧港３－２６７－１,098-877-3079,20000,法人,土建大左と石屋タ鋼筋舗し板ガ塗防内絶具水解,1,R070710,12,建設業（総合）,1
47014022,知事,（株）大裕興業,名嘉 裕紀,901-2114,浦添市,安波茶３－２１－１２ メゾン大田２０２,098-874-0454,5000,法人,と解,,R070626,5,その他専門工事,1
47002666,知事,（有）大弘工務店,大城 茂弘,901-0232,豊見城市,字伊良波６２０,098-850-7871,30000,法人,土建大と石屋タ鋼舗内水,1,R061219,35,建設業（総合）,1
47011095,知事,大保建設（有）,照屋 連勝,901-0305,糸満市,西崎２－３６－２,098-992-2149,20000,法人,土建大と石管タ鋼舗し内水,,R030810,15,建設業（総合）,1
47013623,知事,（有）大牧開発,新城 守人,901-2102,浦添市,前田１－９－１７,098-877-6356,3000,法人,土建と石鋼舗し水,,R060117,8,建設業（総合）,1
47015006,知事,（株）Ｏ－ＭＡＳＡ,大城 一真,901-0212,豊見城市,字平良１,090-1941-0199,5000,法人,管,,R051110,0,電気・設備工事,1
47009701,知事,大正建設,大城 哲也,901-1203,南城市,大里字大城５２５－４,098-946-8669,,個人,建,,R060329,20,建設業（総合）,1
47004637,知事,（有）大見開発,諸見川 利光,905-0603,島尻郡伊是名村,字仲田９１５番地,0980-45-2788,37000,法人,土と石舗水,,R030620,35,建設業（総合）,
47009620,知事,大光産業（株）,大城 光正,901-0212,豊見城市,字平良１０２－１,098-850-4833,3000,法人,土建と石鋼舗し水,,R060901,20,建設業（総合）,1
47000290,知事,（有）大満土建,大城 優子,902-0073,那覇市,字上間２１０－１,098-836-2368,37500,法人,土建大左と石屋タ鋼筋舗し板ガ塗防内絶具水解,1,R040117,35,建設業（総合）,1
47008453,知事,（株）大嶺建材,大嶺 秀友,905-0006,名護市,字宇茂佐１９６６－５,0980-52-2684,16000,法人,建内,,R030920,20,建設業（総合）,
47002146,知事,（有）大嶺建設,大嶺 春子,901-0215,豊見城市,字渡嘉敷２６２,098-850-8512,30000,法人,土建大と石屋タ鋼舗し塗内水解,1,R070203,35,建設業（総合）,1
47002940,知事,（有）大嶺工業,玉城 正司,904-2143,沖縄市,知花５－３３－１３,098-938-8419,10000,法人,土建大と石屋タ鋼舗し内水解,,R030718 R040419,35,建設業（総合）,1
47010305,知事,（株）大嶺住設,大嶺 勝,901-0243,豊見城市,字上田４５８－１,098-856-4151,5000,法人,土と石管鋼舗し水,,R061001,15,建設業（総合）,1
47012787,知事,大嶺電気工事（株）,大嶺 猛,902-0072,那覇市,字真地５７－３,098-996-2830,5000,法人,電,,R070716,12,電気・設備工事,1
47004415,知事,（有）大嶺ペイント,祖堅 貢,900-0024,那覇市,古波蔵１－１９－９,098-855-9870,4000,法人,大左屋塗防内,,R030705,35,塗装・防水,1
47012918,知事,（株）大宮組,宮城 真理,903-0104,中頭郡西原町,字兼久３０１,098-944-1473,5000,法人,大,,R030301,8,その他専門工事,1
47014898,知事,大宮組,宮城 利千子,904-2142,沖縄市,字登川２１２９－１,090-4585-8011,,個人,土建と石鋼舗し水解,,R050609,0,建設業（総合）,1
47009806,知事,（有）大宮工機,宮城 光秀,901-0417,島尻郡八重瀬町,字外間９９－１,098-851-9203,15000,法人,土と石管鋼舗し塗水,,R070301,20,建設業（総合）,1
47010310,知事,（有）大宮産業,池宮 寿,904-2222,うるま市,字上江洲７,098-973-3611,5000,法人,と解,,R040531,15,その他専門工事,1
47007640,知事,大宮電設,宮城 政弘,905-0228,国頭郡本部町,字伊野波７３０－２,0980-47-4121,,個人,土と石電管舗水,,R030914,28,建設業（総合）,
47015431,知事,オーム電設,島袋 将吾,904-2225,うるま市,字喜屋武４５８－３ ２Ｆ,090-6859-9816,,個人,電,,R070822,0,電気・設備工事,1
47013938,知事,大村組,大村 耕一,901-1204,南城市,大里字稲嶺３７－５,098-944-8001,,個人,大,,R070417,5,その他専門工事,1
47011200,知事,大本内装,大本 孫模,907-0013,石垣市,浜崎町２－６－２８浜崎マンション１０５,0980-83-3723,,個人,内,,R040402,15,内装工事,
47013110,知事,（有）大森開発,下地 浩,906-0013,宮古島市,平良字下里１５１７番地の１４,0980-72-2859,10000,法人,土建と石鋼舗園水,,R031219,8,建設業（総合）,
47006496,知事,（株）大盛建設工業,大城 弘和,901-0224,豊見城市,字与根２１８－２,098-856-2137,10000,法人,土と石管舗水解,,R030531,28,建設業（総合）,1
47015397,知事,（合）大盛工業,内間 光洋,906-0013,宮古島市,平良字下里１３３４－３,0980-72-8865,5000,法人,土と石鋼舗し塗水,,R070718,0,建設業（総合）,
47007220,知事,（有）大盛設備,大城 盛和,901-2102,浦添市,前田２－１９－１１,098-877-9812,3000,法人,土建と石管舗水,,R070225,28,建設業（総合）,1
47013313,知事,（株）大盛塗装,稲嶺 大輔,901-1117,島尻郡南風原町,字津嘉山７５３－４,098-889-2715,5000,法人,塗防,,R040920 R050920,8,塗装・防水,1
47011010,知事,大安鉄筋工業,大城 安正,901-0305,糸満市,西崎２－３３－６－２,098-995-2664,,個人,建筋,,R030404,15,建設業（総合）,1
47012882,知事,（株）大屋設備,安里 進,904-0003,沖縄市,住吉２－１－７ コートヴィレッジ住吉１０７号,098-939-0502,5300,法人,土と石管鋼舗し水,,R021214,12,建設業（総合）,1
47013168,知事,（合）大屋土建,大屋 義治,901-0305,糸満市,西崎１－２９－１１ サンシャイン西崎２０１,098-995-1343,5000,法人,土と,,R030915,8,建設業（総合）,1
47010001,知事,（有）大山建設,宮城 正俊,901-2227,宜野湾市,宇地泊３－４－２１,098-898-1234,3000,法人,土大左と石鋼筋舗し内水,,R021225,15,建設業（総合）,1
47011675,知事,（株）大山タタミ店,大山 竜児,901-2203,宜野湾市,野嵩２－１９－１７,098-892-6346,1000,法人,内,,R070118,12,内装工事,1
47013187,知事,（合）オールシステム,上村 勇二,904-2233,うるま市,字豊原５５５－６,098-989-1789,5000,法人,電,,R040417,8,電気・設備工事,1
47013886,知事,（株）オーワイ,大城 幸也,901-2214,宜野湾市,我如古２－２１－１－１０１ サンブライト,098-911-1795,3000,法人,筋,,R070131,5,その他専門工事,1
47015093,知事,大湾工業,大湾 学,904-2205,うるま市,字栄野比９９７－２１,080-1727-3807,,個人,筋,,R060322,0,その他専門工事,1
47012968,知事,（株）岡田建築設計事務所,岡田 五十二,900-0025,那覇市,壷川二－１２－７ ライオンズプラザ壷川９０１,098-833-6313,500,法人,建大屋タ鋼内,,R030513,8,建設業（総合）,1
47000283,知事,（株）オカノ,平良 和彦,900-0003,那覇市,安謝１－２３－８,098-868-4152,42700,法人,土建電管内機通水消,1,R060917,35,建設業（総合）,1
47015070,知事,（株）オカベメンテ,岡部 成行,900-0005,那覇市,天久２－９－１ １階,098-927-9229,5000,法人,土と石鋼舗し水解,,R060301,0,建設業（総合）,1
47014150,知事,（株）岡本通信,岡本 直樹,901-2412,中頭郡中城村,字奥間９２３,098-962-2347,5000,法人,通,,R071002,5,電気・設備工事,1
47006275,知事,オキアス建設（株）,仲間 朝信,903-0124,中頭郡西原町,字呉屋８６,098-945-5211,49500,法人,土と石鋼舗水解,1,R060621,28,建設業（総合）,1
47014742,知事,沖石電気（株）,仲本 奨,901-0156,那覇市,田原４－５－９,090-9789-5468,3000,法人,電管,,R041007,0,電気・設備工事,1
47014401,知事,沖一美建,照屋 一貴,904-0204,中頭郡嘉手納町,字水釜１６２,098-800-2210,,個人,塗防,,R030716,0,塗装・防水,1
47001715,知事,沖インテリヤ,伊佐 盛義,902-0078,那覇市,識名３－１０－１,098-853-3215,,個人,内,,R021030,35,内装工事,1
47000820,知事,（株）沖永開発,末広 良憲,901-2131,浦添市,牧港５－６－３,098-877-6399,40000,法人,土建大と石電管タ鋼舗し塗機水消解,1,R070125,35,建設業（総合）,1
47002789,知事,（株）沖栄建設,儀武 哲明,902-0074,那覇市,字仲井真７７－１２,098-854-3066,70000,法人,土建大左と石屋管タ鋼筋舗し板ガ塗防内絶具水解,1,R030313,35,建設業（総合）,1
47009351,知事,（有）沖海工,名護 綾子,902-0077,那覇市,長田２－３３－４９,098-833-7010,5000,法人,土と石舗し水,,R041222,20,建設業（総合）,1
47007966,知事,沖カンガイ（株）,奥本 桂,901-2113,浦添市,大平２－１８－６,098-879-1148,10000,法人,土と石管舗園水,,R041018,28,建設業（総合）,1
47014646,知事,（株）沖空電,親川 賢次,901-1414,南城市,佐敷字津波古１２３２－１,098-988-9953,3000,法人,電管,,R040603,0,電気・設備工事,1
47007710,知事,沖軽工業,照喜名 勇宏,903-0821,那覇市,首里儀保町４－６６,098-886-1586,,個人,内,,R031205,28,内装工事,1
47002003,知事,沖建（資）,内間 明,905-0228,国頭郡本部町,字伊野波５９８－１,0980-47-5576,40000,法人,土建と石鋼舗し水解,1,R030515,35,建設業（総合）,
47009453,知事,（有）オキケン開発,比嘉 幸夫,903-0804,那覇市,首里石嶺町３－３４７フレア首里１０１,098-835-5100,9500,法人,土と石鋼舗園水,,R030611,20,建設業（総合）,1
47011947,知事,（有）沖研開発,具志堅 弘,901-2211,宜野湾市,宜野湾３－１７－１ １階,098-896-1146,3000,法人,電,,R030603,12,電気・設備工事,1
47007204,知事,（株）沖建住宅,嶺井 政則,903-0804,那覇市,首里石嶺町４－５１－２,098-885-8200,20000,法人,建,,R051117,28,建設業（総合）,1
47009563,知事,（株）興建設,砂川 和広,907-0022,石垣市,字大川５４８,0980-83-0544,40000,法人,土建大左と石屋タ鋼筋舗し板ガ塗防内絶具水解,1,R030521,20,建設業（総合）,
47014430,知事,（株）沖鉱開発,山城 樹,901-0342,糸満市,字糸洲３５１－３,098-997-3434,5000,法人,土と石鋼舗し塗園水,,R030817,0,建設業（総合）,1
47003636,知事,（株）沖工業,上原 重信,904-2171,沖縄市,高原４－２５－７,098-933-3865,70000,法人,土と石管舗し機水消,1,R021201,35,建設業（総合）,1
47011918,知事,沖工業,安里 勉,901-2311,中頭郡北中城村,字喜舎場１３３,090-6777-7700,,個人,と,,R030330,12,その他専門工事,1
47008982,知事,（株）沖興建,島袋 均,901-2227,宜野湾市,宇地泊１－１１－７,098-890-5589,10000,法人,土建大と石屋タ鋼舗し内水,,R030516,20,建設業（総合）,1
47006733,知事,（有）沖工設,古堅 稔,905-0228,国頭郡本部町,字伊野波３５４－４,0980-47-3145,30000,法人,土と石電管鋼舗し塗水解,1,R060606,28,建設業（総合）,
47012973,知事,沖興テクノ（株）,新垣 竹哲,904-0105,中頭郡北谷町,字吉原１２６,098-989-3096,10000,法人,土建大左と石屋管タ鋼筋舗し板ガ塗防内絶園具水解,,R030525,8,建設業（総合）,1
47008811,知事,（株）沖坤,比嘉 卓也,905-2173,名護市,字久志５２１－６,0980-55-2231,30000,法人,土建大と石屋タ鋼舗園水,,R021010,20,建設業（総合）,
47008544,知事,（有）沖産,仲吉 靖,901-2223,宜野湾市,大山６－２８－５,098-898-3883,22000,法人,土建大左と石屋管タ鋼筋舗し板ガ塗防内絶具水解,1,R040725,20,建設業（総合）,1
47008696,知事,（株）おきさん,富永 進,904-0202,中頭郡嘉手納町,字屋良１０２２,098-956-2288,97730,法人,電管消,1,R061016,20,電気・設備工事,1
47014208,知事,（株）沖産業,花城 えり子,901-2221,宜野湾市,伊佐２－１－１,098-898-2191,10000,法人,建大と屋電タ内,,R021127,5,建設業（総合）,1
47007301,知事,（株）オキジツ船場,宮里 亮,902-0067,那覇市,安里１－８－９ペイサージュ崇元寺２Ｆ,098-867-1008,20000,法人,内,1,R060614,28,内装工事,1
47006689,知事,（有）沖島建設,島袋 朗,901-0618,南城市,玉城字船越５－８,098-949-7155,15000,法人,土と石鋼舗し水,,R031015,28,建設業（総合）,1
47009106,知事,（有）沖島電機,真栄田 一郎,901-1101,島尻郡南風原町,字大名３２７－２,098-888-3779,5000,法人,電機,,R031029 R070818,20,電気・設備工事,1
47008239,知事,（株）沖島電設,島袋 昇,904-2163,沖縄市,大里１－１３－６８,098-983-4690,5000,法人,電,,R030801,20,電気・設備工事,1
47008665,知事,（株）オキジム,新里 哲郎,901-2134,浦添市,字港川４５８,098-878-7878,43050,法人,土建大左と石屋電タ鋼筋舗し板ガ塗防内絶通具水,1,R060707 R070722,20,建設業（総合）,1
47007593,知事,（有）沖住設,福嶺 博安,902-0061,那覇市,古島２－７－１４,098-882-2033,5000,法人,土建と水,,R030807,28,建設業（総合）,1
47012801,知事,沖床,伊佐 尚,903-0814,那覇市,首里崎山町３－６０,090-8839-7490,,個人,内,,R050522,12,内装工事,1
47013336,知事,（株）沖翔,大城 哲也,901-2424,中頭郡中城村,字南上原５６１－４、３０５,098-975-7981,2000,法人,土と石鋼舗し水,,R030315,8,建設業（総合）,1
47001075,知事,（有）沖翔建設,下地 勝彦,906-0013,宮古島市,平良字下里１４２０－２,0980-72-3518,30000,法人,土建と石舗水,,R040629,35,建設業（総合）,
47010226,知事,（有）沖昇トラスト,前川 守次,903-0116,中頭郡西原町,字幸地６６１－４,098-946-1800,5000,法人,機,,R031213,15,電気・設備工事,1
47015262,知事,沖城左官,大城 強,902-0063,那覇市,三原３－１－１５－２Ｆ,098-851-8231,,個人,左,,R061227,0,その他専門工事,1
47014705,知事,（株）沖城ポンプ,大城 充,901-1204,南城市,大里字稲嶺２７６９－４,098-943-4941,5000,法人,管消,,R040819 R070115,0,電気・設備工事,1
47014695,知事,（株）ＯＫＩＳＨＩＮ,小橋川 翼,901-1303,島尻郡与那原町,字与那原３３０１－１ ＯＫＩＳＨＩＮビル２Ｆ,098-917-0252,1000,法人,建大左と石屋タ鋼筋板ガ塗防内絶具解,,R040729,0,建設業（総合）,1
47015018,知事,（株）沖神,兼次 信安,904-2142,沖縄市,字登川２６９５ １－５,098-937-9601,5000,法人,土大左と石屋タ鋼舗し板ガ塗防内絶具水,,R051201,0,建設業（総合）,1
47015288,知事,（株）沖神,島尻 範優,905-0019,名護市,大北３－１８－７ オアシス名護８１３号室,0980-52-3576,5000,法人,塗防,,R070207,0,塗装・防水,
47014614,知事,沖信開発（株）,池宮城 武哉,904-2142,沖縄市,字登川２８０８,098-937-4200,40500,法人,土建と石鋼舗し塗水,,R040415,0,建設業（総合）,1
47014143,知事,（株）沖伸建設,渡慶次 真二,901-2114,浦添市,安波茶１－２４－１,098-879-5498,43000,法人,土と石鋼舗し塗水,1,R070918,5,建設業（総合）,1
47015063,知事,（株）沖新工業,新垣 司,904-0322,中頭郡読谷村,字波平５１３－２・２Ｆ,098-958-1797,500,法人,と,,R060216,0,その他専門工事,1
47013791,知事,（株）沖伸総業,伊波 恒治,904-2244,うるま市,字江洲１３６４,098-923-2259,3000,法人,建と石鋼塗防,,R030401,5,建設業（総合）,1
47015114,知事,（株）沖新総業,新納 義博,900-0036,那覇市,西２－１３－１７,098-800-1802,5000,法人,土建と石鋼舗し水,,R060502,0,建設業（総合）,1
47008195,知事,沖新電工,大城 安利,901-0416,島尻郡八重瀬町,字宜次６６９－１,098-998-2381,,個人,電,,R030201,20,電気・設備工事,1
47014586,知事,（株）沖真電設,伊敷 文男,901-0361,糸満市,字糸満１９５１Ｄ－ＢＯＸ、Ｂ棟,098-851-3244,5000,法人,土建と石電鋼舗し塗水,,R040325,0,建設業（総合）,1
47011984,知事,（有）沖信塗装工業,神谷 将太,901-2111,浦添市,経塚１－５－１３,098-878-8303,10000,法人,大左石屋タ板ガ塗防内絶具,,R030822,12,塗装・防水,1
47004713,知事,（有）沖水,西里 剛,904-2245,うるま市,字赤道６０－１,098-974-5766,20000,法人,土と石管鋼舗し水,1,R070401,35,建設業（総合）,1
47011303,知事,沖水化成（株）,仲里 伸二郎,904-2162,沖縄市,海邦町３－１４,098-982-1371,24095,法人,と,,R041212,12,その他専門工事,1
47013848,知事,（株）沖成,仲宗根 出,904-2142,沖縄市,字登川３０４４,098-989-9390,3000,法人,と,,R061206,5,その他専門工事,1
47014529,知事,沖成（株）,福山 智香,906-0103,宮古島市,城辺字福里８４９－２,080-1770-1717,10000,法人,土と石鋼舗し水,,R031210,0,建設業（総合）,
47009752,知事,（株）オキセイ産業,瀬長 司,901-2133,浦添市,城間３－６－１０,098-876-3098,45000,法人,と解,,R061124,20,その他専門工事,1
47014108,知事,（株）沖成断熱,我喜屋 徹,904-0035,沖縄市,南桃原４－３２－５,098-987-8130,5000,法人,絶,,R070828,5,その他専門工事,1
47009961,知事,（有）沖設エンジニア,玉城 浩,901-0153,那覇市,宇栄原６－１２－３６,098-996-1448,3000,法人,土と石管舗水消,,R071020,20,建設業（総合）,1
47012525,知事,（株）沖設備商会,翁長 善樹,901-1115,島尻郡南風原町,字山川４３２,098-888-1856,10000,法人,電,,R060617,12,電気・設備工事,1
47006347,知事,（有）沖潜,伊芸 丞,904-2201,うるま市,字昆布１３６４－１,098-989-7488,3000,法人,土と石舗水,,R070726,28,建設業（総合）,1
47011921,知事,（株）沖創建設,我如古 正伸,900-0004,那覇市,字銘苅１８０－７,098-862-1498,35000,法人,土建大と鋼舗し塗防内水,1,R030325,12,建設業（総合）,1
000027001,大臣,（株）沖創工,伊佐 一,902-0077,那覇市,長田２－５－４,098-832-1421,30000,法人,土と石電鋼舗塗通水,1,R070622,,建設業（総合）,1
47015071,知事,（株）沖創生,那根 一暉,901-2112,浦添市,字沢岻１３８６,098-800-1012,5000,法人,塗,,R060222,0,塗装・防水,1
47008795,知事,（有）沖送電,長濱 喜作,904-0034,沖縄市,山内３－２－２,098-930-0481,4000,法人,土と石電鋼舗し塗通水,,R061015,20,建設業（総合）,1
47013223,知事,（株）沖大工業,萩元 日出也,904-2201,うるま市,字昆布７９４－２,090-1511-3564,1000,法人,と,,R040613,8,その他専門工事,1
47008844,知事,（株）沖拓建設,嶺井 政則,903-0804,那覇市,首里石嶺町４－５１－２、２階,098-917-2656,10000,法人,建,,R070927,20,建設業（総合）,1
47005685,知事,（株）オキチク商事,仲里 信英,901-1117,島尻郡南風原町,字津嘉山８３３－１,098-889-0831,15250,法人,建大屋タ内,,R030814,35,建設業（総合）,1
47013349,知事,沖築炉,米須 清哲,905-0205,国頭郡本部町,字山川１４４７,0980-48-4605,,個人,タ,,R041101,8,その他専門工事,
47010860,知事,（有）沖忠建設,崎山 喜忠,902-0078,那覇市,字識名１０９８－１－１階,098-831-5665,4000,法人,建内,,R070727,15,建設業（総合）,1
47011054,知事,（有）オキツウ,奥平 博明,902-0072,那覇市,字真地３１７－７,098-835-3373,8000,法人,管,,R030609,15,電気・設備工事,1
47012217,知事,（株）沖通商,奥濱 哲夫,900-0003,那覇市,字安謝６１９－１６,098-866-4040,30000,法人,建と電管筋板塗内,,R050116,12,建設業（総合）,1
47007725,知事,（有）沖鐵,山内 昌也,903-0103,中頭郡西原町,字小那覇１４８７－１,098-946-6758,10000,法人,鋼,,R031226,28,その他専門工事,1
47012064,知事,沖鉄,名嘉 堅悟,903-0806,那覇市,首里汀良町３－９４名幸ビル３０５,090-3487-4325,,個人,筋,,R040319,12,その他専門工事,1
47010432,知事,（有）沖テック,大宜見 朝昭,901-2132,浦添市,伊祖１－２１－１,098-877-4066,3000,法人,土建と石電管舗水消,,R050109,15,建設業（総合）,1
47013780,知事,（有）オキテレホンシステム,知念 透,900-0027,那覇市,山下町２８－３３－１Ｆ,098-859-4333,5500,法人,通,,R060917,5,電気・設備工事,1
47007284,知事,沖電開発（株）,屋宜 誠,901-2131,浦添市,牧港４－１１－３,098-875-4444,50000,法人,土建大左と石屋電管タ鋼筋舗し板ガ塗防内絶園具水解,1,R030615,28,建設業（総合）,1
47004543,知事,沖電企業（株）,仲宗根 斉,901-2131,浦添市,牧港４－６－１１,098-876-0270,43450,法人,土建大左と石屋電管タ鋼筋舗し板ガ塗防内機絶園具水消解,1,R040817,35,建設業（総合）,1
47000380,知事,（株）沖電工,島袋 清人,900-0025,那覇市,壺川２－１１－１１,098-835-9895,130143,法人,土建大と石屋電管タ鋼舗塗内機通水消解,1,R070401,35,建設業（総合）,1
47011496,知事,（株）沖電子,冝保 長門,900-0001,那覇市,港町２－１６－７,098-860-3839,20000,法人,電通,,R060303,12,電気・設備工事,1
47005913,知事,（株）沖電システム,中村 博哲,901-2101,浦添市,西原３－１８－６,098-874-3600,30000,法人,電機通,1,R070315,35,電気・設備工事,1
47012320,知事,（有）沖電社,平田 晃,901-1406,南城市,佐敷字屋比久２１５,098-947-6003,3000,法人,土と石電鋼舗水,,R050712,12,建設業（総合）,1
47000117,知事,沖電水工事（株）,當山 雅治,900-0016,那覇市,前島２－１－１０,098-967-6311,70000,法人,電通消,1,R070509,35,電気・設備工事,1
47006298,知事,（有）沖電モートル,米城 誠司,904-2143,沖縄市,知花６－３０－１７,098-989-3681,5000,法人,電機,,R031019,28,電気・設備工事,1
47014720,知事,荻堂建設（株）,荻堂 盛直,904-2225,うるま市,字喜屋武６４６－５,098-973-1844,3000,法人,土建大左と石屋タ鋼筋舗し板ガ塗防内絶具水,,R040902,0,建設業（総合）,1
47012904,知事,荻堂重機（株）,荻堂 盛智,903-0121,中頭郡西原町,字内間６１２－１,098-882-8246,5000,法人,土と石鋼舗し塗水,,R030202,8,建設業（総合）,1
47014362,知事,（株）沖動薬,金城 真光,901-0201,豊見城市,字真玉橋１７９－１,098-850-8200,2000,法人,建,,R030618,5,建設業（総合）,1
47014741,知事,（株）オキトーシン,東 博之,904-2171,沖縄市,高原２－８－４３ 高原ハウス１Ｆ,090-9783-1312,1000,法人,大左石屋管タ板ガ塗防内絶具,,R040930,0,電気・設備工事,1
47006407,知事,（有）沖塗工業,比嘉 章博,900-0015,那覇市,久茂地２－１０－２０－５０２号,098-988-1707,5000,法人,土大左と石屋タ鋼舗し板ガ塗防内絶具水,,R071002,28,建設業（総合）,1
47013901,知事,（株）沖土木,洲鎌 広和,901-0241,豊見城市,字豊見城５１７－１,098-987-7955,10000,法人,土と石鋼舗し水解,,R070228,5,建設業（総合）,1
47013308,知事,（株）オキナカ,比嘉 淳二,904-0032,沖縄市,諸見里１－３０－１６,098-933-6772,3000,法人,内,,R040912,8,内装工事,1
47008661,知事,（有）翁建設,翁長 大輔,901-0203,豊見城市,長堂３８８－１,098-987-1377,3000,法人,建大左と石屋タ鋼筋板ガ塗防内絶具解,,R060521,20,建設業（総合）,1
47011565,知事,（資）沖縄アルミ,玉城 豊久,901-2134,浦添市,港川２－１１－９,098-877-8790,10000,法人,具,,R060715,12,その他専門工事,1
47015009,知事,（株）Ｏｋｉｎａｗａ ＥＩＺＥＮ,白石 六朗,901-0152,那覇市,小禄１５０４－１４,098-987-4150,10000,法人,建大左と石屋電タ鋼筋板ガ塗防内絶具,,R051110 R060904,0,建設業（総合）,1
47000701,知事,（株）沖縄エジソン,安次嶺 之治,902-0072,那覇市,字真地３６９,098-854-5181,26856,法人,電通,,R070206,35,電気・設備工事,1
47010789,知事,（有）沖縄エル・アンド・シー,上地 正則,901-2103,浦添市,仲間１－１１－１１,098-877-8388,6000,法人,電,,R070317,15,電気・設備工事,1
47013248,知事,沖縄エレベーター工業（株）,渡久地 宇宙,900-0001,那覇市,港町２－１５－２６,098-866-6623,8000,法人,機,,R040712,8,電気・設備工事,1
47015053,知事,ＯＫＩＮＡＷＡ ｅｎｇｉｎｅｅｒ,仲程 龍仁,901-2215,宜野湾市,真栄原３－３０－１７,080-6492-7167,,個人,電,,R060126,0,電気・設備工事,1
47010678,知事,（有）沖縄エンジニアプランニング,又吉 朝栄,900-0031,那覇市,若狭３－３－９,098-866-0440,3000,法人,建大と屋電鋼塗防内具,,R060609,15,建設業（総合）,1
47005033,知事,（株）沖縄エンジニアリング,島袋 陽,903-0804,那覇市,首里石嶺町４－１９７,098-885-3523,10000,法人,消,,R040814,35,電気・設備工事,1
47008410,知事,（株）沖縄エンジニヤ,仲本 賢一郎,901-2203,宜野湾市,野嵩２－１－１,098-892-0100,28000,法人,電管機通,1,R061122,20,電気・設備工事,1
47003511,知事,沖縄オートメーション（株）,宮里 佳孝,905-0021,名護市,東江５－１３－１７,0980-52-1528,30000,法人,電機通,1,R040724,35,電気・設備工事,
47015195,知事,（株）おきなわＡＬＬ,東 大悟,903-0118,中頭郡西原町,字小波津６０２番地,098-988-4517,1000,法人,土と舗通,,R060906,0,建設業（総合）,1
47012011,知事,（株）沖縄ガーデン,比嘉 太地,900-2174,沖縄市,与儀２－１－１,098-932-1600,5000,法人,土と石鋼舗し園水,,R070904,12,建設業（総合）,1
47013534,知事,沖縄海運産業（株）,＊泉 宏康,904-2428,うるま市,与那城平宮１,098-977-7733,30000,法人,と,1,R050816,8,その他専門工事,1
47006720,知事,（株）沖縄開発工業,山城 大樹,903-0103,中頭郡西原町,字小那覇１０４６,098-945-1725,48800,法人,土建大と石屋管タ鋼舗し塗内水,,R030405,28,建設業（総合）,1
47014600,知事,沖縄海洋資源開発（株）,中町 匡志,900-0033,那覇市,久米２－３２－１４ ＬＭ久米１０１,098-917-6491,10000,法人,土と石鋼舗し水,,R040610,0,建設業（総合）,1
47002172,知事,（株）沖縄科学ＡＶセンター,古謝 靖,901-2122,浦添市,勢理客１－２－２９,098-875-3211,21000,法人,電管機通消,1,R060117,35,電気・設備工事,1
47005557,知事,沖縄化学産業（株）,島袋 宗佳,900-0002,那覇市,曙２－２６－３６,098-863-0451,25010,法人,管機,,R030308,35,電気・設備工事,1
47007879,知事,沖縄ガス（株）,湧川 直明,900-8605,那覇市,西３－１３－２,098-863-7730,250222,法人,土と石電管鋼舗水,,R040423,28,建設業（総合）,1
47002635,知事,（株）沖縄ガス圧接,林 仁志,901-0211,豊見城市,字饒波５１ チャームドコート１０２号室,098-996-3963,5000,法人,筋,,R070720,35,その他専門工事,1
47008311,知事,沖縄ガスリビング（株）,諸喜田 浩,900-0036,那覇市,西３－１３－２,098-867-4101,50000,法人,土建と石管鋼舗塗水消解,1,R030511 R040523,20,建設業（総合）,1
47006618,知事,（株）沖縄仮設,幸喜 忠,901-2406,中頭郡中城村,字当間７４９,098-895-2411,19100,法人,と,,R030713,28,その他専門工事,1
47012571,知事,（株）沖縄環境,饒辺 和彦,903-0804,那覇市,首里石嶺町３－１３０－１,098-885-1200,5000,法人,土建大左と石屋管タ鋼筋舗し板ガ塗防内絶具水,,R060901,12,建設業（総合）,1
47013882,知事,（株）沖縄環境開発センター,照屋 格,905-0206,国頭郡本部町,字石川９１１,0980-51-7067,33000,法人,建大屋電管タ内消,,R070124,5,建設業（総合）,
47005109,知事,沖縄環境企画（株）,大城 安世,902-0074,那覇市,字仲井真１０７,098-831-9939,28000,法人,土と石電管鋼舗し機水消,1,R030608,35,建設業（総合）,1
47010848,知事,沖縄環境建設,阿波連 正良,904-0013,沖縄市,室川２－１７－３,098-894-7991,,個人,土と石鋼舗し塗防水,,R070705,15,建設業（総合）,1
47014649,知事,沖縄環境緑化（株）,泉川 良誠,901-0225,豊見城市,字豊崎１－１１４５ソフィア豊崎１０１号室,098-851-3790,12300,法人,土と石鋼舗し園水,,R040610,0,建設業（総合）,1
47009622,知事,（株）沖縄機械整備,渡眞利 敏,901-0306,糸満市,西崎町４－８,098-992-5055,10000,法人,電機,,R060419,20,電気・設備工事,1
47007489,知事,（株）オキナワ技研,伊是名 利男,901-2402,中頭郡中城村,字泊４５９－１,098-895-7733,40600,法人,土大左と石屋タ鋼舗し板ガ塗防内絶具水,,R060624,28,建設業（総合）,1
47014530,知事,（有）沖縄機工,大城 聡,904-2151,沖縄市,松本５－１９－２６,098-938-2889,3000,法人,土建と石電鋼舗し水解,,R031210 R040802,0,建設業（総合）,1
47014984,知事,（有）沖縄基礎開発,狩俣 安志,900-0002,那覇市,曙２－４－６,098-943-6628,7000,法人,土と石鋼舗し水,,R051006,0,建設業（総合）,1
47014414,知事,沖縄キヤノンメディカルシステムズ（株）,中村 正志,900-0036,那覇市,西１－１９－９,098-868-7212,10000,法人,電内,,R030726,0,電気・設備工事,1
47005471,知事,（株）沖縄共聴設備,金城 今日子,903-0825,那覇市,首里山川町２－６１－１８,098-884-5008,10000,法人,電通消,,R030329,35,電気・設備工事,1
47011630,知事,沖縄協同ガス（株）,玉城 敏明,901-0417,島尻郡八重瀬町,字外間１１５－１,098-998-3000,100000,法人,管,,R061102,12,電気・設備工事,1
47013651,知事,沖縄杭打ちサービス,下里 敏博,901-0152,那覇市,字小禄２５４,098-857-3752,,個人,土と石鋼舗水,,R060329,8,建設業（総合）,1
47014303,知事,沖縄クオテックス（株）,石川 昂輝,904-1113,うるま市,石川山城７５３－１、２Ｆ,098-955-6704,3000,法人,管,,R030409,5,電気・設備工事,1
47009441,知事,（株）沖縄クリーン工業,前田 裕樹,900-0015,那覇市,久茂地３－１６－８,098-951-0370,20000,法人,土建大左と石屋管タ鋼筋舗し板ガ塗防内絶具水,1,R030625,20,建設業（総合）,1
47006762,知事,（株）沖縄グリーンメンテナンス,比嘉 秀明,901-2201,宜野湾市,新城２－３２－１１,098-893-0269,10000,法人,土と石舗園水,,R031216,28,建設業（総合）,1
47015210,知事,（株）オキナワクリーンラボ,上原 桂吾,902-0077,那覇市,長田２－１－７－Ｂ１０１ ＣＯＣＯＨＯＵＳＥ,098-927-3132,300,法人,大左石屋タ板ガ塗防内絶具,,R060920,0,塗装・防水,1
47008299,知事,（株）沖縄計装,洲鎌 敏,900-0012,那覇市,泊３－５－７,098-995-6772,20000,法人,電管通,1,R070301,20,電気・設備工事,1
47006925,知事,（株）沖縄計装工事,安里 康伸,901-2101,浦添市,西原５－４５－１,098-874-5620,20000,法人,土と石電鋼舗し水,1,R050526,28,建設業（総合）,1
47013392,知事,沖縄ケーブルネットワーク（株）,風間 正二郎,900-0015,那覇市,久茂地１－２－２０,098-863-1115,10000,法人,通,,R050115,8,電気・設備工事,1
47014345,知事,沖縄県維持管理・修繕工事事業（同）,小禄 茂德,900-0025,那覇市,壷川１－１－１５,098-851-7137,11200,法人,土建と石電鋼舗し水解,,R030528,5,建設業（総合）,1
47010399,知事,沖縄県エレベーター保守事業（同）,渡久地 正堅,900-0002,那覇市,曙２－２４－１３ 曙沖商ビル７－Ｄ,098-868-1698,4000,法人,機,,R041120,15,電気・設備工事,1
47005007,知事,沖縄県建設事業（同）,玉城 常二,901-2131,浦添市,牧港５－１９－１,098-878-1810,144060,法人,筋,,R040731,35,その他専門工事,1
47010489,知事,（株）沖縄建材,菊池 隆,900-0015,那覇市,久茂地３－２１－１,098-877-2711,50000,法人,土建大左と石屋タ鋼舗し板ガ塗防内絶具水解,1,R070711,15,建設業（総合）,1
47008800,知事,沖縄県石材事業（同）,武村 茂,902-0073,那覇市,字上間４８５－１,098-834-9301,5400,法人,土と石鋼舗水,,R050430,20,建設業（総合）,1
47015361,知事,沖縄建設Ｎｅｏ（株）,久場 良太郎,904-1101,うるま市,石川東山本町２－６－１２－１Ｆ,098-989-5728,5000,法人,土と石管鋼舗し塗水解,,R070530,0,建設業（総合）,1
47008325,知事,沖縄建装（株）,東 直樹,901-2122,浦添市,勢理客４－１６－１０,098-879-5363,20000,法人,建大屋タ内,1,R070126,20,建設業（総合）,1
47007628,知事,（有）沖縄建装工業,向井 芳治,903-0804,那覇市,首里石嶺町２－２４８－５,098-887-6110,25000,法人,土建と石鋼舗塗防内具水解,1,R070110,28,建設業（総合）,1
47011464,知事,沖縄県琉球赤瓦漆喰施工（同）,田端 忠,901-0416,島尻郡八重瀬町,字宜次６９５－４,098-998-0893,19120,法人,屋,,R051216,12,その他専門工事,1
47012165,知事,（株）沖縄公栄社,中村 一貴,900-0004,那覇市,銘苅３－２０－１５レオパレスシーサー館１０３,098-860-3731,5000,法人,土と石鋼舗し水,,R041001,12,建設業（総合）,1
47005134,知事,（株）沖縄工業,棚原 博,902-0072,那覇市,字真地１９７－７,098-853-6507,20000,法人,土と石管舗機水消,1,R041120,35,建設業（総合）,1
47012450,知事,沖縄工業検査（株）,糸滿 盛史,904-2426,うるま市,与那城平安座８１４８－１,098-977-8309,20000,法人,土と石電鋼舗し水消,,R060303,12,建設業（総合）,1
47013794,知事,沖縄皇建海發（株）,王 剛,901-2203,宜野湾市,野嵩１－１０－８ めぐみ荘１０２,098-943-8255,5000,法人,土と石電鋼舗し塗通水解,,R061007 R070319,5,建設業（総合）,1
47005260,知事,（株）沖縄工設,大嶺 健一郎,901-2111,浦添市,字経塚６３３,098-877-0504,32250,法人,土建大と石屋電管タ鋼舗し塗内機水解,1,R040523,35,建設業（総合）,1
47003867,知事,沖縄古賀防水工業（株）,古賀 博昭,901-0301,糸満市,字阿波根４９５－１,098-994-3743,20000,法人,土建大左と石屋タ鋼舗し板ガ塗防内具水,1,R040123 R051110,35,建設業（総合）,1
47005482,知事,（有）沖繩小堀電機,宇根 良彦,901-2132,浦添市,伊祖３－１－７,098-878-6385,35000,法人,土と石電管鋼舗し塗機通水,1,R060614,35,建設業（総合）,1
47010130,知事,（有）沖縄左官商会,平田 林賢,904-2162,沖縄市,海邦２－２１－２４,098-939-5805,3000,法人,左,,R040528,15,その他専門工事,1
47013717,知事,沖縄産機（株）,運天 達男,901-2223,宜野湾市,大山７－３－１５,098-898-3092,45000,法人,機,,R060625,5,電気・設備工事,1
47008962,知事,沖縄三和シヤッター（株）,稲山 武志,901-0212,豊見城市,字平良８４－１,098-840-5538,100000,法人,と屋鋼板内具,,R030410,20,内装工事,1
47003399,知事,沖縄市管工事（同）,永山 均,904-0012,沖縄市,安慶田５－２－９,098-933-3157,58270,法人,土と石管鋼舗し水,1,R040718,35,建設業（総合）,1
47002512,知事,（資）沖縄実業,宮里 幸雄,902-0067,那覇市,安里１－８－４,098-867-0145,50000,法人,建大左と石屋タ鋼板ガ塗防内絶具,1,R030122,35,建設業（総合）,1
47012198,知事,（有）沖縄ジッポウ工業,藤田 耕平,901-2101,浦添市,西原５－４４－８,098-876-6656,10000,法人,タ,,R041219,12,その他専門工事,1
47010897,知事,沖縄シャープ電機（株）,田場 進,900-0002,那覇市,曙２－１０－１,098-862-2231,30500,法人,電管,,R070908,15,電気・設備工事,1
47011027,知事,沖縄シャーリング（株）,新川 英明,901-2122,浦添市,勢理客４－２１－１２,098-877-2091,30000,法人,土建大と石屋タ鋼筋舗し塗内水,,R030421 R070305,15,建設業（総合）,1
47012549,知事,（株）沖縄シャングリラ,万代 悟,905-0014,名護市,港２－６－５,0980-54-6677,100000,法人,建大屋タ鋼内,,R060728,12,建設業（総合）,
47007943,知事,（株）沖縄浄環センター,大城 康,904-0006,沖縄市,八重島２－１３－９,098-939-3915,20500,法人,土と石管鋼舗し水,,R040918,28,建設業（総合）,1
47015415,知事,（株）沖縄昇降機,上原 清尊,903-0804,那覇市,首里石嶺町４－９６－１大建マンション首里石嶺２０３,098-886-2240,2000,法人,機,,R070808,0,電気・設備工事,1
47012030,知事,（株）オキナワ商事,比嘉 英二,901-2405,中頭郡中城村,字屋宜６０－２,098-895-7700,20000,法人,土と石鋼舗し水,,R031201,12,建設業（総合）,1
47009321,知事,沖縄新エネ開発（株）,嘉味田 朝紀,904-0103,中頭郡北谷町,字桑江４７３－２５,098-923-2212,49000,法人,土建電機解,1,R040907 R051126,20,建設業（総合）,1
47008748,知事,（有）沖縄新和ハウス工業,新里 裕大,904-2231,うるま市,字塩屋４９４－２,098-974-8680,10000,法人,建大屋タ鋼内,,R060911,20,建設業（総合）,1
47006320,知事,（有）沖縄スイケン,堀戸 義広,902-0061,那覇市,沖縄県那覇市古島２－２８－２佐辺ビル２－Ｂ,098-975-5555,49000,法人,土建と石鋼舗し塗園水解,1,R031011,28,建設業（総合）,1
47002582,知事,沖縄水質改良（株）,天願 智一,903-0804,那覇市,首里石嶺町３－８－１,098-886-6321,30000,法人,土と電管機水消,1,R041220,35,建設業（総合）,1
47011008,知事,（株）沖縄水道管理センター,米田 善治,900-0006,那覇市,おもろまち４－１０－１８－２０３,098-865-2121,48000,法人,電管機水,,R030404,15,電気・設備工事,1
47015294,知事,沖縄スペース（株）,西岡 一期,900-0015,那覇市,久茂地１－１２－１２ニッセイ那覇センタービル１０Ｆ,098-867-5850,25000,法人,建内,1,R070225,0,建設業（総合）,1
47012076,知事,（株）沖縄セイホ,谷口 一郎,900-0002,那覇市,曙３－１５－９ １０１,098-862-2827,10000,法人,土と石鋼舗し水解,,R040427,12,建設業（総合）,1
47010989,知事,（資）沖縄関ヶ原石材,緑間 禎,902-0071,那覇市,繁多川２－１７－５,098-855-4100,30000,法人,土と石鋼舗し塗水解,,R020831,15,建設業（総合）,1
47011690,知事,沖縄石装,新垣 俊司,901-2402,中頭郡中城村,字泊５１７,098-895-3135,,個人,石,,R070208,12,その他専門工事,1
47001971,知事,沖縄石油ガス（株）,幸喜 健,901-2102,浦添市,前田３－１－８,098-877-7124,49532,法人,管,,R071013,35,電気・設備工事,1
47014479,知事,（有）沖縄ゼネラル,長嶺 善憲,900-0012,那覇市,泊１－３－２,098-868-1144,3000,法人,電,,R031008,0,電気・設備工事,1
47006647,知事,（株）沖縄ゼネラルサービス,宮村 敏郎,901-2224,宜野湾市,真志喜１－７－２,098-897-2604,15000,法人,土と石電管舗水,,R031221,28,建設業（総合）,1
47000678,知事,（株）沖縄総建,下地 惠正,900-0003,那覇市,字安謝２２０,098-861-3918,40000,法人,土建大と石屋タ鋼舗し塗内水解,1,R040122,35,建設業（総合）,1
47010631,知事,（株）沖縄創研工業,仲地 末美,902-0075,那覇市,国場６７２－１石川アパート１階,098-832-5111,3000,法人,土建大左と石屋タ鋼筋舗し板ガ塗防内絶具水解,,R060322,15,建設業（総合）,1
47011740,知事,沖縄綜合警備保障（株）,秋吉 直敏,901-2223,宜野湾市,大山７－１１－１０,098-870-2500,40000,法人,電通消,1,R070507,12,電気・設備工事,1
47005813,知事,（有）沖縄総合建設,島田 政彦,901-0364,糸満市,潮崎町３－１４－１,098-851-7166,10000,法人,土と石舗水,,R070415,35,建設業（総合）,1
47014104,知事,（株）沖縄総合建設,町田 敬洋,904-0417,国頭郡恩納村,字真栄田２９７１－１,098-987-8330,2000,法人,土石鋼舗し水解,,R030419,5,建設業（総合）,
47010962,知事,（有）沖縄総設,伊波 善之,904-0314,中頭郡読谷村,字古堅６１－２,098-956-9901,3000,法人,土と石電管鋼舗水,,R021226,15,建設業（総合）,1
47012630,知事,沖縄創設（株）,熊本 透,901-0225,豊見城市,字豊崎１－１１７８－１００８,098-850-5345,20000,法人,管,,R070107,12,電気・設備工事,1
47001907,知事,（株）沖縄装美工業,川満 孝幸,903-0804,那覇市,首里石嶺町４－１６４－３,098-887-3847,20000,法人,土建大と石屋タ鋼舗し板ガ塗防内絶園具水解,1,R060421,35,建設業（総合）,1
47014250,知事,沖縄第一産業,仲宗根 宗春,904-0103,中頭郡北谷町,字桑江３４６,090-3794-4220,,個人,建,,R030129,5,建設業（総合）,1
47015044,知事,沖縄タイキ（株）,山城 靖,901-1105,島尻郡南風原町,字新川９５,098-888-6800,10000,法人,管,,R060105,0,電気・設備工事,1
47008599,知事,（株）沖縄ダイケン,山盛 博文,900-0006,那覇市,おもろまち１－１－１２,098-862-2991,100000,法人,土建大左と石屋電管タ鋼舗し板ガ塗防内機絶通園具水消,1,R041017,20,建設業（総合）,1
47008568,知事,（株）沖縄大洋工芸,樫田 典明,901-0306,糸満市,西崎町４－１５－１０,098-994-0505,30000,法人,内,,R040908,20,内装工事,1
47011954,知事,沖縄大和梱包（株）,奥原 和範,901-2131,浦添市,牧港１－４９－６,098-871-3444,5000,法人,機,,R030620,12,電気・設備工事,1
47014348,知事,沖縄タカサキ（株）,井元 嵩,904-1114,うるま市,石川嘉手苅９６１－２２－２Ｆ,098-975-6299,5000,法人,大,,R030604,5,その他専門工事,1
47006680,知事,（有）沖縄タカラ住設,根路銘 安也,901-2104,浦添市,当山３－２－１,098-877-1314,10000,法人,建大屋管タ内,,R031012,28,建設業（総合）,1
47013718,知事,（有）沖縄探査工業,島田 潤,903-0804,那覇市,首里石嶺町２－１９３－２,098-943-0571,3000,法人,土と石鋼舗し水,,R060625,5,建設業（総合）,1
47010364,知事,（株）沖縄中央エンジニアリング,仲宗根 昌博,901-2203,宜野湾市,野嵩１－６－２３,098-893-6666,10000,法人,土と石鋼舗し塗水,,R040817,15,建設業（総合）,1
47003349,知事,（株）沖縄庭芸,渡嘉敷 弘,902-0075,那覇市,字国場５２０,098-855-5217,30000,法人,土と石鋼舗し塗園水,1,R070626,35,建設業（総合）,1
47004257,知事,沖縄テクノクリート（株）,仲本 幸平,900-0003,那覇市,字安謝６２０,098-868-2522,30000,法人,土と石舗水,,R070828,35,建設業（総合）,1
47013315,知事,（合）Ｏｋｉｎａｗａ Ｄｅｖｅｌｏｐ Ｓｅｒｖｉｃｅ,新垣 達也,904-0013,沖縄市,室川２－７－４５,098-939-1933,5000,法人,建大左石屋タ板ガ塗防内絶具,,R040920,8,建設業（総合）,1
47008007,知事,（有）沖縄電気建設,比嘉 定光,901-2131,浦添市,牧港４－２－３,098-875-1910,20000,法人,土と石電鋼舗し塗通水解,1,R070427,20,建設業（総合）,1
47006436,知事,沖縄電機工業（株）,新垣 昌明,904-2234,うるま市,字州崎１２－５５,098-929-1255,23485,法人,電,1,R021114,28,電気・設備工事,1
47013163,知事,（一財）沖縄電気保安協会,仲本 和也,900-0036,那覇市,西３－８－２１,098-861-1060,,法人,電,,R040224,8,電気・設備工事,1
47000096,知事,沖縄電興（株）,城間 隆弘,900-0036,那覇市,西３－４－２７,098-868-7063,30600,法人,土と電管鋼機通水,1,R030215,35,建設業（総合）,1
47010276,知事,（株）沖縄電子,宮城 啓一,901-2123,浦添市,西洲２－６－６卸売商業団地組合会館１Ｆ,098-898-2358,15344,法人,電通,,R040318,15,電気・設備工事,1
47010670,知事,沖縄東芝エレベータ（株）,管野 浩介,900-0004,那覇市,字銘苅１８０－７,098-866-5497,50000,法人,機,1,R041115,15,電気・設備工事,1
47000035,知事,沖縄道路（株）,宮里 三男,905-0019,名護市,大北四丁目２７－７５,0980-52-1814,49000,法人,土建と石電管鋼舗し塗園水解,1,R030402 R061023,35,建設業（総合）,
47005808,知事,沖縄道路興業（株）,安里 浩,903-0103,中頭郡西原町,字小那覇１４７０,098-946-3244,21000,法人,土と石鋼舗し塗水解,,R031207,35,建設業（総合）,1
47003323,知事,沖縄道路メンテナンス（株）,瑞慶山 良隆,901-0232,豊見城市,字伊良波５１９－１,098-850-4083,20130,法人,土と石鋼舗塗水,,R040307,35,建設業（総合）,1
47014254,知事,（株）沖縄トータル工業,山入端 学,901-0147,那覇市,宮城１－１７－１７－１１０６ Ｆステージ小禄宮城壱番館,098-851-7119,5000,法人,管,,R030205,5,電気・設備工事,1
47000347,知事,（株）沖縄特電,野原 武,900-0015,那覇市,久茂地３－２１－１,098-862-4235,50000,法人,電管機通消,1,R040804,35,電気・設備工事,1
47014274,知事,沖縄塗装（株）,大城 朝也,904-2155,沖縄市,美原４－７－１ 春マンション１０５,098-989-5763,5000,法人,大左石屋タ板ガ塗防内絶具,,R030305,5,塗装・防水,1
47013465,知事,沖縄塗装工業,長嶺 直樹,902-0074,那覇市,字仲井真３６５－１,098-854-1015,,個人,塗,,R050521,8,塗装・防水,1
47006980,知事,（株）沖縄土木,村松 慶多,907-0023,石垣市,字石垣１８４５－３６,0980-82-0252,20000,法人,土と石鋼舗し水,1,R071106,28,建設業（総合）,
47009813,知事,沖縄トヨタ自動車（株）,野原 朝昌,901-2122,浦添市,勢理客４－１８－１,098-940-8878,100000,法人,電,,R070405,20,電気・設備工事,1
47011129,知事,（株）沖縄トラスコン,奥間 政一郎,904-2143,沖縄市,知花６－８－１７セイワビル１０２,098-938-1580,40000,法人,土建大左と石屋タ鋼筋舗し板ガ塗防内絶具水解,1,R050921,15,建設業（総合）,1
47012728,知事,（有）沖縄ドリーム産業,新里 貴之,901-2133,浦添市,城間２－１－２,098-876-6480,3000,法人,大左石屋電管タ板ガ塗防内絶具,,R070407,12,電気・設備工事,1
47002503,知事,沖縄ナブコ（株）,崎原 章一郎,901-1101,島尻郡南風原町,字大名２６２,098-889-0111,30000,法人,鋼内具,,R070802,35,内装工事,1
47006991,知事,（有）沖縄南國ハウス,國場 勉,901-1302,島尻郡与那原町,字上与那原４９７－１１,098-946-7091,3000,法人,土建大と,,R030528,28,建設業（総合）,1
47008556,知事,（株）沖縄日興,木脇 博史,904-2164,沖縄市,桃原４－２４－２,098-939-0733,13100,法人,建大屋タ鋼内,,R040830,20,建設業（総合）,1
47002958,知事,沖縄ニッタン（株）,山里 秀夫,900-0001,那覇市,港町２－１４－７,098-861-1764,15000,法人,電管消,,R070627,35,電気・設備工事,1
47010339,知事,（株）沖縄日本管財,山里 英樹,900-0015,那覇市,久茂地１－１２－１２,098-867-5201,50000,法人,建大屋電管タ内,,R040716 R050508,15,建設業（総合）,1
47013528,知事,沖縄熱帯植物管理（株）,西銘 宜孝,905-0205,国頭郡本部町,字山川１４６６－１,0980-48-4002,10000,法人,園,,R050813,8,その他専門工事,
47013005,知事,（有）沖縄パーラーシステム,田中 豊仁,901-2215,宜野湾市,真栄原２－１５－５－１０３,098-898-0071,3000,法人,土と石鋼舗し水解,,R030714,8,建設業（総合）,1
47010134,知事,（合）沖縄はつり工業,與儀 勝,904-0032,沖縄市,諸見里２－２０－２０,098-930-0489,3000,法人,と,,R040305,15,その他専門工事,1
47001838,知事,沖縄パナソニック特機（株）,玉山 憲是,900-0036,那覇市,西２－１５－１,098-868-0131,44000,法人,電管機通消,1,R070523,35,電気・設備工事,1
47009267,知事,沖縄ピーシー（株）,砂川 尚男,904-2162,沖縄市,海邦町３－２７,098-934-8377,100000,法人,土建大左と石屋管タ鋼筋舗し板ガ塗防内絶具水,1,R070817,20,建設業（総合）,1
47015225,知事,沖縄ビケン（株）,名嘉 秀明,901-2224,宜野湾市,真志喜２－８－４,098-975-9464,5000,法人,電消,,R061021,0,電気・設備工事,1
47014245,知事,（株）沖縄ビジネスセンター,多良間 憲市,906-0013,宮古島市,平良字下里５８０、３Ｆ,0980-73-3439,10000,法人,通,,R030129,5,電気・設備工事,
47010467,知事,（有）沖縄ビジョンサービス,﨑山 英則,901-2102,浦添市,前田２－１４－２,098-875-6144,4000,法人,電通,,R050408,15,電気・設備工事,1
47000097,知事,（株）沖縄日立,原田 猛,900-0003,那覇市,字安謝２３０,098-861-1045,225000,法人,電管機,1,R040430,35,電気・設備工事,1
47014654,知事,沖縄日立ネットワークシステムズ（株）,中宗 義昭,900-0006,那覇市,おもろまち１－３－３１ 那覇新都心メディアビル,098-868-8420,100000,法人,通,,R040610,0,電気・設備工事,1
47013150,知事,沖縄非破壊検査（株）,山里 昇,904-2172,沖縄市,泡瀬３－３９－７,098-929-3335,10000,法人,電,,R040215,8,電気・設備工事,1
47011621,知事,沖縄ビル・メンテナンス（株）,幸地 均,900-0002,那覇市,曙２－８－１８,098-862-2551,40000,法人,電消,,R070604,12,電気・設備工事,1
47013141,知事,（株）沖縄フキ,冨里 聖,900-0016,那覇市,前島１－４－１５,098-867-4873,10000,法人,電,,R040130,8,電気・設備工事,1
47012074,知事,沖縄富士芝機工（株）,仲里 英治,901-1204,南城市,大里字稲嶺１８７３－２,098-946-8221,25000,法人,管,,R040424,12,電気・設備工事,1
47010070,知事,（株）沖縄物理カイケン,平良 恒男,900-0023,那覇市,楚辺３丁目１番１０号,098-834-4547,10000,法人,土と石鋼舗し塗水,,R030529,15,建設業（総合）,1
47014774,知事,沖縄不動産ＧＯＩＮＧ（株）,渡慶次 剛,901-2211,宜野湾市,宜野湾１－９－２９,098-988-8587,10000,法人,内,,R041118,0,内装工事,1
47002654,知事,（株）沖縄プラスチック産業,玉城 裕一,901-0306,糸満市,西崎町５－５－５,098-994-2220,40000,法人,土と石管舗水,1,R070518,35,建設業（総合）,1
47005062,知事,沖縄プラント工業（株）,久貝 博康,901-2131,浦添市,牧港４－１１－３,098-876-2535,32600,法人,土建大左と石屋電管タ鋼筋舗し板ガ塗防内機絶具水消解,1,R041004,35,建設業（総合）,1
47015410,知事,沖縄プラントシステム（株）,比嘉 宏之,904-2162,沖縄市,海邦１－１６－１８,098-989-3738,2000,法人,電管機,,R070801,0,電気・設備工事,1
47014782,知事,沖縄プロダクト（株）,大城 心太,904-2303,うるま市,勝連南風原４３７０－１,098-989-3768,3000,法人,塗,,R041202,0,塗装・防水,1
47006374,知事,沖縄ペイント（株）,與那嶺 毅,900-0016,那覇市,前島２－１－１４,098-862-7721,20000,法人,土建大左と石屋タ鋼筋舗し板ガ塗防内絶具水解,1,R030201 R040909,28,建設業（総合）,1
47006997,知事,（株）沖縄ボイラエンジニアリング,渡慶次 泰博,901-0155,那覇市,金城１－１２－２２,098-859-3999,10000,法人,管,,R040930,28,電気・設備工事,1
47003534,知事,沖縄防災器材（株）,荒木 恒光,903-0803,那覇市,首里平良町２－１２,098-943-6840,10000,法人,消,,R070926,35,電気・設備工事,1
47007904,知事,（株）沖縄豊和,島袋 盛市郎,904-2143,沖縄市,知花４－４７－８,098-987-8008,10000,法人,建石塗具,,R021026,28,建設業（総合）,1
47003315,知事,沖縄ホーチキ（株）,喜瀬 啓二,901-2102,浦添市,前田２－２０－１５,098-946-7330,20000,法人,電通消,1,R030223,35,電気・設備工事,1
47009316,知事,（有）沖縄ホーチキサービス,喜瀬 啓二,903-0804,那覇市,首里石嶺町４－３６２－４,098-884-7106,20000,法人,電通消,,R041104,20,電気・設備工事,1
47003649,知事,（株）沖縄ポンプ工業,田港 朝治,900-0011,那覇市,上之屋１－１０－３１,098-867-6331,20000,法人,土と石電管鋼舗し機井水,,R030702,35,建設業（総合）,1
47007910,知事,（株）沖縄丸和,北岡 幸一,904-2234,うるま市,字州崎１３－１９,098-989-7753,22500,法人,土と園,1,R040930,28,建設業（総合）,1
47001162,知事,沖縄三菱電機販売（株）,肥後 通人,901-2223,宜野湾市,大山７－１２－１,098-898-1111,60000,法人,電管機,1,R070918,35,電気・設備工事,1
47007884,知事,（株）沖縄みつわ,伊山 博和,900-0001,那覇市,港町２－１４－１７,098-869-0220,13000,法人,土建と石鋼舗し塗通具水,,R040930,28,建設業（総合）,1
47014703,知事,オキナワメディカルサポート（株）,照屋 保,901-1103,島尻郡南風原町,字与那覇５１３－３,098-987-1871,3000,法人,管,,R040819,0,電気・設備工事,1
47012761,知事,（株）沖縄メディコ,桃原 修,901-2122,浦添市,勢理客３－３－１１,098-876-5280,23200,法人,建大屋タ内,,R070612,12,建設業（総合）,1
47008268,知事,（有）沖縄メンテナンス,翁長 良樹,901-0504,島尻郡八重瀬町,字後原１１６９－１,098-998-6121,5000,法人,電機,,R030622,20,電気・設備工事,1
47011120,知事,沖縄ユアサ電池販売（株）,神村 絹枝,901-2134,浦添市,港川２－２３－６,098-877-1355,22500,法人,電,,R030915,15,電気・設備工事,1
47014275,知事,（株）沖縄吉村組,大城 大翼,901-2214,宜野湾市,我如古４－２７－１,098-988-3336,5000,法人,と,,R030409,5,その他専門工事,1
47013525,知事,沖縄リノベーション（株）,富川 貴史,902-0065,那覇市,壺屋２－２２－１９,098-996-3855,60000,法人,解,,R031110,8,その他専門工事,1
47013304,知事,沖縄菱山（株）,出田 晴久,900-0006,那覇市,おもろまち２－６－１１,098-868-3373,10000,法人,機,,R040911,8,電気・設備工事,1
47009454,知事,沖縄菱電ビルシステム（株）,鷲尾 ＊一,900-0015,那覇市,久茂地１－３－１,098-866-1175,100000,法人,建電管機通,1,R051016,20,建設業（総合）,1
47013986,知事,（合）沖縄リリーフエンジニアリング,伊＊ 圭一郎,902-0072,那覇市,真地２１０－１,098-834-3400,5000,法人,土大左と石屋タ舗板ガ塗防内絶具水,,R070522,5,建設業（総合）,1
47011544,知事,沖縄ルーフ工業（株）,諸見里 真吾,903-0117,中頭郡西原町,字翁長４８５－７,098-946-1501,4000,法人,塗防,,R060616,12,塗装・防水,1
47010999,知事,沖縄ロジテム（株）,上間 勝利,900-0001,那覇市,港町２－１７－１,098-860-1946,62350,法人,機,,R030315,15,電気・設備工事,1
47015148,知事,（株）沖南,南 貴之,904-2223,うるま市,字具志川２４５６－１,080-3901-3670,5000,法人,塗,,R060614,0,塗装・防水,1
47003216,知事,（有）沖南建設,呉屋 健三,901-0306,糸満市,西崎町３－１７３,098-994-2373,30000,法人,土建大左と石屋管タ鋼筋舗し板ガ塗防内絶園具水解,1,R030731,35,建設業（総合）,1
47001996,知事,（有）沖西建設,西里 尚子,906-0103,宮古島市,城辺字福里９１６番地,0980-77-7080,20000,法人,土建と石舗し水解,1,R070611,35,建設業（総合）,
47014904,知事,沖西重機,嘉陽 宗克,901-2101,浦添市,西原１－１２－５０,098-878-4550,,個人,土と石鋼舗し水,,R050609,0,建設業（総合）,1
47011419,知事,（有）沖熱,奥原 博行,901-1407,南城市,字つきしろ１３１０－４,098-988-9912,3000,法人,管,,R050910,12,電気・設備工事,1
47002658,知事,沖阪産業（株）,宮城 健,900-0001,那覇市,港町３－５－１,098-862-2321,89000,法人,土建大左と石屋タ鋼筋舗し板ガ塗防内絶具水,1,R050927,35,建設業（総合）,1
47008592,知事,（株）沖秀建設,照屋 秀明,904-0301,中頭郡読谷村,字座喜味２７５３－２１０,098-958-7180,49800,法人,土建大左と石屋タ鋼筋舗し板ガ塗防内絶具水解,1,R050702,20,建設業（総合）,1
47009330,知事,（有）沖平設備,平良 智志,904-0021,沖縄市,胡屋４－１７－１０,098-932-1676,5000,法人,土と石管鋼舗し水,,R050813,20,建設業（総合）,1
47010566,知事,（有）オキプライ,宮平 誠,901-2414,中頭郡中城村,字北浜１２６,098-895-2730,3000,法人,建大と屋タ鋼塗防内,,R051113,15,建設業（総合）,1
47003353,知事,沖プライ商事（株）,安里 健,901-2131,浦添市,字牧港１－６１－５,098-877-2955,30000,法人,土建大左と石屋タ鋼筋舗し板ガ塗防内絶具水解,1,R040712,35,建設業（総合）,1
47013548,知事,（株）沖プランニング,仲里 良太,901-2104,浦添市,当山２－６－１ グランドマンション浦西７０５号,098-879-4691,6500,法人,土建大左と石屋タ鋼筋舗し板ガ塗防内絶具水,,R050907 R051204,8,建設業（総合）,1
47006959,知事,（株）沖舗,岩男 康弘,904-2142,沖縄市,字登川３３９５－１,098-934-3670,50000,法人,土と石鋼舗し塗水解,1,R041206,28,建設業（総合）,1
47009124,知事,（有）オキホ,金城 克宏,905-0015,名護市,大南４－２－１４,0980-53-3232,10000,法人,土と石舗塗水解,,R070522,20,建設業（総合）,
47012944,知事,（株）沖正設備,仲松 彌正,904-2214,うるま市,安慶名１－１１－１９ １Ｆ,098-974-8210,5000,法人,管,,R030419,8,電気・設備工事,1
47007572,知事,（株）沖満土建,新里 勝利,906-0006,宮古島市,平良字西仲宗根５６３－８,0980-72-2415,30000,法人,土建と石鋼舗し塗水解,1,R030718,28,建設業（総合）,
47011199,知事,（有）オキミヤ,宮國 龍乃,901-2104,浦添市,当山１－７－１,098-879-1515,3000,法人,と鋼,,R040330,15,その他専門工事,1
47012396,知事,（株）沖宮設備,宮國 靖,901-2203,宜野湾市,野嵩１－５－１９,098-894-3966,5000,法人,土電管,,R051209,12,建設業（総合）,1
47011561,知事,（有）オキメタルワーク,玉城 徹,901-2413,中頭郡中城村,字津覇３３４－２,098-895-2792,3000,法人,建大屋タ鋼内,,R060708,12,建設業（総合）,1
47014968,知事,（株）沖盛システム,與座 盛史,904-2161,沖縄市,古謝２－１８－２４ 門ビル２０１,098-921-0255,3000,法人,建大左石屋電管タ板ガ塗防内絶通具,,R050825,0,建設業（総合）,1
47000017,知事,（有）沖安工業,池城 安一,907-0024,石垣市,字新川１０,0980-83-5485,35000,法人,土電管水,1,R021222,35,建設業（総合）,
47013807,知事,（株）沖友総業,友利 多久也,901-0405,島尻郡八重瀬町,字伊覇１３２－１,090-6859-0956,2000,法人,土建と石鋼舗し水,,R061011 R070527,5,建設業（総合）,1
47013361,知事,（株）沖吉土木,屋我 吉一,904-1303,国頭郡宜野座村,字惣慶１９８８－３０,098-968-8465,5000,法人,土建と石鋼舗し塗水解,,R041124,8,建設業（総合）,
47008402,知事,沖和建設,比嘉 和枝,901-0303,糸満市,字兼城８７５－１,098-995-1233,,個人,土と石管鋼舗水,,R040125,20,建設業（総合）,1
47011132,知事,（株）屋建設,屋 正美,907-1542,八重山郡竹富町,字西表４９５,0980-85-6206,5000,法人,土建と石鋼舗し水,,R031017,15,建設業（総合）,
47015193,知事,屋田左官工業,屋田 英善,901-0361,糸満市,字糸満１６４５－１ Ｂ,098-995-4422,,個人,左,,R060906,0,その他専門工事,1
47000311,知事,（株）奥浜組,奥濱 剛,906-0013,宮古島市,平良字下里６４８ 奥浜組マンション１階,0980-73-4815,39000,法人,土建大左と石屋管タ鋼筋舗し板ガ塗防内絶具水解,1,R040827,35,建設業（総合）,
47000735,知事,（有）奥濱建設,奥濱 貞夫,906-0103,宮古島市,城辺字福里６６４－２,0980-77-2141,30000,法人,土建と石舗し園水,1,R070808,35,建設業（総合）,
47012305,知事,オクハラ瓦技術,奥原 崇仁郎,901-1302,島尻郡与那原町,字上与那原３８７－１,098-944-6385,,個人,屋,,R050624,12,その他専門工事,1
47012487,知事,（株）奥原左官工業,奥原 省悟,901-0411,島尻郡八重瀬町,字友寄３４－２,098-998-8826,5000,法人,左,,R060421,12,その他専門工事,1
47015421,知事,奥原スチール（株）,奥原 崇人,901-1201,南城市,大里字嶺井４３２,098-988-4632,5000,法人,大とタ鋼筋解,,R070815,0,その他専門工事,1
47002377,知事,（株）奥原電設,奥原 聡,902-0076,那覇市,字与儀３８０－８,098-854-9676,20000,法人,電,1,R031228,35,電気・設備工事,1
47008051,知事,（株）奥平商会,岡林 俊成,902-0067,那覇市,安里２－６－３７,098-863-2727,44500,法人,土と石管舗水,,R070410,20,建設業（総合）,1
47010463,知事,奥平塗装,奥平 將次,901-2214,宜野湾市,我如古１－１８－１３,098-943-4382,,個人,塗,,R050327,15,塗装・防水,1
47004235,知事,（有）奥間重機土木,奥間 政暁,904-2212,うるま市,字赤野９３４－１,098-973-6141,20000,法人,土と石鋼舗し塗水解,1,R060510,35,建設業（総合）,1
47011147,知事,奧松ペイント,奧松 宏木,906-0006,宮古島市,平良字西仲宗根７２１－４,0980-73-5035,,個人,塗防,,R031117,15,塗装・防水,
47015380,知事,オクマホーム,奥間 一行,900-2174,沖縄市,与儀１－２－２２ トーマス与儀７０３,080-4004-7785,,個人,塗,,R070627,0,塗装・防水,1
47001708,知事,（株）奥隆建設,奥原 友代,906-0013,宮古島市,平良字下里１０９０－１奥原マンションＢ－１０７,0980-72-2988,10000,法人,土建と石舗し水,,R041212,35,建設業（総合）,
47014175,知事,（株）おさまる総合建材,奥平 誠,901-2101,浦添市,西原５－２－１８ Ｅ＆ｂｅ－Ｗｏｒｋｐｌａｃｅ３Ｆ,098-988-4635,2000,法人,建,,R021030,5,建設業（総合）,1
47013913,知事,小渡建装,小渡 一輝,901-0335,糸満市,字米須１９８,098-996-2281,,個人,内,,R070316,5,内装工事,1
47014105,知事,（株）翁長開発,翁長 英樹,901-0315,糸満市,字照屋１２３９－１、２０Ａ号,098-987-4101,5000,法人,土と石鋼舗し塗水解,,R070828,5,建設業（総合）,1
47014052,知事,翁長建設,翁長 卓弥,905-0005,名護市,字為又１２１９－３３３,0980-43-7833,,個人,土建大左と石屋タ鋼筋舗ガ塗防内具,,R070717,5,建設業（総合）,
47000880,知事,（有）翁長電気工事,翁長 秀樹,904-2214,うるま市,安慶名２－２３－６０,098-972-7733,28000,法人,電,1,R030601,35,電気・設備工事,1
47002577,知事,小那覇工業所,玉那覇 善則,903-0103,中頭郡西原町,字小那覇３３８,098-945-5401,,個人,と,,R070819,35,その他専門工事,1
47014456,知事,（株）鬼塚興業,鬼塚 有希,904-2302,うるま市,与那城西原６４７ エンジェルパレス３０２,080-8351-9545,5000,法人,と解,,R070815,0,その他専門工事,1
47013096,知事,（株）オネストワン,亀里 多紋,901-1304,島尻郡与那原町,字東浜３－８,098-945-6979,20000,法人,土建大左と石屋電タ鋼筋舗し板ガ塗防内絶具水解,,R031118,8,建設業（総合）,1
47014071,知事,小野組,小野 佳男,901-2113,浦添市,大平３－９－２－２,098-879-6727,,個人,と,,R070727,5,その他専門工事,1
47012131,知事,小野建沖縄（株）,東恩納 寛隆,900-0015,那覇市,久茂地３－２１－１國場ビルディング８階,098-860-9015,5000,法人,土建大左と石屋管タ鋼筋舗し板ガ塗防内機絶具水消解,,R040723,12,建設業（総合）,1
47002899,知事,オパス（株）,與那嶺 泰輔,901-2102,浦添市,前田３－３－２,098-877-7120,30900,法人,土建大左と石屋タ鋼筋舗し板ガ塗防内絶園具水,1,R060528,35,建設業（総合）,1
47014775,知事,（合）オプト建創,波平 光仁,901-0211,豊見城市,字饒波３９,098-851-4859,500,法人,建大左と石屋タ鋼筋板ガ塗防内絶具解,,R051129 R060829,0,建設業（総合）,1
47004132,知事,おもと造園,遠藤 義夫,907-0001,石垣市,字大浜４５３－５２,0980-82-4327,,個人,園,,R070310,35,その他専門工事,
47008636,知事,（株）親川鋼業,親川 孝道,901-1503,南城市,知念字知名２３６,098-947-6491,10000,法人,土と石鋼筋水,,R030712,20,建設業（総合）,1
47012295,知事,（株）親里建設,親里 康臣,901-2407,中頭郡中城村,字安里８３－２,098-895-7544,9000,法人,大,,R050604,12,その他専門工事,1
47011094,知事,（有）オヤテック,親泊 美智明,901-2214,宜野湾市,我如古１－４３－２６,098-890-4419,3000,法人,土建と石鋼筋舗し水解,,R030809 R030921,15,建設業（総合）,1
47009110,知事,親泊電気,親泊 朝祐,904-0204,中頭郡嘉手納町,字水釜３８６－６,098-956-5033,,個人,電,,R031029,20,電気・設備工事,1
47015125,知事,（株）親泊木工,親泊 元則,901-1117,島尻郡南風原町,字津嘉山１５７９,098-889-1060,5000,法人,建大左と石屋タ鋼筋板ガ塗防内絶具,,R060510,0,建設業（総合）,1
47015220,知事,（有）親泊木工,親泊 元則,901-1117,島尻郡南風原町,字津嘉山１５７９,098-889-1060,11000,法人,大左石屋タ板ガ塗防内絶具,,R061021,0,塗装・防水,1
47009091,知事,（有）親富祖工業,親富祖 政春,904-0035,沖縄市,南桃原１－３－１６,098-930-5855,5000,法人,土建と石鋼舗し水解,,R070419,20,建設業（総合）,1
47012258,知事,（株）オリジン建設,長山 宏,900-0022,那覇市,樋川２－６－１０,098-854-6001,38000,法人,土建大と石屋タ鋼舗し塗内水解,1,R050904,12,建設業（総合）,1
47013691,知事,小禄組,小禄 雄平,903-0802,那覇市,首里大名町２－６３ ２Ｆ,090-3792-7613,,個人,と,,R060527,8,その他専門工事,1
47014970,知事,オロク商会（株）,具志 浩和,901-0152,那覇市,小禄１－２７－１５,098-858-0069,10000,法人,建大屋タ内,,R050901,0,建設業（総合）,1
47002420,知事,（有）恩納アルミ工業,瀬良垣 百合子,904-0412,国頭郡恩納村,字谷茶１３０５,098-966-2202,10000,法人,具,,R031225,35,その他専門工事,
47014386,知事,オンワード技研,平良 辰雄,906-0007,宮古島市,平良字東仲宗根９６２－１２,0980-73-5284,,個人,電管,,R030709,5,電気・設備工事,
47011999,知事,（株）ガーデン・なみき,上地 哲歓,907-0024,石垣市,字新川２２５１－１,0980-82-1550,8000,法人,土と舗園,,R070521,12,建設業（総合）,
47010662,知事,海織筋,前瓦 貞敏,907-0023,石垣市,字石垣５０４－７,0980-88-5550,,個人,筋解,,R060517 R061202,15,その他専門工事,
47014403,知事,（株）ＫＡＩＫＡ,新垣 和樹,901-2214,宜野湾市,我如古１－５４－１５,098-898-8181,10000,法人,土と石鋼舗し水,,R030716,0,建設業（総合）,1
47010687,知事,（有）介建設,赤嶺 浩昭,901-0156,那覇市,田原１－１５－１ シャトレ高良１０１,098-840-1950,3000,法人,建大内,,R060621,15,建設業（総合）,1
47010194,知事,（株）カイコウ,木下 隆光,901-2123,浦添市,西洲２－１－１,098-943-5215,55000,法人,土とし,,R031016,15,建設業（総合）,1
000029311,大臣,（株）カイコス,松村 直貞,901-0205,豊見城市,字根差部２２９,098-996-1789,5000,法人,電,,R061001,,電気・設備工事,1
47013025,知事,（株）カイコン,比嘉 吉正,905-1142,名護市,字稲嶺７７０,0980-58-2871,70000,法人,土建大と石屋管タ鋼舗し塗内水解,1,R030804,8,建設業（総合）,
47015348,知事,甲斐左官工業,甲斐 三喜夫,907-0024,石垣市,字新川２３０４－２４,0980-82-0441,,個人,左,,R070509,0,その他専門工事,
47014238,知事,（有）海施工業,上間 昇,903-0125,中頭郡西原町,上原１－１０－２１,098-944-1217,3000,法人,土と石鋼舗し水,,R030115,5,建設業（総合）,1
47015377,知事,（株）海翔,藤原 弘美,900-0005,那覇市,字天久９２３ コープ天久３０１,098-963-7753,20000,法人,土と石鋼舗し水,,R070620,0,建設業（総合）,1
47011374,知事,海勝建設,松原 勝夫,904-2172,沖縄市,泡瀬３－４４－２６ オアシス泡瀬シーサイドビュー２０７,090-2503-6529,,個人,と,,R050604,12,その他専門工事,1
47014982,知事,（株）海城建設,瑞慶山 良太,905-0011,名護市,宮里１－２８－８ 南西ビル５０７,0980-54-1155,3000,法人,土と石鋼舗し水解,,R050929,0,建設業（総合）,
47012338,知事,（株）塊心,知念 吉信,906-0601,宮古郡多良間村,字塩川２６３,0980-79-2755,20000,法人,土と石鋼舗し水解,,R050819,12,建設業（総合）,
47013120,知事,（株）開誠,吉元 誠治,905-0007,名護市,字屋部１０７－５,0980-54-5668,1000,法人,土建大左と石屋タ鋼筋舗し板ガ塗防内絶具水解,,R031222 R040530 R060701,8,建設業（総合）,
47008621,知事,（有）海西工業,西平 重則,901-1414,南城市,佐敷字津波古３５６,098-947-3781,20000,法人,土と石管鋼舗水,1,R060219,20,建設業（総合）,1
47010369,知事,（有）かいせい鋼業,金城 清志郎,901-0323,糸満市,字新垣１１１５－１,098-995-3333,3000,法人,筋,,R040924,15,その他専門工事,1
47013116,知事,（有）開成産業,呉屋 健三,901-0516,島尻郡八重瀬町,字仲座４３３－１０,098-998-1721,18000,法人,土建と石鋼舗し水解,,R031222,8,建設業（総合）,1
47006849,知事,（有）開成電設,比嘉 一貴,901-2401,中頭郡中城村,字久場１８－９,098-895-4699,20000,法人,電,,R040606,28,電気・設備工事,1
47011283,知事,（株）カイ総合設備,比嘉 常雅,902-0072,那覇市,字真地３８８－６,098-855-9044,20000,法人,土と電管水,1,R061004,15,建設業（総合）,1
47012186,知事,（有）開拓,屋宜 辰,902-0075,那覇市,字国場９２１－４ １－Ａ,098-856-4727,40000,法人,土建大と石タ鋼舗し塗防園水解,,R041119,12,建設業（総合）,1
47006651,知事,（株）ＫＡＩＴＯアルミ,西川 能央,907-0004,石垣市,登野城１７９８－１,0980-82-5241,34200,法人,具,,R030902,28,その他専門工事,
47008522,知事,（有）開南工業,下地 美華,904-0021,沖縄市,胡屋１－８－３４,098-934-5957,20000,法人,土と石鋼舗し水解,,R031005,20,建設業（総合）,1
47005807,知事,（株）海邦,玉城 考剛,904-0104,中頭郡北谷町,字桃原１５－１０,098-936-4128,30000,法人,土と石電管鋼舗し塗通水消解,1,R070610,35,建設業（総合）,1
47011537,知事,海邦エレベーター工業（有）,我謝 牧子,904-0031,沖縄市,上地３－１－２８,098-932-8400,3500,法人,機,,R060610,12,電気・設備工事,1
000026003,大臣,海邦技研（株）,川満 聖憲,904-0314,中頭郡読谷村,字古堅７３－９,098-923-2712,10000,法人,土と石鋼舗し水,,R070311,,建設業（総合）,1
47006339,知事,（有）海邦建設,根間 直子,906-0015,宮古島市,平良字久貝８２５－６,0980-72-4601,8000,法人,土建と石舗水,,R070918,28,建設業（総合）,
000018862,大臣,（株）開邦工業,玉寄 将,904-2172,沖縄市,泡瀬４－２３－１０ １Ｂ,098-923-2001,40000,法人,土と石電管鋼舗し塗機水消清解,1,R021102 R041108 R061001,,建設業（総合）,1
47008183,知事,（有）海邦造園,森根 清昭,901-2204,宜野湾市,上原１－２３－１２,098-892-0765,25000,法人,土と石鋼舗し塗園水,1,R031018,20,建設業（総合）,1
47013560,知事,（株）海邦電設,福地 高宏,907-0003,石垣市,字平得８－８,0980-88-7488,5000,法人,土と石電管鋼舗し水,,R050921,8,建設業（総合）,
47007186,知事,（株）海邦土木,平良 晃三,907-0002,石垣市,字真栄里４８４－１,0980-83-6224,40000,法人,土建と石鋼舗し水解,1,R050113,28,建設業（総合）,
47008704,知事,（有）海邦ベンダー工業,登川 将光,901-0306,糸満市,西崎町５－１４－９,098-994-7465,3000,法人,土大左と石屋タ鋼舗し板ガ塗防内絶具水,,R040306,20,建設業（総合）,1
47011616,知事,（株）海洋開発工業,豊島 之弘,905-2171,名護市,字辺野古３６０－６６,0980-50-0596,10000,法人,土と舗し水,,R061007,12,建設業（総合）,
47010761,知事,（有）海連,西銘 喜久,901-1501,南城市,知念字久高２３１－４,098-949-7092,8100,法人,土と石鋼舗し水,,R061215,15,建設業（総合）,1
47003459,知事,嘉数組,嘉数 明,905-0428,国頭郡今帰仁村,字今泊３２０２,0980-56-3859,,個人,建,,R061210,35,建設業（総合）,
47013057,知事,嘉数工業,嘉数 浩平,902-0073,那覇市,字上間４８３－１ クレールＫＡＫＡＺＵ－Ｄ,098-833-4850,,個人,筋,,R030905,8,その他専門工事,1
47013857,知事,（株）賀数電工,賀数 弘明,901-0152,那覇市,小禄５－４－４３ １階,098-927-2661,5000,法人,電,,R061220,5,電気・設備工事,1
47005624,知事,（有）嘉川建設,新地 進,902-0077,那覇市,長田１－１８－１７,098-855-0333,10000,法人,土と石鋼舗し塗水解,,R061108,35,建設業（総合）,1
47002544,知事,（株）垣花建設,垣花 春夫,906-0601,宮古郡多良間村,字塩川１１１,0980-79-2866,30000,法人,土建と石鋼舗し園水,,R021030,35,建設業（総合）,
47007092,知事,（有）垣花建設,垣花 幸次郎,906-0015,宮古島市,平良字久貝８８１－１０,0980-73-0593,10000,法人,土建と石管舗し水,,R070808,28,建設業（総合）,
47011803,知事,垣花木工所,垣花 利彦,906-0006,宮古島市,平良字西仲宗根１２２１,0980-72-9731,,個人,大屋タ内具,,R070830,12,内装工事,
47004686,知事,（株）がきや興産,我喜屋 満,901-0613,南城市,玉城字志堅原８７２,098-948-1502,40000,法人,土と石舗園水,,R030217,35,建設業（総合）,1
47011982,知事,（株）確組,青山 貴子,901-2101,浦添市,西原４－３６－２０,098-877-1139,1000,法人,土と舗解,,R030819,12,建設業（総合）,1
47013916,知事,（合）岳盛開発,喜友名 盛勝,904-2204,うるま市,字西原１９０,098-972-7530,550,法人,土と石鋼舗し水解,,R070316,5,建設業（総合）,1
47012892,知事,（株）加島事務機,加島 一郎,901-2122,浦添市,勢理客３－１１－５,098-870-1255,10000,法人,通,,R030106,12,電気・設備工事,1
47013849,知事,和（株）,新城 和政,904-0304,中頭郡読谷村,字楚辺２１８９－１３,098-957-1311,3020,法人,筋,,R061213,5,その他専門工事,1
47008365,知事,（有）和開発,和宇慶 朝夫,904-2241,うるま市,字兼箇段６６２－１,098-974-7631,40000,法人,土建大左と石屋タ鋼筋舗し板ガ塗防内絶具水解,1,R021221,20,建設業（総合）,1
47010857,知事,和工業,島袋 和徳,904-2244,うるま市,字江洲１３６－２,098-974-7482,,個人,絶,,R070722,15,その他専門工事,1
47013280,知事,和興業（株）,宮里 紀和,904-0012,沖縄市,安慶田１－２７－５,098-937-1522,2000,法人,管機,,R040816 R070905,8,電気・設備工事,1
47014585,知事,（株）和興業,上原 和也,901-2121,浦添市,内間４－１７－２２,098-979-9568,1000,法人,と解,,R040318,0,その他専門工事,1
47014474,知事,（株）和工務店,仲里 和男,902-0062,那覇市,松川３－１８－２３,098-885-2394,5000,法人,土建大左と石屋タ鋼筋舗し板ガ塗防内絶具水,,R031001,0,建設業（総合）,1
47013678,知事,（有）和産業,金城 小才代,901-0306,糸満市,西崎町５－６－２６,098-992-0233,4000,法人,ガ具,,R060522 R070626,8,その他専門工事,1
47012443,知事,（株）和シャッター沖縄,渡名喜 政和,901-0411,島尻郡八重瀬町,字友寄４１－１ＮＥＷ泰原荘１０３号,098-998-1778,5000,法人,具,,R060217,12,その他専門工事,1
47014494,知事,ＫＡＺＵ電工,比嘉 一也,901-0241,豊見城市,字豊見城４５１－１０,090-1942-8755,,個人,電,,R031022,0,電気・設備工事,1
47012299,知事,和土建,浦崎 直和,905-0503,国頭郡伊江村,字川平３９５,0980-49-2754,,個人,土建と石鋼舗し塗園水解,,R050627,12,建設業（総合）,
47012645,知事,カズ内装ファクトリー,上江洲 安和,901-2301,中頭郡北中城村,字島袋１４７２,098-932-2727,,個人,建内,,R070121,12,建設業（総合）,1
47011881,知事,（株）寿寛興業,渡慶次 寿寛,907-0014,石垣市,新栄町２６－１９,0980-88-5860,5000,法人,土と石鋼舗し水解,,R040520 R050803,12,建設業（総合）,
47011465,知事,ｋａｚｕｍｉ建築工房,佐渡山 安輝,905-0021,名護市,東江５－２２－２０ ２Ｆ,0980-43-7499,,個人,土建大左と石屋タ鋼筋舗し板ガ塗防内絶具水解,,R051216,12,建設業（総合）,
47013077,知事,（株）型建,伊志嶺 始,901-2121,浦添市,内間５－３－２０,098-870-0312,5000,法人,土建大左と石屋タ鋼筋舗し板ガ塗防内絶具水解,,R031017 R040803 R060517 R070710,8,建設業（総合）,1
47014236,知事,（株）型建,仲松 弥寿国,901-0361,糸満市,字糸満１９２９,098-995-2354,5000,法人,土建大左と石屋タ鋼筋舗し板ガ塗防内絶具水,,R030108,5,建設業（総合）,1
47014395,知事,（株）型枠山善,津嘉山 達也,904-2162,沖縄市,海邦２－１６－９,098-934-3110,1000,法人,大と,,R041227,5,その他専門工事,1
47010032,知事,（有）かつ空調設備,勝連 順英,901-0232,豊見城市,字伊良波４２６－１,098-856-7600,3000,法人,電管,,R030312,15,電気・設備工事,1
47000175,知事,勝建設（株）,上地 雅代,906-0013,宮古島市,平良字下里９６６,0980-72-6206,23800,法人,土建大左と石タ鋼筋舗し塗防内具水,1,R040912,35,建設業（総合）,
47008742,知事,勝建設,池村 勝榮,901-1302,島尻郡与那原町,字上与那原１９７－２０,098-944-1088,,個人,大,,R020713,20,その他専門工事,1
47009135,知事,（有）勝工業,友利 隆彦,906-0006,宮古島市,平良字西仲宗根７４０－８,0980-73-5716,3000,法人,土と石鋼舗しガ塗園具水,,R030115,20,建設業（総合）,
47013401,知事,（株）克工業,嘉手納 克,901-2133,浦添市,城間４－２４－９,098-875-1578,2000,法人,と,,R050123,8,その他専門工事,1
47013024,知事,克伸工業,儀間 克也,901-1303,島尻郡与那原町,字与那原２５８２－３,098-945-0343,,個人,土と石管鋼舗し塗水解,,R030802,8,建設業（総合）,1
47014349,知事,勝鉄筋,漢那 勝太,901-0241,豊見城市,字豊見城２５ マンションＫＡＫＡＺＵ３－２号,090-6771-8290,,個人,筋,,R030604,5,その他専門工事,1
47013701,知事,克電気工事（株）,前田 亮太,901-2206,宜野湾市,愛知３－１３－１６,098-894-9493,7000,法人,電,,R060607,5,電気・設備工事,1
47004745,知事,克電気水道工事社,平良 克也,901-0361,糸満市,字糸満１４３５－２,098-994-0790,,個人,土と石電管鋼舗し水,,R030929,35,建設業（総合）,1
47012584,知事,（株）勝永建設,兼城 勝也,901-2407,中頭郡中城村,字安里２６８－４,098-895-2205,3000,法人,土建大左と石屋タ鋼筋舗し板ガ塗防内絶具水,,R061006,12,建設業（総合）,1
47015008,知事,（株）克美圧送,比嘉 克行,901-2212,宜野湾市,長田２－１５－７,098-898-9234,3000,法人,と,,R051117,0,その他専門工事,1
47012737,知事,勝山工業,比嘉 雄仁,905-0011,名護市,宮里７－１９－１５－２３ 豊里アパート,0980-52-1950,,個人,左,,R070507,12,その他専門工事,
47006486,知事,（有）桂植木,永島 昌和,901-2221,宜野湾市,伊佐２－１５－２,098-897-6631,24000,法人,土と石鋼舗し園水,,R070726,28,建設業（総合）,1
47014805,知事,（株）勝連板金,比嘉 勇樹,901-2402,中頭郡中城村,泊４８０－２,090-7169-4949,1000,法人,板,,R041228,0,その他専門工事,1
47011843,知事,嘉手苅組,嘉手苅 克男,902-0074,那覇市,字仲井真４００－４,098-853-1940,,個人,建大,,R071013,12,建設業（総合）,1
47011734,知事,嘉手苅木工,嘉手苅 良人,905-1156,名護市,字古我知６０３－３,0980-52-4947,,個人,建大屋タ内,,R070430,12,建設業（総合）,
47015004,知事,嘉手川工業（株）,嘉手川 優作,904-2242,うるま市,字高江洲１０２２－１０－１Ｆ,090-9787-3411,5000,法人,管,,R051110,0,電気・設備工事,1
47014626,知事,嘉手川左官,嘉手川 憲一,907-0004,石垣市,字登野城３２１－２０,0980-87-7590,,個人,左,,R040513,0,その他専門工事,
47011328,知事,（株）嘉手川電設,嘉手川 重勝,901-2225,宜野湾市,大謝名１－１５－１７,098-963-4442,1000,法人,電,,R050129,12,電気・設備工事,1
47015048,知事,（有）嘉手納住宅,浦崎 直太,904-0204,中頭郡嘉手納町,字水釜２０４,098-956-2530,15000,法人,建大屋タ内,,R060112,0,建設業（総合）,1
47015029,知事,（株）加藤興業,加藤 貴也,901-0301,糸満市,字阿波根１５５６－１ 豊ビル１階１０１,098-994-4533,3000,法人,内解,,R051222,0,内装工事,1
47001136,知事,（株）かない,上原 理津子,905-0005,名護市,字為又２０９－１５,0980-43-5156,30000,法人,土建大左と石屋管タ鋼筋舗しガ塗防内園具水解,1,R040907,35,建設業（総合）,
47014648,知事,（株）叶開発,呉屋 盛雄,904-2172,沖縄市,泡瀬６－１１－４４,098-911-0944,4000,法人,大左と石屋タ鋼筋板ガ塗防内絶具解,,R050602,0,塗装・防水,1
47015400,知事,（株）カナタコンサルタント,狩俣 直子,906-0007,宮古島市,平良字東仲宗根５５９－６,0980-75-5007,3000,法人,土建と石鋼舗し塗水,,R070725,0,建設業（総合）,
47014967,知事,（合）我那覇技研,我那覇 宗充,905-1152,名護市,字伊差川１５８－１,0980-59-5282,5000,法人,電管,,R050825,0,電気・設備工事,
47013236,知事,我那覇組,我那覇 有,901-2212,宜野湾市,長田１－９－２１,098-911-1689,,個人,と,,R040703,8,その他専門工事,1
47014117,知事,我那覇工業,我那覇 哲,904-0105,中頭郡北谷町,吉原４３３－１ グレイスマンション１Ｆ,098-989-8697,,個人,管,,R070904,5,電気・設備工事,1
47015184,知事,嘉那原組（株）,嘉那原 利晋,907-0024,石垣市,字新川２３１９－３３,0980-88-8708,75000,法人,建大と,,R060823,0,建設業（総合）,
47005717,知事,（有）金一基礎工事,宮城 喜政,903-0804,那覇市,首里石嶺町４－２７１,098-886-0109,20000,法人,土と,1,R021209,35,建設業（総合）,1
47008131,知事,（有）兼久建設,兼久 俊哉,907-0003,石垣市,字平得３４４,0980-83-6570,20000,法人,土建大左と石屋電管タ鋼筋舗し板ガ塗防内絶園具水解,1,R040819,20,建設業（総合）,
47013586,知事,兼堅設備工業,兼堅 隆,904-2241,うるま市,兼箇段１３９９－１,098-973-2819,,個人,管,,R051116,8,電気・設備工事,1
47007934,知事,我如古畳店,仲村渠 昇,901-2213,宜野湾市,志真志３－９－５,098-898-3499,,個人,内,,R040918,28,内装工事,1
47002911,知事,（株）我如古鉄工,我如古 晃哲,904-2303,うるま市,与那城９６,098-978-5231,2100,法人,管,,R041031,35,電気・設備工事,1
47014333,知事,（株）兼次組,兼次 寛,904-0031,沖縄市,上地１－７－１（１Ｆ）,090-7441-1805,5000,法人,と解,,R030521,5,その他専門工事,1
47013768,知事,兼城工業,兼城 正幸,904-2301,うるま市,与那城照間１７５６－１－Ａ,098-978-2565,,個人,管,,R060830,5,電気・設備工事,1
47005504,知事,（有）兼城設備工業,内間 克也,901-1111,島尻郡南風原町,字兼城１３６,098-889-0833,8000,法人,土と石管舗水,,R040707,35,建設業（総合）,1
47003038,知事,（有）兼城畳産業,兼城 裕也,904-2243,うるま市,字宮里２６５－５,098-973-3371,3000,法人,内,,R050213,35,内装工事,1
47007054,知事,（有）カネタケ電水工業,仲間 昌樹,904-1202,国頭郡金武町,字伊芸８５－１ メゾン伊芸１０２,098-968-4873,4000,法人,土と石電管舗水,,R041212,28,建設業（総合）,
47010890,知事,（有）金智建興,金城 智,901-0224,豊見城市,字与根７８－８,098-850-2677,3000,法人,土建大と石鋼舗し内水解,,R060625,15,建設業（総合）,1
47004998,知事,兼久建設,久場 兼信,901-0146,那覇市,具志３－２－２９,098-857-3473,,個人,建大,,R040729,35,建設業（総合）,1
47010368,知事,金秀建設（株）,山内 昌茂,900-0029,那覇市,旭町１１２－１,098-869-1350,100000,法人,土建大左と石屋管タ鋼筋舗し板ガ塗防内機絶園具水解,1,R040913,15,建設業（総合）,1
47008091,知事,金秀工業,金城 秀信,900-2312,中頭郡北中城村,字和仁屋２６１－１３,098-935-4173,,個人,土と石管鋼舗水,,R070611,20,建設業（総合）,1
47008584,知事,金秀鋼材（株）,比嘉 道雄,903-0103,中頭郡西原町,字小那覇１２１２,098-946-9898,40500,法人,建大左と石屋電管タ鋼筋板ガ塗防内絶具消解,,R030210 R050602,20,建設業（総合）,1
47011355,知事,金秀鉄工（株）,照屋 賢治,903-0118,中頭郡西原町,字小波津５６７,098-945-3351,100000,法人,土建大左と石屋電管タ鋼筋舗し板ガ塗防内絶具水解,1,R050418,12,建設業（総合）,1
47007569,知事,（有）金平建装,玉城 親平,901-2126,浦添市,宮城３－１４－１６,098-877-2592,3000,法人,建大左と石屋タ鋼ガ塗防内具,,R030803,28,建設業（総合）,1
47006400,知事,（有）カネマサ,金城 正治,902-0066,那覇市,字大道１５１－３、１Ｆ,098-884-3030,10000,法人,内,,R021015,28,内装工事,1
47001388,知事,（株）金松組,屋嘉比 智美,901-0322,糸満市,字与座４１２－１１１,098-994-8959,49000,法人,土建と石管鋼舗し水解,1,R030901,35,建設業（総合）,1
47014708,知事,金松左官（株）,平良 誠,904-2233,うるま市,字豊原３３０－１,098-989-4258,5000,法人,左,,R040819,0,その他専門工事,1
47007742,知事,（有）金丸土木,小橋川 小夜子,901-2214,宜野湾市,我如古１－３９－２８,098-897-8509,35000,法人,土建大左と石屋タ鋼筋舗し板ガ塗防内絶具水解,1,R021224,28,建設業（総合）,1
47012720,知事,兼本組,兼本 正克,904-2215,うるま市,みどり町５－１１－１３,098-923-0708,,個人,大と,,R070420,12,その他専門工事,1
47005677,知事,兼善建設,田場 兼善,905-1206,国頭郡東村,字有銘２７－４,0980-43-2768,,個人,土と石舗水解,,R030806,35,建設業（総合）,
47011342,知事,（株）カネヨシ工務店,嘉数 英樹,901-0153,那覇市,宇栄原１－１９－３,098-859-0395,6000,法人,建大屋タ内,,R050312,12,建設業（総合）,1
47003952,知事,（株）金吉設備工業,喜屋武 護,901-0156,那覇市,田原４－５－２,098-852-1665,48000,法人,管,1,R040822,35,電気・設備工事,1
47014877,知事,（合）ｃａｐｅｌｌａ,仲宗根 大,904-2173,沖縄市,比屋根６－１６－６,098-932-8032,9100,法人,電,,R050508,0,電気・設備工事,1
47014581,知事,ＫＡＦＵ（株）,小川 則和,903-0103,中頭郡西原町,字小那覇１０９５－１,090-3634-0214,5000,法人,建大左と石屋タ鋼筋板ガ塗防内絶具,,R040311,0,建設業（総合）,1
47014972,知事,（株）カフーホーム,喜多村 彩子,904-2304,うるま市,与那城屋慶名４６７－１０５－Ｂ,090-6509-2725,5000,法人,建大屋タ内,,R050908,0,建設業（総合）,1
47014758,知事,（株）ｋａｐｏｋ,岡戸 大和,904-0004,沖縄市,中央１－２４－１０ ２階,090-1856-6005,5000,法人,土建大左と石屋タ鋼筋舗し板ガ塗防内絶具水,,R041118,0,建設業（総合）,1
47015391,知事,（株）神希建設工業,神谷 勇希,901-0311,糸満市,字武富７４３－２,090-5293-0446,8000,法人,建解,,R070704,0,建設業（総合）,1
47012945,知事,（株）上高地組,上地 清吏,904-2235,うるま市,字前原７２－２,098-974-8525,5000,法人,建大と屋タ内,,R030419,8,建設業（総合）,1
47011442,知事,（株）上咲組,上間 整,901-2215,宜野湾市,真栄原１－２１－１ １階,098-870-2147,20000,法人,建大左と石屋タ鋼筋板ガ塗防内絶具,1,R050117,12,建設業（総合）,1
47013765,知事,（株）神里開発,神里 竜也,901-0361,糸満市,字糸満１６４２－３ Ａ,098-987-0768,3000,法人,土と石鋼舗し水解,,R060826,5,建設業（総合）,1
47014413,知事,神里工業（株）,神里 要,904-2173,沖縄市,比屋根４－２－１０,098-989-1751,2000,法人,解,,R040926,0,その他専門工事,1
47001223,知事,（有）神中組,神山 政士,904-1201,国頭郡金武町,字金武２３６－２,098-968-2248,33000,法人,土建大左と石屋管タ鋼筋舗しガ塗防内園具水解,1,R040613,35,建設業（総合）,
47013793,知事,（有）神原三洋,當眞 嗣泰,902-0065,那覇市,壺屋１－１８－３６,098-863-3106,3050,法人,電管,,R060927,5,電気・設備工事,1
47011319,知事,神村建設,神村 高吉,907-0024,石垣市,字新川２３１９－１８,0980-83-3501,,個人,土建大左と石屋タ鋼筋舗し板ガ塗防内絶具水,,R050104,12,建設業（総合）,
47012125,知事,（株）神谷興業,神谷 輝夫,901-0311,糸満市,字武富７４３－２,098-851-4261,8000,法人,土建左と石鋼舗し水,,R040717,12,建設業（総合）,1
47008843,知事,（有）神谷産業,神谷 善高,902-0066,那覇市,字大道７５－１、２Ｆ,098-886-1250,20000,法人,土建大と石屋タ鋼舗し塗内水解,1,R060920,20,建設業（総合）,1
47004279,知事,（有）神谷総合建設,神谷 勝巳,901-0413,島尻郡八重瀬町,字志多伯２３８－１,098-998-8251,3000,法人,土建大と石鋼舗し水,,R030413,35,建設業（総合）,1
47012797,知事,（株）神谷匠創,神谷 正彦,905-1147,名護市,字田井等３４５ 翁長アパート１階１０６号室Ａ,0980-44-2050,5000,法人,建,,R070727,12,建設業（総合）,
47014635,知事,神山電気,神山 竜二,904-2153,沖縄市,美里５－３－１４ プレミアムコート美里第二３０３,090-1942-6084,,個人,電,,R040520,0,電気・設備工事,1
47012723,知事,（株）亀建,宮城 健,901-0616,南城市,玉城字前川４９,098-948-3792,1000,法人,土と石鋼舗し水,,R070422,12,建設業（総合）,1
47011016,知事,（有）亀谷建設,亀谷 馨,904-0411,国頭郡恩納村,字恩納２４５７－１,098-966-8157,6000,法人,土建大左と石屋管タ鋼筋舗し板ガ塗防内絶具水解,,R070928,15,建設業（総合）,
47012916,知事,（株）カモメトラスト,高良 文紀,901-0213,豊見城市,字高嶺３１０－１ コーポ大永１０５号,098-851-8275,5000,法人,土建と石鋼舗し水,,R030223,8,建設業（総合）,1
47014685,知事,（株）嘉陽硝子,嘉陽 謙太,904-1102,うるま市,石川東山１－２１－１１,098-964-4129,5000,法人,ガ,,R040722,0,その他専門工事,1
47000800,知事,嘉陽組（有）,嘉陽 重壽,905-0412,国頭郡今帰仁村,字湧川５８９,0980-56-2272,30000,法人,土建大左と石屋管タ鋼筋舗し板ガ塗防内絶園具水,1,R061014,35,建設業（総合）,
47014472,知事,（株）からーぼっくす,岸本 健太,901-2422,中頭郡中城村,新垣１７９３－１,098-870-3033,1000,法人,塗防,,R030924,0,塗装・防水,1
47013174,知事,（株）狩政重機,狩俣 政治,907-0002,石垣市,字真栄里１５７－９,0980-82-7505,3000,法人,土と石鋼舗し水解,,R040323 R050621,8,建設業（総合）,
47005605,知事,（有）狩俣組,狩俣 廣一,901-2111,浦添市,字経塚８１１－９４,098-877-9149,3000,法人,建大左と石屋タ鋼筋板ガ塗防内絶具,,R070817,35,建設業（総合）,1
47012851,知事,狩俣シャッター,狩俣 武市,907-0002,石垣市,字真栄里慶田山４５１－１,0980-82-1827,,個人,具,,R021030,12,その他専門工事,
47015043,知事,狩俣鉄工,狩俣 保隆,907-0004,石垣市,字登野城５１８,0980-82-8044,,個人,と鋼,,R060112,0,その他専門工事,
47013417,知事,（株）川栄建設,川満 榮,907-0004,石垣市,字登野城５８０－８,0980-82-6533,3000,法人,建,,R050309,8,建設業（総合）,
47011990,知事,（株）ＫＡＷＡＫＡＭＩ,川上 政樹,901-0076,那覇市,与儀１－１９－４１Ｋ．ＢＡＳＥ１階,098-889-8813,1000,法人,塗,,R030826,12,塗装・防水,1
47010438,知事,（有）川上建設,川上 勝弘,904-0011,沖縄市,照屋１－２５－１,098-939-0095,50000,法人,土建大左と石屋タ鋼筋舗し板ガ塗防内絶具水解,1,R050115,15,建設業（総合）,1
47015104,知事,（株）川神総合土木,神谷 竣,901-0224,豊見城市,字与根４６－１３,098-995-9774,1000,法人,土と石鋼舗し水,,R060405,0,建設業（総合）,1
47010805,知事,川建工業,川満 恵哲,904-0021,沖縄市,胡屋５－４－８,098-932-7275,,個人,土建大左と石屋タ鋼筋板ガ塗防内絶具,,R070401,15,建設業（総合）,1
47004236,知事,（有）川建設,川満 宣志,901-2101,浦添市,西原６－１５－７,098-875-6808,10000,法人,土建大左と石屋タ鋼筋舗し板ガ塗防内絶具水,,R070621,35,建設業（総合）,1
47010106,知事,（有）カワセツ,川平 悟,901-0617,南城市,玉城字愛地３４０－２,098-949-7174,5000,法人,土と石管鋼舗し水,,R030618,15,建設業（総合）,1
47008912,知事,（有）川田空調設備,川田 敏広,901-0241,豊見城市,字豊見城１８８－７,098-856-4475,5000,法人,管,,R030124,20,電気・設備工事,1
47008854,知事,（有）川田組,川田 庄浩,905-2263,名護市,字安部２０４－２,0980-55-8080,27000,法人,土建と石鋼舗し塗園水解,1,R040313 R040629,20,建設業（総合）,
47006470,知事,川武タタミ店,川武 徳二,901-0411,島尻郡八重瀬町,字友寄８２１－１１,098-998-5785,,個人,内,,R021216,28,内装工事,1
47002572,知事,（株）川田電設産業,渡真利 剛,906-0012,宮古島市,平良字西里１３３２－７,0980-72-9793,20000,法人,土と石電管鋼舗し塗水,1,R030115,35,建設業（総合）,
47015350,知事,（株）川電機システム,新川 守,904-2166,沖縄市,古謝津嘉山町３４－１８,098-988-5985,5000,法人,電管,,R070522,0,電気・設備工事,1
47003076,知事,（有）川根建設,川根 順子,906-0305,宮古島市,下地字与那覇７６１－１,0980-76-2477,5000,法人,土建と石舗水,,R030220,35,建設業（総合）,
47005093,知事,（株）川橋建設,小橋川 博幸,901-2201,宜野湾市,新城１－１－９,098-892-4290,30000,法人,土建と石鋼舗し塗園水解,1,R060514,35,建設業（総合）,1
47007389,知事,（有）カワバタ,川畑 文夫,904-2155,沖縄市,美原４－４－１,098-937-9122,10000,法人,建と,,R030318,28,建設業（総合）,1
47000462,知事,（株）川平建設,川平 勲,906-0013,宮古島市,平良字下里１５５６－２,0980-72-3036,48800,法人,土建大と石舗し水解,1,R030821,35,建設業（総合）,
47012839,知事,（株）川平工業,川平 雄次,904-1111,うるま市,石川東恩納６４１－３,098-927-9297,5000,法人,鋼,,R021015,12,その他専門工事,1
47001665,知事,（株）川平土木,川平 賀寿,901-1205,南城市,大里字高平１３８,098-945-2335,40000,法人,土建大と石タ鋼舗し塗園水解,1,R030420,35,建設業（総合）,1
47014361,知事,川満組,川満 武,901-2112,浦添市,字沢岻１１３６－９,098-878-0283,,個人,大と,,R030618,5,その他専門工事,1
47003298,知事,（有）川満建装,川満 好樹,901-1101,島尻郡南風原町,字大名１８６－５,098-889-5043,8000,法人,建大左石屋タ板ガ塗防内絶具,,R070726,35,建設業（総合）,1
47008170,知事,川満工業,川満 恵茂,906-0007,宮古島市,平良字東仲宗根９６５－５,0980-73-4980,,個人,土建左と石鋼舗し水,,R021109,20,建設業（総合）,
47014068,知事,川満興業,川満 昇,907-0024,石垣市,字新川２３２４－７,0980-82-1650,,個人,土と舗,,R020727,5,建設業（総合）,
47010141,知事,（有）川満工務店,川満 秀雄,901-2225,宜野湾市,大謝名２－１４－２９,098-897-3061,10000,法人,土と石鋼舗し水,,R030726,15,建設業（総合）,1
47011357,知事,川満造園,川滿 真市,907-0022,石垣市,字大川５３８－２ ｕ－ｖｉｅｎｔｏ ２－Ｃ,0980-83-1960,,個人,園,,R050421,12,その他専門工事,
47013347,知事,川満総業（合）,川満 学,907-0003,石垣市,字平得１０８３,0980-87-6156,100,法人,大と,,R041101,8,その他専門工事,
47012861,知事,川満美装（株）,川満 勝彦,904-0012,沖縄市,安慶田２－１４－２１,098-938-5188,1000,法人,塗,,R021106,12,塗装・防水,1
47008180,知事,（有）環衛開発,安里 寛栄,902-0065,那覇市,壺屋２－１４－３２－２,098-832-6309,37000,法人,土建大左と石屋管タ鋼筋舗し板ガ塗防内絶具水解,1,R060430,20,建設業（総合）,1
47008362,知事,（有）環境クリーン開発,金城 繁治,902-0074,那覇市,字仲井真２０５－３新垣ハイツＡ棟１０５,098-834-5260,7850,法人,土建と舗解,,R060611,20,建設業（総合）,1
47014304,知事,環境サイエンス（株）,エリック ニューマン,904-1115,うるま市,石川伊波１５５３－２３１,098-989-0426,98000,法人,土と,1,R030416,5,建設業（総合）,1
47013464,知事,カンクリエイト（株）,知念 寛之,901-2104,浦添市,当山１－７－１ ３Ｆ,098-943-5275,3000,法人,鋼内,,R050521,8,内装工事,1
47005724,知事,（株）カンゲン企画,比嘉 正,905-0021,名護市,東江５－２２－２０,0980-43-8785,30000,法人,土建大左と石屋タ鋼筋舗し板ガ塗防内絶具水,1,R050929,35,建設業（総合）,
47015072,知事,幹工業,島袋 幹也,901-2206,宜野湾市,愛知３－１０－２１－１０３号 Ｗａｖｅ＊,070-5695-6925,,個人,と解,,R060222,0,その他専門工事,1
47013633,知事,（有）神崎ガス工業,神里 順,901-2132,浦添市,伊祖３－６－６,098-877-5343,3000,法人,建電管消,,R060204,8,建設業（総合）,1
47011257,知事,（有）環水テクノ開発,阿波連 拡,903-0801,那覇市,首里末吉町４－６－５－１０１,098-882-1300,6000,法人,土管,,R040731,15,建設業（総合）,1
47014368,知事,（合）管設備,上原 健眞,901-0305,糸満市,西崎３－２６３エスプライト２０２号,098-994-4130,900,法人,管,,R030618,5,電気・設備工事,1
47005527,知事,（有）環設備工業,久保田 光明,902-0065,那覇市,壺屋２－１４－３２－５,098-941-7771,20000,法人,土建と石管鋼舗塗水解,1,R030712 R050929,35,建設業（総合）,1
47010968,知事,（有）寛大建設,金城 寛保,901-1117,島尻郡南風原町,字津嘉山５６４,098-882-6620,3000,法人,建,,R030117,15,建設業（総合）,1
47014038,知事,漢那電気設備（合）,漢那 憲信,904-1304,国頭郡宜野座村,字漢那９９２－１０,098-968-4302,5400,法人,土と石電管鋼舗し水,,R070703,5,建設業（総合）,
47015296,知事,看板のミナミ,小嶺 成幸,904-2174,沖縄市,与儀３－７－１４,098-987-8630,,個人,と,,R070221,0,その他専門工事,1
47014556,知事,（株）幹和工業,上江洲 竜子,904-2223,うるま市,字具志川４６８,098-969-0855,1000,法人,建大屋タ内,,R040114,0,建設業（総合）,1
47010684,知事,（有）寛和工務店,宮城 寛,904-2143,沖縄市,字知花１４３,098-921-2460,10000,法人,土建と石鋼舗し水,,R060615,15,建設業（総合）,1
47014989,知事,（株）ｋｈｙ，ｓシャッターメンテナンス,光 聞平,901-0215,豊見城市,字渡嘉敷２４８ 大嶺荘１０５,098-894-6630,1000,法人,具,,R051013,0,その他専門工事,1
47014821,知事,（株）ＫｅｙＴｒｅｅ,波平 えり子,904-0301,中頭郡読谷村,字座喜味２３０３－１,098-958-1908,5000,法人,建,,R050210,0,建設業（総合）,1
47013122,知事,喜久川建設,喜久川 守,904-2241,うるま市,字兼箇段３７１－１,098-975-0873,,個人,大左石屋タ板ガ塗防内絶具,,R031226,8,塗装・防水,1
47012269,知事,（株）きくはら工務店,原田 菊典,904-1106,うるま市,石川２－７－２,098-965-6515,5000,法人,建大屋タ内,,R050423,12,建設業（総合）,1
47012901,知事,喜久山組,喜久山 正明,904-2233,うるま市,字豊原２６４,090-5925-7846,,個人,と,,R030127,8,その他専門工事,1
47002675,知事,（株）技建,津波古 充,901-1207,南城市,大里字古堅１２０６－３,098-945-2787,72000,法人,土建大と石屋タ鋼舗し塗内水,1,R071019,35,建設業（総合）,1
47005440,知事,（有）技研管理,宇地原 弘光,901-1104,島尻郡南風原町,字宮平３４８,098-889-5239,5000,法人,土と石管舗水消,,R070123,35,建設業（総合）,1
47005784,知事,技研工業（株）,國仲 昌典,900-0002,那覇市,曙３－４－６,098-861-2554,20000,法人,土と石管鋼舗し塗機水消解,1,R041031,35,建設業（総合）,1
47004718,知事,（株）紀建設,平良 泰志,901-2227,宜野湾市,宇地泊３－１１－１６,098-890-6225,20000,法人,建大屋タ鋼内,1,R050818,35,建設業（総合）,1
47013055,知事,義建設,島袋 雄次郎,904-2302,うるま市,与那城西原７２１－１,098-989-8728,,個人,土建と石鋼舗し水解,,R030905,8,建設業（総合）,1
47014119,知事,（株）機工,田場 英行,901-2114,浦添市,安波茶２－５－７,098-874-0380,13000,法人,土と石鋼舗し機水解,,R070904,5,建設業（総合）,1
47015239,知事,騎豪（合）,高田 良太,904-2313,うるま市,勝連内間１１５１－５,090-5024-5775,3000,法人,建大左と石屋タ鋼筋板ガ塗防内絶具,,R061119,0,建設業（総合）,1
47013251,知事,（株）技功団,伊波 正,904-0322,中頭郡読谷村,字波平２１２５－１,098-958-6530,20000,法人,土と石鋼舗し水解,1,R040718 R041125,8,建設業（総合）,1
47012375,知事,岸工業,岸本 健治,902-0063,那覇市,三原２－６－１ １階,098-855-9087,,個人,土と石鋼舗し水,,R051028,12,建設業（総合）,1
47013316,知事,（株）岸美装,岸本 兼典,901-2203,宜野湾市,野嵩１－４０－１ Ｎ－２ハウス ２Ｆ,098-893-2122,1000,法人,塗,,R060601,8,塗装・防水,1
47012180,知事,岸本組,岸本 安広,901-2214,宜野湾市,我如古２－８－１５,098-955-4732,,個人,大,,R041108,12,その他専門工事,1
47014296,知事,（株）岸本組,岸本 忍,905-0016,名護市,大東２－２０－３ 翔ハイツ２Ｆ,090-1941-1768,500,法人,建大と,,R030402,5,建設業（総合）,
47009176,知事,（有）岸本電気,岸本 祥善,905-0001,名護市,字安和１２８,0980-53-8308,3000,法人,土と石電管鋼舗し水,,R030810,20,建設業（総合）,
47004695,知事,（有）岸本土建,外間 文代,905-0007,名護市,字屋部３７３,0980-53-3777,25000,法人,土建と石鋼舗園水解,1,R040228 R050116 R050608,35,建設業（総合）,
47013727,知事,岸本塗装防水工業,岸本 忍,901-2225,宜野湾市,大謝名３－９－２６,098-898-4775,,個人,塗,,R060628,5,塗装・防水,1
47007624,知事,（有）喜舎場組,喜舎場 達信,901-2422,中頭郡中城村,字新垣８０４,098-895-2514,10000,法人,土と石舗し水,,R030911,28,建設業（総合）,1
47013842,知事,（株）喜舎場組,喜舎場 洋行,904-0304,中頭郡読谷村,字楚辺１３９５－１００ ＮＳ－９,098-927-1589,1000,法人,大と,,R061129,5,その他専門工事,1
47008777,知事,喜舎場石材,喜舎場 睦博,901-2422,中頭郡中城村,字新垣１０１,098-895-7369,,個人,土と石鋼舗し水,,R050101,20,建設業（総合）,1
47009769,知事,（株）喜神サービス,川満 秀吉,904-2213,うるま市,字田場１０６１,098-973-6533,30000,法人,建大左と石屋タ鋼板ガ塗防内絶具解,1,R060127,20,建設業（総合）,1
47011114,知事,（株）輝水,新垣 大輝,902-0077,那覇市,長田１－２４－２４,098-835-9018,20000,法人,土建大と石屋電管タ鋼舗し塗内水解,1,R040926,15,建設業（総合）,1
47013463,知事,（株）キズナ・アルファー,當山 清正,904-0323,中頭郡読谷村,字高志保１７７－１,098-958-7078,1000,法人,建大屋タ内,,R050521,8,建設業（総合）,1
47011961,知事,喜瀬重機,喜瀨 敏憲,901-1104,島尻郡南風原町,字宮平２８－１,098-889-2153,,個人,土と石鋼舗し水解,,R070515,12,建設業（総合）,1
47012491,知事,（株）喜瀬塗装,喜瀬 乗彦,901-0211,豊見城市,字饒波２７７－５,098-851-8664,1000,法人,塗防,,R060501,12,塗装・防水,1
47013993,知事,喜瀬内装,喜瀨 宏,901-1206,南城市,大里字仲間１２３６－２０ １０－１,098-975-7820,,個人,建解,,R070605,5,建設業（総合）,1
47015166,知事,（株）樹創,上原 正樹,904-2142,沖縄市,登川１７８８,098-911-2725,1000,法人,建大左と石屋タ鋼筋板ガ塗防内絶具解,,R061004,0,建設業（総合）,1
47013177,知事,（合）喜壮興業,喜納 誠,904-0304,中頭郡読谷村,字楚辺１１１１ 大地１－Ｄ,098-956-0400,3000,法人,土と鋼,,R040323,8,建設業（総合）,1
47012705,知事,（有）北環,大城 寛,905-1427,国頭郡国頭村,字与那８１,0980-41-3059,3000,法人,土建大と石管鋼舗園,,R070309,12,建設業（総合）,
47006603,知事,（有）北大東建設,天願 則光,901-3902,島尻郡北大東村,字中野２２４,09802-3-6221,40000,法人,土と石鋼舗し塗水,1,R040213,28,建設業（総合）,
47006879,知事,（株）きた電工,新垣 光夫,905-0016,名護市,大東２－１６－３,0980-53-1793,20000,法人,土と石電管舗水,,R040920,28,建設業（総合）,
47007503,知事,（株）北盛建設,北谷 清盛,901-0153,那覇市,宇栄原４ー６－２２,098-858-4022,35000,法人,土建大左と石屋管タ鋼筋舗し板ガ塗防内絶園具水解,1,R070304,28,建設業（総合）,1
47009277,知事,（有）キッチン沖縄,宮城 稔,903-0127,中頭郡西原町,字徳佐田１３２－２,098-944-1288,5000,法人,建大屋管タ内,,R040731,20,建設業（総合）,1
47012414,知事,（株）基電,新城 永人,907-0002,石垣市,字真栄里４８３－１,0980-82-2899,4000,法人,電管,,R060109,12,電気・設備工事,
47002234,知事,（株）機電工業,新城 昌人,901-2223,宜野湾市,大山７－３－１９,098-898-6866,30000,法人,電管,1,R070612,35,電気・設備工事,1
47009067,知事,ＫＩＴＯ（株）,具志堅 一,903-0103,中頭郡西原町,字小那覇４７８,098-988-1081,30000,法人,土と石鋼舗し水解,,R060819,20,建設業（総合）,1
47013145,知事,木戸組,木戸 誠,904-2171,沖縄市,高原６－１１－２ ファーストＯＮＥ１０５,090-5926-5207,,個人,と,,R040206,8,その他専門工事,1
47004027,知事,（株）喜納一工業,喜納 剛,901-2313,中頭郡北中城村,字熱田２０６０－１,098-935-2042,35000,法人,土と石管鋼舗し水解,,R031003,35,建設業（総合）,1
47012820,知事,（株）喜納組,喜納 清隆,904-0203,中頭郡嘉手納町,字嘉手納４８６－１３,098-957-2909,5000,法人,建大左と石屋タ鋼筋板ガ塗防内絶具解,,R070903,12,建設業（総合）,1
47013482,知事,（株）きな組,喜納 聡,904-2141,沖縄市,池原１－１３－３０,098-934-1611,5000,法人,大と,,R050615,8,その他専門工事,1
47008396,知事,（有）喜納工業,喜納 昌也,903-0125,中頭郡西原町,字上原９０,098-946-6299,5000,法人,土建大左と石屋タ鋼舗し板ガ塗防内絶具水,,R040112,20,建設業（総合）,1
47010645,知事,喜納重機土木業,喜納 兼勇,904-2212,うるま市,字赤野１７０－２,098-973-1875,,個人,土と石鋼舗し水解,,R060406,15,建設業（総合）,1
47015458,知事,喜納住建,喜納 敏郎,904-2165,沖縄市,宮里３－３５－１０,098-937-5587,,個人,土建と石鋼舗し塗内園水解,,R070926,0,建設業（総合）,1
47010779,知事,（株）喜名新,喜名 景秀,901-2112,浦添市,字沢岻１４２９－１,098-877-7784,20000,法人,土建大左と石屋タ鋼筋舗し板ガ塗防内絶具水解,1,R040624 R041208,15,建設業（総合）,1
47014425,知事,きな防水工業,喜納 昌広,903-0815,那覇市,首里金城町４－７４－２１,098-987-1433,,個人,防,,R030806,0,塗装・防水,1
47014952,知事,宜野座軽天,宜野座 真,901-0323,糸満市,字新垣１４,098-994-5938,,個人,内,,R050804,0,内装工事,1
47002484,知事,宜野座建設（株）,仲程 エミー,904-1303,国頭郡宜野座村,字惣慶１７６０番地,098-968-8166,20000,法人,土建と石鋼舗し水,1,R030216,35,建設業（総合）,
47007676,知事,（有）宜野座産業,宜野座 嗣秀,901-0323,糸満市,字新垣７５,098-994-6581,15000,法人,土と石管鋼舗水,,R031018,28,建設業（総合）,1
47014170,知事,（有）宜野座電機工業,伊藝 善勝,904-1303,国頭郡宜野座村,惣慶８００,098-968-3222,3000,法人,電管消,,R021016 R031006,5,電気・設備工事,
47014748,知事,（有）宜野座ビル管理,伊芸 美香,904-1303,国頭郡宜野座村,惣慶８１８,098-868-2708,6000,法人,管,,R041021,0,電気・設備工事,
47015060,知事,（合）宜野湾グリーン工業,比嘉 憲和,901-2215,宜野湾市,真栄原２－１－８ラフォンテＵＫ１Ｆ,098-917-5024,5000,法人,土と石鋼舗し塗園水,,R060202,0,建設業（総合）,1
47015379,知事,（有）宜野湾建設,桃原 賢一,901-2203,宜野湾市,野嵩２－２１－１１,098-892-2820,20000,法人,土建と石舗水,,R070620,0,建設業（総合）,1
47004452,知事,宜野湾市管工事（同）,當銘 直史,901-2221,宜野湾市,伊佐４－４－１,098-898-8192,66410,法人,土と管水,,R021204,35,建設業（総合）,1
47011523,知事,（株）宜野湾造園土木,仲間 英満,901-2227,宜野湾市,宇地泊２－５－２６,098-897-6273,3000,法人,土と石鋼舗園水,,R060521,12,建設業（総合）,1
47002625,知事,（株）宜野湾電設,仲村 明,901-2205,宜野湾市,赤道２－２０－２,098-892-4303,20000,法人,電管通,1,R050106,35,電気・設備工事,1
47014588,知事,きはら建設,木原 剛,902-0073,那覇市,字上間１７４－１－１０２,090-8296-1384,,個人,大,,R040325,0,その他専門工事,1
47000674,知事,（有）儀武組,末吉 誠,902-0072,那覇市,字真地３５２－１,098-996-9222,57000,法人,土建大左と石屋タ鋼舗塗防内具水解,1,R070322,35,建設業（総合）,1
47001648,知事,（有）儀保建設工業,儀保 忠,904-0031,沖縄市,上地４－７－１８,098-933-1267,48000,法人,土建大左と石屋タ鋼筋舗し板ガ塗防内絶具水解,1,R050512,35,建設業（総合）,1
47006464,知事,宜保畳内装店,宜保 勝良,902-0075,那覇市,字国場６８０,098-832-3373,,個人,内,,R021216,28,内装工事,1
47010185,知事,（有）儀間組,儀間 昌俊,904-2161,沖縄市,古謝１－３－２,098-939-8475,20000,法人,土建大左と石屋タ鋼筋舗し板ガ塗防内絶具水解,1,R030531,15,建設業（総合）,1
47005852,知事,（株）儀間建設,儀間 清,901-3105,島尻郡久米島町,字宇根４３８－３,098-985-8068,20000,法人,土建大と石屋管タ鋼舗し内水解,1,R051012,35,建設業（総合）,
47011677,知事,儀間重機,儀間 義成,903-0804,那覇市,首里石嶺町４－２５５－１,098-886-1405,,個人,土と石鋼舗し水,,R070119,12,建設業（総合）,1
47015016,知事,儀間タイル,儀間 薫,904-0323,中頭郡読谷村,字高志保１２０７－３,098-958-1415,,個人,タ,,R051201,0,その他専門工事,1
47012776,知事,（株）儀間通信,儀間 武宏,904-2172,沖縄市,泡瀬１－４－１３,098-937-2728,2000,法人,通,,R070626,12,電気・設備工事,1
47009862,知事,（有）きみ山工業,喜屋武 清,905-0006,名護市,字宇茂佐９１４－６,0980-51-0888,5000,法人,土建と石電管鋼舗水,,R021225,20,建設業（総合）,
47013714,知事,（株）キムラ工業,木村 良,904-0103,中頭郡北谷町,字桑江３６９－３３,098-989-9727,5000,法人,筋,,R060601,5,その他専門工事,1
47009627,知事,（有）喜本産業,喜久山 本和,904-1201,国頭郡金武町,字金武８０３７－１１,098-968-4588,39000,法人,土と石鋼舗し園水解,1,R040715 R050613,20,建設業（総合）,
47010375,知事,（有）キャッスル２１,大城 徳広,901-2216,宜野湾市,字佐真下７４ 仲里アパート１０３号,098-898-1638,5000,法人,土建と石鋼舗し水,,R050310,15,建設業（総合）,1
47011626,知事,（株）ＧＡＢ,濱元 宏,901-0212,豊見城市,字平良１３２－８－１０３,098-987-7331,3000,法人,土建大左と石屋タ鋼筋板ガ塗防内具,,R061027,12,建設業（総合）,1
47014650,知事,（合）ギャラクシー,浦田 証悟,900-0033,那覇市,久米１－１－２４アップルビル７Ｂ,098-943-7601,1000,法人,建大屋タ内,,R040610,0,建設業（総合）,1
47011377,知事,（株）キャリアエステート,中本 貴士,900-0006,那覇市,おもろまち４－１４－１,098-863-2231,20000,法人,建,1,R040720,12,建設業（総合）,1
47011628,知事,（株）キャリア・プラン,中本 克二,901-2134,浦添市,港川２－２－３,098-873-3311,20000,法人,建大屋タ内,1,R061029,12,建設業（総合）,1
47000569,知事,（株）喜屋武建設,喜屋武 一仁,901-2132,浦添市,伊祖１－１２－６,098-876-3511,48000,法人,土建大と石屋タ鋼舗し内水,1,R070508,35,建設業（総合）,1
47001951,知事,喜屋武建設,喜屋武 良勝,905-0411,国頭郡今帰仁村,字天底９２１,0980-56-2088,,個人,土建と石鋼舗水解,,R050717,35,建設業（総合）,
47011549,知事,喜屋武工業,喜屋武 元眞,901-2206,宜野湾市,愛知２－１２－２７ 太平アパート１０２号,098-893-8309,,個人,と,,R060626,12,その他専門工事,1
47015434,知事,ＣＡＮＴＥＣ．（合）,喜屋武 忍,904-0023,沖縄市,久保田２－９－５,098-923-0727,1000,法人,消,,R070822,0,電気・設備工事,1
47014658,知事,Ｃａｎ電気,喜屋武 辰憲,905-0502,国頭郡伊江村,東江前５９１,070-5483-9628,,個人,電,,R040617,0,電気・設備工事,
47012659,知事,（株）きゃん電研,喜屋武 尚,901-0155,那覇市,金城２－３－５ １０１号室,098-987-4001,40000,法人,電管消,1,R070630,12,電気・設備工事,1
47014442,知事,キャン防水塗装,喜舎場 冬樹,901-1302,島尻郡与那原町,字上与那原２３６－６ ２Ｆ,090-1947-4899,,個人,塗防,,R031112,0,塗装・防水,1
47012306,知事,九建,屋良 朝樹,901-0314,糸満市,字座波１０４６－５,098-992-6767,,個人,内,,R050624,12,内装工事,1
47006163,知事,久建工業（株）,久米 清博,901-0152,那覇市,小禄２－６－１１,098-857-2992,49900,法人,土建と石管鋼舗し塗機水消,1,R040129,28,建設業（総合）,1
47010943,知事,（有）久工設,知花 賢久,903-0803,那覇市,首里平良町２－１１０,098-887-2184,3000,法人,土と石管鋼舗し水,,R021124,15,建設業（総合）,1
47001784,知事,（株）球電舎,屋良 斉,901-2222,宜野湾市,喜友名１－１－２９,098-892-2041,30300,法人,電,1,R040928,35,電気・設備工事,1
47012764,知事,（合）球美電気工事社,喜久里 郁夫,901-3107,島尻郡久米島町,字謝名堂９０６－９８,098-985-8200,8000,法人,電,,R070612,12,電気・設備工事,
47006227,知事,（株）久和建創,久保田 秀明,904-2307,うるま市,与那城饒辺３３８－１,098-978-8146,20000,法人,土と石鋼舗し塗水解,1,R070506,28,建設業（総合）,1
47012047,知事,喜友名建設,喜友名 誓永,901-2131,浦添市,牧港３－１１－１２,098-942-4658,,個人,土と石鋼舗し水,,R040131,12,建設業（総合）,1
47011562,知事,（有）喜友名重機,小橋川 明,901-2421,中頭郡中城村,字登又６６７,098-895-7055,3000,法人,土と石鋼舗し水解,,R060708,12,建設業（総合）,1
47006865,知事,（有）喜友名総合設備,新垣 巌,901-2222,宜野湾市,喜友名１－２９－１１,098-892-6862,4000,法人,土と石管鋼舗し塗水解,,R021116 R061202,28,建設業（総合）,1
47015390,知事,喜友名電気,喜友名 盛久,902-0069,那覇市,松島２－３－１,098-884-5849,,個人,電,,R070704,0,電気・設備工事,1
47009528,知事,（株）輝陽,喜友名 聴,901-2101,浦添市,西原５－７－１,098-879-1545,17500,法人,電通,,R051104,20,電気・設備工事,1
47003413,知事,（株）協亜建設,玉城 勝二,901-0362,糸満市,字真栄里４８３－２,098-992-2079,30000,法人,土建大と石鋼舗し塗防水解,1,R070615,35,建設業（総合）,1
47002033,知事,協栄海事土木（株）,寄川 一博,901-2128,浦添市,伊奈武瀬１－６－８,098-866-1616,30000,法人,土と石鋼舗し水解,1,R031008,35,建設業（総合）,1
47012746,知事,共栄興業（株）,徳門 政信,901-0503,島尻郡八重瀬町,新城２０６２番地１,098-998-7787,5000,法人,筋,,R070525,12,その他専門工事,1
47012211,知事,（有）共栄産業,高嶺 弘美,901-1403,南城市,佐敷字佐敷仲上原１５０６－１,098-948-1128,10000,法人,土建と石鋼舗し塗水解,,R050109,12,建設業（総合）,1
47015026,知事,（合）ＫＹＯＥＩ３,内根原 輝之,903-0804,那覇市,首里石嶺町２－５８ 阮氏ビル首里＊３０１,090-1946-9856,100,法人,ガ,,R051215,0,その他専門工事,1
47000732,知事,（有）共栄電気工事,仲本 詳,904-2154,沖縄市,東１－４－１５,098-937-3345,20000,法人,電,1,R030525,35,電気・設備工事,1
47002590,知事,（有）共栄電工,松本 朝定,904-0416,国頭郡恩納村,字山田１３０－３,098-965-1261,10000,法人,電,,R070630,35,電気・設備工事,
47013761,知事,（株）協栄塗装工社,砂川 広志,901-0203,豊見城市,字長堂３３３,098-850-9931,5000,法人,大左石屋タ板ガ塗防内絶具,,R060826,5,塗装・防水,1
47015274,知事,（株）協栄生コン,下地 弘晃,906-0013,宮古島市,平良字下里３１０７－４０３,0980-72-1381,49800,法人,土と石鋼舗し水,,R070121,0,建設業（総合）,
47005820,知事,（有）協進,天願 勝行,904-2202,うるま市,字天願２０９－３,098-973-5292,20000,法人,土と石電管鋼舗し塗機水消,1,R040722,35,建設業（総合）,1
47012048,知事,（株）キョウシン開発,豊川 政信,902-0075,那覇市,字国場９２１－４ １－Ｂ,098-996-1760,40000,法人,土建と石管鋼舗し塗園水解,1,R031222,12,建設業（総合）,1
47005613,知事,（有）共進ガス工事,内間 勝則,903-0127,中頭郡西原町,字徳佐田７－１,098-944-7855,5000,法人,土と石管舗水,,R030522,35,建設業（総合）,1
47013475,知事,（株）協新組,宇榮原 宗和,901-0311,糸満市,武富１５ １号室,098-996-3932,3000,法人,土と石鋼舗し水解,,R050607,8,建設業（総合）,1
47008651,知事,（有）共進電機,新垣 淳,903-0103,中頭郡西原町,字小那覇１４３９,098-945-5459,3500,法人,電機,,R040403,20,電気・設備工事,1
47008873,知事,（有）共伸電気,西平 一秀,906-0602,宮古郡多良間村,字仲筋４６７,0980-79-2701,5000,法人,電,,R030917,20,電気・設備工事,
47005520,知事,（有）共新電気設備,勝連 隆,904-0032,沖縄市,諸見里３－１９－２７,098-932-1762,11000,法人,土と石電管鋼舗し水消,,R030628,35,建設業（総合）,1
47015061,知事,（株）共伸土建,友寄 隆也,900-0024,那覇市,古波蔵４－１３－１６金城アパート２０５号室,098-853-5676,5000,法人,土と石鋼舗し塗水解,,R060209,0,建設業（総合）,1
47011797,知事,（有）協生産業,米須 大史,904-0303,中頭郡読谷村,字伊良皆１６９－１,098-957-0503,5000,法人,土建ガ具,,R070726,12,建設業（総合）,1
47007021,知事,（有）協築,東江 康共,904-2155,沖縄市,美原１－１８－２２,098-937-7201,25000,法人,土と石管鋼舗し塗機水消解,1,R041117,28,建設業（総合）,1
47007328,知事,（有）共同工業,新垣 真治,901-1204,南城市,大里字稲嶺７９２－２,098-946-8626,20000,法人,土と管鋼舗し塗水解,1,R060117,28,建設業（総合）,1
47008533,知事,（有）郷土開発,知念 正勝,906-0601,宮古郡多良間村,字塩川５６４,0980-79-2321,35000,法人,土建と石電管鋼舗し塗園水解,1,R030404 R031004,20,建設業（総合）,
47012848,知事,匡土木,伊敷 匡,901-0362,糸満市,字真栄里１１８,098-851-7626,,個人,土と舗,,R071023,12,建設業（総合）,1
47014016,知事,（株）協熱,呉屋 杏里,904-2241,うるま市,字兼箇段１９３０,098-947-2710,1000,法人,土建大左と石屋管タ鋼筋舗し板ガ塗防内絶具水解,,R050907 R060620,5,建設業（総合）,1
47000413,知事,（株）鏡原組,新里 英正,901-0151,那覇市,鏡原町２７－１,098-857-2722,45250,法人,土建大左と石屋電管タ鋼筋舗し板ガ塗防内絶園具水解,1,R070913,35,建設業（総合）,1
47009126,知事,協友電設,大濱 進,904-0101,中頭郡北谷町,字上勢頭６５２－９,098-936-7932,,個人,電,,R031122,20,電気・設備工事,1
47000128,知事,（株）共洋土建,野浦 薫,900-0002,那覇市,曙１－２－５ ２－Ａ,098-861-3555,45000,法人,土建大と石鋼舗し塗防内具水解,1,R030302,35,建設業（総合）,1
47001277,知事,（株）共立技研,源河 武司,902-0069,那覇市,松島２－１－３１,098-884-8787,18000,法人,管,,R061013,35,電気・設備工事,1
47012079,知事,共立建設（株）,宮里 徳治,905-0502,国頭郡伊江村,字東江前１５１２－１,0980-49-5822,5000,法人,土建と石鋼舗し塗内水,,R040501,12,建設業（総合）,
47013460,知事,協立建装,大里 篤司,906-0007,宮古島市,平良字東仲宗根７６０－５,0980-72-7785,,個人,大,,R050521,8,その他専門工事,
47010611,知事,（株）共立実業,村吉 政勇,901-1301,島尻郡与那原町,字板良敷３５９－２,098-946-9000,80000,法人,土建大左と石屋タ鋼筋舗し板ガ塗防内絶具水解,1,R060219,15,建設業（総合）,1
47003456,知事,（株）共立創建,宇栄原 敏夫,904-0303,中頭郡読谷村,字伊良皆６８６－３,098-956-5945,20000,法人,大左石屋タ板ガ塗防内絶具,,R070803,35,塗装・防水,1
47009479,知事,共立電気工事,海勢頭 孝夫,904-0322,中頭郡読谷村,字波平２４３４,098-958-0933,,個人,電,,R050717,20,電気・設備工事,1
47013997,知事,共立生コン工業（株）,稲嶺 淳二,907-0003,石垣市,字平得５２２,0980-82-3894,45000,法人,と,,R070605,5,その他専門工事,
47000717,知事,（株）共和,大底 京子,907-0002,石垣市,字真栄里３０７－１,0980-82-2283,25000,法人,土建大左と石屋電管タ鋼筋舗し板ガ塗防内絶具水解,1,R040821 R060219,35,建設業（総合）,
47003455,知事,（株）共和,浦﨑 健,902-0078,那覇市,識名２－１５－１５,098-833-6839,10000,法人,土と石鋼舗し塗水,,R030726,35,建設業（総合）,1
47010927,知事,（株）共和アルミ,友利 隆彦,903-0103,中頭郡西原町,字小那覇１０１３,098-944-5571,15000,法人,具,,R021025,15,その他専門工事,1
47003199,知事,（株）協和ガス,新垣 昌信,901-2134,浦添市,字港川５１２－２７,098-876-1961,30000,法人,管,,R030502,35,電気・設備工事,1
47004949,知事,（株）共和技研,森下 正司,900-0231,豊見城市,字我那覇５０１－１,098-850-6640,49000,法人,土建大と石屋タ鋼舗塗内水解,1,R070725,35,建設業（総合）,1
47000865,知事,（有）協和工務店,平仲 清美,901-0504,島尻郡八重瀬町,字後原５１４－２,098-998-1083,39000,法人,土建と石管鋼舗し塗水,1,R041025,35,建設業（総合）,1
47000524,知事,共和産業（株）,下地 和彦,900-0016,那覇市,前島１－９－７,098-866-3228,90000,法人,土建大左と石屋タ鋼筋舗し板ガ塗防内絶具水解,1,R041127,35,建設業（総合）,1
47005622,知事,（資）共和測建,大浦 貞治,906-0502,宮古島市,伊良部字池間添６４９－１２,0980-78-3357,30000,法人,土建大と石電管タ鋼筋舗し塗園水解,1,R030218,35,建設業（総合）,
47010539,知事,（株）共和電気,平敷 信行,900-0012,那覇市,泊１－１２－１２,098-867-0294,16500,法人,電,,R050415,15,電気・設備工事,1
47014832,知事,（株）協和電設工業,與那嶺 勉,901-1303,島尻郡与那原町,字与那原８９９－６,098-944-2127,5000,法人,電,,R050303,0,電気・設備工事,1
47001606,知事,（株）京和土建,糸数 潔,902-0078,那覇市,字識名２９０－２１,098-834-5143,40000,法人,土建と石鋼舗し塗水解,1,R060625,35,建設業（総合）,1
47006013,知事,（有）協和土建,久貝 博士,906-0013,宮古島市,平良字下里５３０,0980-73-1161,15000,法人,土建と石電管鋼舗し水解,,R040517,28,建設業（総合）,
47003855,知事,（有）共和鈑金,米須 喜一,903-0103,中頭郡西原町,字小那覇１０４３－１,098-945-3388,8000,法人,管板,,R070727,35,電気・設備工事,1
47009241,知事,共和ペイント（株）,玉城 利勝,901-0361,糸満市,字糸満４,098-994-2507,49500,法人,塗防,,R040530,20,塗装・防水,1
47008475,知事,（有）極栄,濱川 貞光,907-0004,石垣市,字登野城２２１６－３,0980-82-9372,3000,法人,土建大左と石屋電管タ鋼筋舗板ガ塗防内絶園具水,,R040608,20,建設業（総合）,
47013121,知事,（株）極栄建設,仲村 素,904-0105,中頭郡北谷町,字吉原９１２－５,098-936-6432,5000,法人,土と石鋼舗し水解,,R031222,8,建設業（総合）,1
47011835,知事,極東建設（株）,稲葉 靖規,900-0001,那覇市,港町２丁目１６番１号,098-863-3425,34000,法人,土と石鋼舗し水解,1,R070928,12,建設業（総合）,1
47010719,知事,（有）極東産業,長嶺 光男,901-0211,豊見城市,字饒波３９,098-891-6281,9000,法人,土建と石鋼舗し塗水解,,R060825,15,建設業（総合）,1
47013990,知事,許田ガラス,許田 一幸,901-3122,島尻郡久米島町,字兼城５９,098-985-3239,,個人,ガ具,,R070605,5,その他専門工事,
47000461,知事,（有）許田組,許田 健一,905-2172,名護市,字豊原２２４－５,0980-55-2438,20000,法人,土建大左と石屋管タ鋼筋舗し板ガ塗防内絶園具水解,1,R030717,35,建設業（総合）,
47013860,知事,（株）許田鉄筋工業,許田 重克,904-0103,中頭郡北谷町,字桑江３３９－２,098-960-1011,3000,法人,筋,,R061220,5,その他専門工事,1
47009906,知事,（有）清原開発,野原 薫,902-0073,那覇市,上間３４４－１,098-836-7138,5000,法人,土と石舗し水解,,R070816,20,建設業（総合）,1
47010162,知事,（株）きらり電設,喜納 政貴,900-0012,那覇市,泊２－２０－１,098-894-7244,30000,法人,電通消,1,R060502,15,電気・設備工事,1
47013452,知事,きらり塗装,嘉数 典之,901-0205,豊見城市,字根差部１１５－１８,098-927-7567,,個人,塗防,,R050509,8,塗装・防水,1
47006256,知事,（有）気流,諏訪 二郎,901-0504,島尻郡八重瀬町,字後原５８９－５,098-963-8787,25000,法人,管板,,R070625,28,電気・設備工事,1
47012256,知事,輝龍工業,當山 哲次,901-2113,浦添市,字大平２９２－１,098-876-9332,,個人,管,,R050410,12,電気・設備工事,1
47010859,知事,（有）金一重量,金城 博之,903-0103,中頭郡西原町,字小那覇１０４９－１,098-946-4446,3000,法人,と機,,R070726,15,電気・設備工事,1
47014034,知事,（株）ＫＩＮ木,金城 洋平,901-0322,糸満市,字与座９７９－１,098-851-4993,5000,法人,建大,,R020703 R021019,5,建設業（総合）,1
47015139,知事,金輝鋼業,金田 正輝,901-2101,浦添市,西原５－１２－６ コーポあかつき２０１,090-1949-0859,,個人,筋,,R060531,0,その他専門工事,1
47011071,知事,キングラン沖縄（株）,大田 治,904-0021,沖縄市,胡屋７－５－６,098-982-2244,10000,法人,土建と石鋼舗し内水,,R030705,15,建設業（総合）,1
47005750,知事,（有）金功重機,金城 司,900-0001,那覇市,港町１－２５－６,098-866-6286,20000,法人,土と石舗水,,R031022,35,建設業（総合）,1
47000313,知事,（株）金城キク建設,請舛 充則,900-0036,那覇市,西１－１－２８,098-863-6930,50000,法人,土建大と石タ鋼舗し塗防内水解,1,R050606,35,建設業（総合）,1
47000213,知事,（株）金城組,金城 永真,902-0067,那覇市,字安里４５,098-860-7977,24000,法人,土建大左と石屋タ鋼筋舗ガ塗防内具水解,1,R040308,35,建設業（総合）,1
47011034,知事,金城組,金城 孝,901-1115,島尻郡南風原町,字山川３２３,098-998-1923,,個人,建大左石屋タ板ガ塗防内絶具,,R030427,15,建設業（総合）,1
47015161,知事,金城組,金城 安辰,904-1201,国頭郡金武町,字金武１０５１７,098-989-1845,,個人,大と,,R060726,0,その他専門工事,
47013240,知事,金城グリーン（株）,金城 修,904-2224,うるま市,字大田２２０－１、２Ｆ,098-973-9717,3000,法人,土と石鋼舗し園水,,R040705,8,建設業（総合）,1
47001060,知事,（有）金城建設,金城 賢介,907-0024,石垣市,字新川１８－３,0980-82-2651,35000,法人,土建大左と石屋管タ鋼筋舗し板ガ塗防内絶具水解,1,R070909,35,建設業（総合）,
47001772,知事,（有）金城建設,金城 暁彦,900-0021,那覇市,泉崎１－１７－１０,098-943-0550,40000,法人,土建大左と石屋タ鋼筋舗し板ガ塗防内絶具水解,1,R041224,35,建設業（総合）,1
47003676,知事,金城建設,金城 稔,901-0012,那覇市,泊２－５－５ ライオンズマンションソフィア泊 ３０３,098-998-9264,,個人,土建大と石鋼舗し水,,R060625,35,建設業（総合）,1
47010838,知事,（有）金城建設,金城 正人,903-0804,那覇市,首里石嶺町１－１２３－７,098-885-4567,5000,法人,土建大左と石屋タ鋼筋舗し板ガ塗防内絶具水解,,R070621,15,建設業（総合）,1
47008021,知事,（有）金城工業,金城 豊,901-0224,豊見城市,字与根２１１－６,098-850-5284,20000,法人,土と石鋼舗水,,R070615,20,建設業（総合）,1
47012915,知事,金城工業（株）,金城 孤史,904-2203,うるま市,字川崎２１７－４,098-972-6500,3000,法人,と,,R030216,8,その他専門工事,1
47014772,知事,金城工業,金城 敦,901-0417,島尻郡八重瀬町,字外間７３－３,090-9788-3051,,個人,大,,R041118,0,その他専門工事,1
47004401,知事,（有）金城工作所,金城 和郎,901-2131,浦添市,牧港２－４３－１３,098-877-5175,5000,法人,土と石鋼舗水,,R041105,35,建設業（総合）,1
47013190,知事,（株）金城鉱山,長嶺 絵美里,905-0504,国頭郡伊江村,字西江前５６３,0980-49-3803,5000,法人,土建と石鋼舗し水解,,R040420,8,建設業（総合）,
47011144,知事,（有）金城材木店,金城 正,901-0315,糸満市,字照屋８０３－１,098-994-2867,5000,法人,大内,,R031107,15,内装工事,1
47013572,知事,金城左官工業,金城 学,904-2235,うるま市,字前原１８６－１１,090-1944-9328,,個人,左,,R051025,8,その他専門工事,1
47015054,知事,（株）キンジョウ左官工業,金城 直樹,901-2126,浦添市,宮城２－２０－８ソレイユ宮城Ａ棟,098-877-8100,3000,法人,左,,R060126,0,その他専門工事,1
47007441,知事,金城重機（株）,金城 勉,901-2406,中頭郡中城村,字当間５７４－８,098-895-5977,29000,法人,土と石鋼舗し水解,,R030201,28,建設業（総合）,1
47009845,知事,（有）金城重機土木,金城 照政,901-3805,島尻郡南大東村,在所１２７－１,0980-22-2270,3000,法人,土と石鋼舗し水,,R041017,20,建設業（総合）,
47009394,知事,（資）金城商会,金城 憲一郎,901-0142,那覇市,字鏡水６８３－１,098-857-8800,10000,法人,管,,R050121,20,電気・設備工事,1
47003843,知事,金城設備,金城 孝,904-2304,うるま市,与那城屋慶名１１５７,098-978-4621,,個人,管,,R040601,35,電気・設備工事,1
47013203,知事,（株）金城設備,金城 守,901-2103,浦添市,字仲間３５４ 正マンション３０３,098-876-2377,5000,法人,土と石管鋼舗し水,,R040516,8,建設業（総合）,1
47005131,知事,（株）金城電器,金城 直樹,905-0021,名護市,東江４－２１－５,0980-52-4315,5000,法人,電管,,R040720,35,電気・設備工事,
47000162,知事,金城電気工事（株）,吉濱 功佑,900-0002,那覇市,曙２－２３－２３,098-867-7311,40000,法人,電管機通消,1,R040424,35,電気・設備工事,1
47001403,知事,（有）金城土建,金城 清信,905-0504,国頭郡伊江村,字西江前５６３,0980-49-3610,30000,法人,土建大と石屋管タ鋼舗し塗内園具水解,1,R030508,35,建設業（総合）,
47014125,知事,金城塗装社,金城 俊雄,901-1303,島尻郡与那原町,字与那原３１２９－１ 安谷屋アパート３０２号,098-952-0200,,個人,塗,,R070911,5,塗装・防水,1
47014542,知事,金城土木,金城 一雄,901-0403,島尻郡八重瀬町,字宜次２５４－２,098-998-3786,,個人,土と石鋼舗し水,,R040107,0,建設業（総合）,1
47012954,知事,（有）キンセイ,金城 昌俊,901-2214,宜野湾市,我如古３－２２－１１,098-894-2888,3000,法人,土と石鋼舗し水,,R030502,8,建設業（総合）,1
47001431,知事,（有）金星電設,渡慶次 和美,902-0072,那覇市,字真地４５,0988-55-3129,20000,法人,電,,R050514,35,電気・設備工事,1
47007470,知事,近代建設工業,仲宗根 勝美,901-3124,島尻郡久米島町,字仲泊８６５,098-985-3581,,個人,土建と石管鋼舗しガ塗内園具水,,R030125,28,建設業（総合）,
47004621,知事,（資）近代土木,新城 伸武,905-1152,名護市,字伊差川８２１－５,0980-52-0011,45500,法人,土と石鋼舗し塗水解,1,R050611,35,建設業（総合）,
47007426,知事,（有）近代防災工業,大庭 政智,904-2172,沖縄市,泡瀬４－２４－１７,098-989-5445,3000,法人,電消,,R030914,28,電気・設備工事,1
47014692,知事,ＫＩＮ電工,金城 光一郎,905-1412,国頭郡国頭村,字奥間１２７,0980-43-5203,,個人,土建と石電管鋼舗し園水消,,R040805 R050904 R060710,0,建設業（総合）,
47013334,知事,きんメインテナンス（株）,大城 崇,904-1201,国頭郡金武町,字金武４１３,098-968-8187,5000,法人,電管消,,R041017,8,電気・設備工事,
47003484,知事,（株）金良建設,宮城 淳子,905-0401,国頭郡今帰仁村,字仲宗根２４９－５,0980-56-4704,30000,法人,土建と石電管鋼舗塗園水解,1,R040619,35,建設業（総合）,
47014387,知事,金竜組（株）,又吉 竜司,901-0244,豊見城市,宜保４－２－２４ ルミエール宜保４０３号,080-3229-2614,1000,法人,土と石鋼舗し水,,R040301,5,建設業（総合）,1
47013351,知事,（株）金和建設,金城 健和,904-0114,中頭郡北谷町,字港１１－２２砂辺アパートＡ－１,098-911-1213,3000,法人,土と石鋼舗し塗水解,,R041101,8,建設業（総合）,1
47012730,知事,（株）クイナ興業,名嘉山 トミ子,901-0215,豊見城市,字渡嘉敷８,098-856-0055,100,法人,土と石鋼舗し塗水解,,R070422,12,建設業（総合）,1
47013386,知事,（合）空電サービス,宮城 守,901-0504,島尻郡八重瀬町,字後原４１８,098-959-4505,3000,法人,電,,R050104,8,電気・設備工事,1
47012780,知事,クオリティー沖縄,宮城 善見,901-1207,南城市,大里字古堅１４２４－１－３０１,098-927-9953,,個人,塗防内,,R020703,12,塗装・防水,1
47010919,知事,（有）クオリティ沖縄,外間 秀雄,901-2122,浦添市,勢理客１－２９－２,098-878-4365,4000,法人,ガ,,R071012,15,その他専門工事,1
47014948,知事,（株）久貝組,久貝 孝二,901-1303,島尻郡与那原町,字与那原３１３２－１,098-953-4807,5000,法人,大,,R050721,0,その他専門工事,1
47012599,知事,久貝興業（株）,久貝 誠,901-1103,島尻郡南風原町,字与那覇５３９－１ コーポサンフレンドＡ２０３,080-6483-7744,5000,法人,筋,,R061017,12,その他専門工事,1
47006386,知事,久貝工務店,久貝 俊行,907-0001,石垣市,字大浜３７６－２０,0980-83-3143,,個人,建大,,R021112,28,建設業（総合）,
47003506,知事,（有）久貝電設土木,久貝 博義,906-0506,宮古島市,伊良部字長浜１９０－１,0980-78-3549,40000,法人,電管解,1,R050822 R061119,35,電気・設備工事,
47015151,知事,（株）クガニ,上間 宏明,905-0428,国頭郡今帰仁村,字今泊４３２１,0980-51-5380,3000,法人,土と石鋼舗し水,,R060628,0,建設業（総合）,
47006491,知事,（有）くくる,仲程 忠,905-0005,名護市,字為又３６１－２,0980-54-6757,35000,法人,土建大左と石屋タ鋼筋舗し板ガ塗防内絶園具水解,1,R041106,28,建設業（総合）,
47015469,知事,日下左官,日下 健二,901-2126,浦添市,宮城１－１７－３ 千代’Ｓ ＧＡＲＤＥＮ Ｎ２０１,090-1871-4149,,個人,左,,R071003,0,その他専門工事,1
47014851,知事,（有）具志頭給油所,新里 操,901-0306,糸満市,西崎町３－２１７,098-994-3522,15000,法人,管,,R050324,0,電気・設備工事,1
47003464,知事,（合）具志川電気工事社,山里 昌源,901-3124,島尻郡久米島町,字仲泊４１８－１,098-985-2985,1000,法人,土と石電鋼舗し水,,R050929,35,建設業（総合）,
47011123,知事,具志川電子,安慶名 修,904-2162,沖縄市,海邦１－１１－２７－１Ｆ,098-983-4073,,個人,電通,,R030925,15,電気・設備工事,1
47011899,知事,（株）久志組,久志 昇,904-2165,沖縄市,宮里４－２４－１７,098-937-5478,3000,法人,建大屋タ内具,,R030215,12,建設業（総合）,1
47012157,知事,具志組,具志堅 用敬,903-0103,中頭郡西原町,字小那覇２２３コーポあらかき２０２,090-3792-5616,,個人,大,,R040910,12,その他専門工事,1
47013471,知事,（株）具志堅建装,具志堅 隆,901-1104,島尻郡南風原町,字宮平８２７－１,098-800-2174,2990,法人,左,,R040501,8,その他専門工事,1
47012459,知事,（株）具志堅興業,具志堅 盛昭,901-0301,糸満市,字阿波根３４６－２,098-840-8082,3000,法人,具,,R060313,12,その他専門工事,1
47014885,知事,（株）具志堅興業,具志堅 勝,907-0024,石垣市,字新川２１８６－４,0980-83-8366,5000,法人,土と石鋼舗し水,,R050512,0,建設業（総合）,
47014536,知事,（合）具志堅重機土木,具志堅 修,901-2214,宜野湾市,我如古３－５－８ 第２又吉貸店舗１０１号,098-890-7502,1000,法人,土と石鋼舗し水解,,R031217,0,建設業（総合）,1
47012067,知事,具志堅設備（株）,具志堅 清,904-2245,うるま市,字赤道１０９番地１,098-974-8620,36000,法人,土と石管鋼舗し機水消解,1,R040328,12,建設業（総合）,1
47012225,知事,具志堅鉄筋工業,具志堅 純次,901-0156,那覇市,田原３－６－２ 小禄市営住宅１０－３０３,098-858-1176,,個人,筋,,R050205,12,その他専門工事,1
47015365,知事,（合）具志興業,具志堅 辰則,904-2205,うるま市,栄野比１０４６－１,090-7585-7155,1000,法人,筋,,R070606,0,その他専門工事,1
47013493,知事,具志頭工務店（株）,具志頭 孝也,905-1147,名護市,字田井等７９７,0980-58-1069,5000,法人,建大左と石屋タ鋼筋板ガ塗防内絶具,,R041020,8,建設業（総合）,
47014095,知事,（合）城,玉城 覚,904-1201,国頭郡金武町,字金武６７７ 知名貸家２Ｆ,090-9780-9300,1000,法人,土建大と石屋タ鋼舗し塗内園水解,,R020814,5,建設業（総合）,
47010156,知事,（有）ぐすく開發,田中 満夫,904-2205,うるま市,字栄野比８４８,098-982-4310,20000,法人,土建大左と石屋タ鋼筋舗し板ガ塗防内絶具水解,1,R050615,15,建設業（総合）,1
47000279,知事,（株）ぐすく建設,港川 猛,902-0074,那覇市,字仲井真３４６番地１、２０３,098-835-2981,60000,法人,土と石鋼舗し水解,1,R030605,35,建設業（総合）,1
47012993,知事,（株）城工業,金城 孝輝,901-2121,浦添市,内間２－１３－１３－４０２玉城マンション２,098-875-3756,2000,法人,土と石鋼舗し水,,R030620,8,建設業（総合）,1
47011807,知事,（株）城電研,波平 豪,904-0301,中頭郡読谷村,字座喜味４６０,098-982-9703,3000,法人,土と石電鋼舗し水,,R070806,12,建設業（総合）,1
47015198,知事,（株）クダカ,久高 司,904-2201,うるま市,字昆布６５６,098-923-2926,5000,法人,と解,,R060830,0,その他専門工事,1
47010802,知事,（株）久高組,久高 功,904-2201,うるま市,字昆布６５６,098-923-2926,40000,法人,土建大左と石屋管タ鋼筋舗し板ガ塗防内絶園具水解,1,R060830,15,建設業（総合）,1
47013637,知事,（株）久高組,久高 竜太,901-0241,豊見城市,字豊見城２０,098-851-3350,1000,法人,土建大左と石屋タ鋼筋舗し板ガ塗防内絶具水,,R060219,8,建設業（総合）,1
47011769,知事,久高工業,久高 則勉,904-2204,うるま市,字西原４７０－７,098-974-8110,,個人,具,,R070610,12,その他専門工事,1
47015462,知事,久高鉄筋,久高 勝也,904-2243,うるま市,字宮里８３７－５,098-973-0173,,個人,筋,,R070926,0,その他専門工事,1
47001795,知事,（有）久田緑化造園,久田 朝一,902-0078,那覇市,字識名２９０－２１,098-832-8855,20000,法人,土と石舗園水,,R021020,35,建設業（総合）,1
47008539,知事,（有）グッドデザイン,比嘉 善光,901-0232,豊見城市,伊良波５１１－６,098-856-8302,3000,法人,内,,R040729,20,内装工事,1
47014858,知事,（株）ｇｏｏｄ ｂａｓｅ,玉城 政次郎,901-2211,宜野湾市,宜野湾１－３－２・１Ｆ,098-943-1846,1000,法人,建大屋タ鋼内,,R050407,0,建設業（総合）,1
47012668,知事,（株）グッドホーム,田原 明,902-0075,那覇市,国場１１６９－６,098-836-2577,3000,法人,建,,R070303,12,建設業（総合）,1
47014077,知事,工藤組,工藤 良介,901-2424,中頭郡中城村,字南上原６０１ ３－６,090-7282-0852,,個人,大,,R070731,5,その他専門工事,1
47014103,知事,邦アルミ工業,湧川 邦亮,901-1117,島尻郡南風原町,字津嘉山１７９９－３,098-888-1791,,個人,具,,R070828,5,その他専門工事,1
47014630,知事,９２ガーデン（株）,内間 邦貴,904-2242,うるま市,字高江洲１２３－１,098-911-5715,1000,法人,土と石鋼舗し園水,,R040520,0,建設業（総合）,1
47012077,知事,（株）國建興業,國吉 勝也,901-0302,糸満市,字潮平４６０,098-894-4322,1000,法人,内,,R040427,12,内装工事,1
47005888,知事,（有）國建設,國吉 悟,904-0323,中頭郡読谷村,字高志保１８６－２,098-958-5325,7000,法人,土建大左と石屋タ鋼筋舗し板ガ塗防内絶具水,,R031113,35,建設業（総合）,1
47015024,知事,邦建設,與儀 茂寿,906-0012,宮古島市,平良字西里９４６－５,0980-72-8173,,個人,土建と石鋼舗水,,R051215,0,建設業（総合）,
47012521,知事,（株）國健鉄筋工業,粟國 達成,901-2412,中頭郡中城村,字奥間８８７,098-870-3832,9800,法人,筋,,R060609,12,その他専門工事,1
47014564,知事,邦工業,砂川 邦夫,906-0108,宮古島市,城辺字砂川６２９－５,0980-79-9265,,個人,土建と石鋼舗水,,R040204,0,建設業（総合）,
47003817,知事,國幸興發（株）,國場 幸博,905-1152,名護市,字伊差川２４４,0980-43-0350,46000,法人,土建と鋼舗し塗機水解,1,R021205,35,建設業（総合）,
47015102,知事,國真電設,國吉 真吾,901-2212,宜野湾市,長田２－１０－３,080-6493-3189,,個人,電,,R060405,0,電気・設備工事,1
47015137,知事,（株）国総建,国吉 光洋,904-1106,うるま市,石川３４０９－６４,090-8292-6729,300,法人,土建大左と石屋タ鋼筋舗し板ガ塗防内絶具水解,,R060531,0,建設業（総合）,1
47014066,知事,（株）邦デザイン,上原 邦夫,900-0001,那覇市,港町２－１８－１,098-951-1275,5000,法人,大左石屋タ板ガ塗防内絶具,,R070727,5,塗装・防水,1
47014653,知事,（株）クニテツ,國仲 克寛,906-0006,宮古島市,平良字西仲宗根４４３－５,090-6865-1765,3000,法人,筋,,R070701,0,その他専門工事,
47011190,知事,（有）国友,国吉 彰,904-2142,沖縄市,字登川３１４５－１,098-934-4152,3000,法人,大左石屋タ板ガ塗防内絶具,,R040319,15,塗装・防水,1
47014696,知事,（有）国仲商会,國仲 大輔,903-0802,那覇市,首里大名町１－２２９－１,098-988-1588,8000,法人,消,,R040729,0,電気・設備工事,1
47014458,知事,國英工業,國吉 英樹,901-0304,糸満市,西川町３０－２,098-994-0663,,個人,絶,,R030910,0,その他専門工事,1
47013396,知事,（株）クニ．プラン,國吉 しのぶ,904-2142,沖縄市,字登川３０３１,090-5027-6788,1800,法人,土建と石鋼舗し塗水解,,R050117,8,建設業（総合）,1
47002733,知事,（有）國光建設,新里 一支,907-0002,石垣市,字真栄里３２４－７,0980-82-3357,48000,法人,土建と石管鋼舗し塗水,1,R041219,35,建設業（総合）,
47003433,知事,国光電気工事社,金城 光伸,905-1411,国頭郡国頭村,字辺土名１２７１,0980-41-5344,,個人,土と石電管舗水,,R021130,35,建設業（総合）,
47003695,知事,（有）国盛建設,池間 安彦,906-0013,宮古島市,平良字下里１７４８－１２,0980-73-3924,49500,法人,土建と石鋼舗し水解,1,R070327,35,建設業（総合）,
47000712,知事,（有）国吉組,石川 裕憲,904-1106,うるま市,石川２－２３－８,098-964-2158,36000,法人,土建大左と石屋管タ鋼筋舗し板ガ塗防内絶具水解,1,R071113,35,建設業（総合）,1
47000449,知事,（株）国吉建設,国吉 眞三,905-0412,国頭郡今帰仁村,字湧川１２８４－１,0980-56-2617,27000,法人,土建と石鋼舗し塗園水解,1,R041024,35,建設業（総合）,
47014410,知事,國吉工業,國吉 一也,904-2163,沖縄市,大里３－２２－１７ ティーズアトラクト６０３,090-1514-4208,,個人,土と石鋼舗し塗水,,R030726,0,建設業（総合）,1
47014905,知事,（合）國吉工業,國吉 真作,901-2101,浦添市,西原６－７－２－３０２ ジャルディーノ,080-6499-5647,1000,法人,建解,,R050616,0,建設業（総合）,1
47013829,知事,國吉鉄筋（株）,國吉 直人,903-0103,中頭郡西原町,字小那覇３８５－１,098-963-4970,5000,法人,筋,,R061122,5,その他専門工事,1
47013359,知事,（株）久場組,久場 一徳,904-0301,中頭郡読谷村,字座喜味２７１７－７８,098-958-6291,3000,法人,土と石鋼舗し水,,R041115,8,建設業（総合）,1
47011236,知事,クバサキ植木,比嘉 庸隆,901-2401,中頭郡中城村,字久場１７４９－１,098-895-4328,,個人,園,,R040621,15,その他専門工事,1
47014435,知事,久場崎工業,新垣 米藏,901-2401,中頭郡中城村,字久場３－２１,098-895-6516,,個人,大左石屋タ板ガ塗防内絶具,,R030820,0,塗装・防水,1
47014946,知事,（株）久場商会,久場 瑛,900-0015,那覇市,久茂地２－１２－１３,098-861-4023,6100,法人,管,,R050721,0,電気・設備工事,1
47010302,知事,久場鉄工所,久場 修,905-0019,名護市,大北１－４－１０,0980-52-4138,,個人,土と鋼舗水,,R040517,15,建設業（総合）,
47013732,知事,（株）クハラプラミング,久原 貴志,904-1107,うるま市,石川曙３－１０－１アクアビル１０２,098-800-2148,1000,法人,管,,R060705,5,電気・設備工事,1
47014242,知事,久保田工業,久保田 吉樹,904-0301,中頭郡読谷村,字座喜味１９０７－１ オアシス桜３０１,098-989-3016,,個人,絶,,R030115,5,その他専門工事,1
47006178,知事,（有）久保田工務店,久保田 潤,904-2161,沖縄市,古謝３－２６－１３,098-989-3205,3000,法人,土建大左と石屋タ鋼舗内水,,R050506,28,建設業（総合）,1
47000211,知事,（資）久保田電設工業,久保田 善文,901-1117,島尻郡南風原町,字津嘉山１６８８,098-889-1285,38800,法人,電機,,R070814,35,電気・設備工事,1
47010894,知事,（有）クボデザインオフィス,久保 孝幸,901-2223,宜野湾市,大山１－１４－１もりみやビル３Ｆ,098-897-3434,3000,法人,内,,R070906,15,内装工事,1
47013101,知事,（株）久真建装,大城 匠,904-2242,うるま市,字高江洲９７５－１（１Ｆ）,080-6480-2465,6000,法人,内,,R031122,8,内装工事,1
47013306,知事,（株）くみき,嘉数 晃,901-1302,島尻郡与那原町,字上与那原４３９,098-945-3511,40000,法人,機,,R040911,8,電気・設備工事,1
47003056,知事,（株）久米技研,高嶺 絜造,901-0223,豊見城市,字翁長４７０－４,098-856-7809,20000,法人,土と石電鋼舗し塗水,,R060922,35,建設業（総合）,1
47003264,知事,久米建設（株）,宇禄 弘,901-3123,島尻郡久米島町,字大田５６５,098-985-2038,20000,法人,土建大左と石屋電管タ鋼筋舗し板ガ塗防内絶具水解,1,R030908,35,建設業（総合）,
47011411,知事,久米島工業開発（株）,吉永 功,901-3111,島尻郡久米島町,字山城８２８－１,098-985-8926,11000,法人,と,,R050821,12,その他専門工事,
47007902,知事,久米島総業,山里 昌豊,901-3123,島尻郡久米島町,字大田３５７－４,098-985-3361,,個人,電,,R040806,28,電気・設備工事,
47012469,知事,（株）久米設備,久米 清春,902-0075,那覇市,字国場４２０ Ａ－１,098-851-8683,5000,法人,土建と石管鋼舗し水,,R060324,12,建設業（総合）,1
47013751,知事,（合）蔵,並里 昌蔵,905-0009,名護市,宇茂佐の森３－６－１,0980-53-6088,100,法人,と,,R060808,5,その他専門工事,
47004669,知事,（有）クラウン工業,仲田 慎,904-2165,沖縄市,宮里２－２２－２２,098-939-4343,20000,法人,土と石電管舗機水消,1,R031220,35,建設業（総合）,1
47014074,知事,ＣＲＡＧＬＡＲ ＣＡＢＬＩＮＧ（合）,サンズ ロバート,904-2171,沖縄市,高原２－６－４３,098-923-5993,1000,法人,通,,R070904,5,電気・設備工事,1
47008197,知事,（有）蔵建設,古波蔵 恒子,906-0304,宮古島市,下地字上地４４７－１,0980-76-2277,3000,法人,土建大と石屋タ鋼舗内水,,R030201,20,建設業（総合）,
47014471,知事,（株）蔵建設,玉城 充,901-0361,糸満市,字糸満２０４１－１オアシス糸満６０３,080-5304-1343,10000,法人,建大屋タ内,,R031001,0,建設業（総合）,1
47009577,知事,（有）蔵興業,藏根 貢,904-2226,うるま市,字仲嶺２３６－１,098-979-0595,20000,法人,土建大と石屋管タ鋼舗し内水,1,R040613 R070110,20,建設業（総合）,1
47013884,知事,（株）くらしＶＩＳ,前森 章子,900-0006,那覇市,おもろまち３－５－２４－３０６ トゥエルヴガーデンディア,098-854-7512,550,法人,内,,R070131,5,内装工事,1
47001200,知事,（有）蔵下組,藏下 進,905-0503,国頭郡伊江村,字川平２２３,0980-49-2450,40000,法人,土建大左と石屋管タ鋼筋舗し板ガ塗防内絶園水解,1,R060624,35,建設業（総合）,
47011228,知事,（株）クラッシードイツキ,上原 直樹,901-2215,宜野湾市,真栄原３－２８－１,098-942-9244,3000,法人,建大屋タ内,,R040601,15,建設業（総合）,1
47012345,知事,蔵根工業,藏根 順一,904-2312,うるま市,勝連平安名８－１,098-978-3143,,個人,具,,R050828,12,その他専門工事,1
47011530,知事,（株）クラフト,仲村 智,901-1207,南城市,大里字古堅１３３５－１,098-988-4312,8000,法人,建大左と石屋管タ鋼筋板ガ塗防内絶具,,R060602,12,建設業（総合）,1
47014446,知事,（合）倉歩人,渡慶次 修,901-1301,島尻郡与那原町,字与那原６ 東荘１０２,098-943-3064,3000,法人,電,,R030827,0,電気・設備工事,1
47013108,知事,（株）クラフト技研,長山 充邦,901-2405,中頭郡中城村,字屋宜６０１－１,098-988-4670,20500,法人,管消,1,R030702,8,電気・設備工事,1
47015327,知事,（株）Ｃｒａｆｔｓｍａｎ,上江洲 圭汰,904-2242,うるま市,字高江洲７９６－１,098-800-2728,5000,法人,左,,R070411,0,その他専門工事,1
47014887,知事,（株）クリーン・アップ,名護 保,904-0012,沖縄市,安慶田１－１７－２７,098-927-6107,5000,法人,防,,R050519,0,塗装・防水,1
47009027,知事,（有）グリーンアルファ,國吉 明,902-0078,那覇市,識名３－１９－６,098-853-1121,5000,法人,土と石鋼舗し園水,,R030906,20,建設業（総合）,1
47012227,知事,（有）クリーン企画,又吉 茂,903-0103,中頭郡西原町,字小那覇２４８－５,098-945-0233,3000,法人,大左石屋タ板ガ塗防内絶具,,R050212,12,塗装・防水,1
47008233,知事,（有）グリーン建設,高良 常勇,905-0603,島尻郡伊是名村,字仲田１１０２,0980-45-2403,20000,法人,土建と石鋼舗し水,,R030402,20,建設業（総合）,
47009654,知事,（有）グリーンスタッフ,與那嶺 渚,904-2166,沖縄市,古謝津嘉山町４４－２２,098-939-6822,7000,法人,土と石鋼舗し園水,,R060604,20,建設業（総合）,1
47013890,知事,クリーンセンター,宮城 榮,901-2121,浦添市,内間３－１３－１２ １０１号室,098-879-0174,,個人,内,,R070207,5,内装工事,1
47007474,知事,（株）グリーンテックトーバル,水流 豊,901-2114,浦添市,安波茶２－７－５－１０３,098-878-7188,40000,法人,土と石鋼舗し塗園水,1,R030223,28,建設業（総合）,1
47011273,知事,（有）グリーンハウスプラン,中原 盛光,901-2113,浦添市,大平１－２９－１－１０２,098-874-7101,5000,法人,土建と石鋼舗水,,R040904,15,建設業（総合）,1
47012950,知事,（株）クリーンプラネット,長濱 智広,901-0241,豊見城市,字豊見城４７１－２,098-987-4840,5000,法人,内,,R030421,8,内装工事,1
47014370,知事,クリエイト（合）,下地 高広,906-0106,宮古島市,城辺字西里添３６０－８,0980-77-2950,3000,法人,土建と石鋼舗し水,,R030625,5,建設業（総合）,
47014872,知事,（株）クリエイト沖縄,岸本 弘光,904-2311,うるま市,勝連南風原３１４３－４４,098-988-7234,3000,法人,建大屋タ内解,,R050428 R050821,0,建設業（総合）,1
47012987,知事,クリエイト企画（株）,湧稲國 隆,901-2102,浦添市,前田２－１５－６,098-879-8004,5000,法人,土と石鋼舗し水,,R030610,8,建設業（総合）,1
47010412,知事,（有）クリエイト技研,宮城 聡,904-2244,うるま市,字江洲２－１,098-973-0344,30000,法人,土建大左と石屋タ鋼筋舗し板ガ塗防内絶具水解,1,R041127,15,建設業（総合）,1
47014875,知事,（株）クリエーション,根間 学,901-2227,宜野湾市,宇地泊２－７－１－１０１ みどりアパート,080-2712-4377,1000,法人,建大左と石屋タ鋼筋板ガ塗防内絶具解,,R050508,0,建設業（総合）,1
47011155,知事,クリエート・洋,大城 洋和,901-2215,宜野湾市,真栄原３－３３－１４ ピュアハウス３０３,098-927-8116,,個人,と,,R031206,15,その他専門工事,1
47015165,知事,（合）クリックリゾート,上地 憲太,906-0506,宮古島市,伊良部字長浜２２５,080-1716-1392,400,法人,土と石鋼舗し水,,R060712,0,建設業（総合）,
47014570,知事,クリフトエイド（株）,金城 匡秀,907-0023,石垣市,字石垣３４,090-8400-7766,5000,法人,土建大と内,,R040225,0,建設業（総合）,
47011468,知事,（株）クリマコーポレーション,来間 智子,904-2173,沖縄市,比屋根７－２９－１５,098-989-8357,30000,法人,土建大左と石屋電タ鋼筋舗し板ガ塗防内絶園具水解,1,R071023,12,建設業（総合）,1
47013456,知事,（株）グレイス,伊佐 真治,901-1116,島尻郡南風原町,字照屋３０４,098-996-7136,1000,法人,電,,R050515,8,電気・設備工事,1
47014934,知事,（株）クレールアーキラボ,畠山 武史,904-1107,うるま市,石川曙１－１０－２０,098-955-1823,1000,法人,建大屋タ鋼内園,,R050707,0,建設業（総合）,1
47006058,知事,（有）呉開発,呉屋 始,901-0362,糸満市,字真栄里２０５１,098-994-3043,49000,法人,土建大左と石屋タ鋼筋舗し板ガ塗防内絶園具水解,1,R040730,28,建設業（総合）,1
47015218,知事,呉興業,呉屋 圭亮,901-2226,宜野湾市,嘉数４－２５－９ ビレッジＳＡＤＡ＊６０２,098-955-3111,,個人,と,,R061004,0,その他専門工事,1
47001323,知事,（株）呉設備工業,呉屋 收永,903-0804,那覇市,首里石嶺町３ー２９６ー７,098-887-0411,3000,法人,管,,R070701,35,電気・設備工事,1
47013978,知事,（株）クロア,小浜 律子,904-0105,中頭郡北谷町,吉原７９３－８,098-923-1004,1000,法人,建大屋タ内,,R070529,5,建設業（総合）,1
47011021,知事,（有）グローイングサービス,東江 良憲,901-2206,宜野湾市,愛知３－１０－３６,098-892-0660,5000,法人,土建と石鋼舗し塗園水,,R030414,15,建設業（総合）,1
47014789,知事,（株）ＧＬＯＢＡＬ ＬＩＮＫ,佐久本 武,901-2104,浦添市,当山２－３１－１４ １Ｆ,090-5875-4289,2000,法人,建塗,,R041209,0,建設業（総合）,1
47012786,知事,（株）黒潮,米元 靖二,907-1801,八重山郡与那国町,字与那国２６５５－１,0980-87-3553,30000,法人,土建大と石屋タ鋼舗し内水解,,R020716,12,建設業（総合）,
47000446,知事,（有）黒島組,池間 史江,907-0002,石垣市,字真栄里４６９－９,0980-82-2268,30000,法人,土建大左と石屋タ鋼筋舗し板ガ塗防内具水解,1,R050517 R050718,35,建設業（総合）,
47013620,知事,黒島工務店,黒島 安之,903-0103,中頭郡西原町,字小那覇９４－６,090-1945-1018,,個人,建大左と石屋タ鋼筋板ガ塗防内絶具解,,R060117,8,建設業（総合）,1
47012065,知事,（株）クロトン,下地 鉄郎,901-2114,浦添市,安波茶１－５３－１３,098-877-9610,3000,法人,建大屋タ鋼内,,R040319,12,建設業（総合）,1
47008728,知事,（有）グロリア,大城 良俊,901-0313,糸満市,字賀数４９６－１,098-995-0579,10000,法人,土建大と屋タ鋼舗内水,,R070626,20,建設業（総合）,1
47005507,知事,（有）桑江興業,桑江 良政,904-2164,沖縄市,桃原１－６－２４,098-938-3540,10000,法人,土建大左と石屋管タ鋼筋舗し板ガ塗防内絶具水,,R070414,35,建設業（総合）,1
47008198,知事,（有）桑江工業,桑江 常仁,904-2215,うるま市,みどり町２－５－２７,098-973-0587,45000,法人,土建大左と石屋管タ鋼筋舗しガ塗防内絶具水解,1,R060518,20,建設業（総合）,1
47014636,知事,桑江設備,桑江 佳克,901-2101,浦添市,西原１－１１－１５ 広栄荘１０１,098-874-4643,,個人,土建と石管鋼舗し塗水,,R040520,0,建設業（総合）,1
47013906,知事,（株）桑江内装,桑江 真樹,901-0302,糸満市,字潮平２８０－４,098-851-4537,8000,法人,大,,R070306,5,その他専門工事,1
47015067,知事,（株）グワポ,嶺井 大地,904-0004,沖縄市,中央１－１０－３,090-9786-0425,1000,法人,建大屋タ内,,R060216,0,建設業（総合）,1
47015426,知事,Ｋ．Ｅ興業（株）,平田 喜之,901-2225,宜野湾市,大謝名３－１２－２３,098-943-2576,1000,法人,管,,R070822,0,電気・設備工事,1
47011131,知事,（有）ケイエイ工設,幸喜 正寿,901-1303,島尻郡与那原町,字与那原３６３９,098-946-6753,8000,法人,管,,R031005,15,電気・設備工事,1
47010983,知事,（有）ケイ・エム工業,又吉 健一,901-2223,宜野湾市,大山３－２１－３,098-897-3221,3000,法人,土建と石鋼舗し水解,,R030222,15,建設業（総合）,1
47011346,知事,（株）Ｋくりえいと,久保 嘉広,904-1202,国頭郡金武町,字伊芸１４３,098-968-6661,7000,法人,電管,,R050319,12,電気・設備工事,
47014987,知事,（株）恵測リガーレ,宮國 恵,901-1116,島尻郡南風原町,字照屋２７４－１東宝２４、２０２,098-894-6466,5000,法人,土と石鋼舗し塗水,,R051006,0,建設業（総合）,1
47013249,知事,Ｋ２美装,川上 孝栄,904-2162,沖縄市,海邦２－２８－３,098-938-6348,,個人,塗,,R040712,8,塗装・防水,1
47012355,知事,ＫＴＳ開発（株）,河野 直寿,905-1144,名護市,字仲尾次３２１,0980-58-2660,5000,法人,土と石鋼舗し塗水,,R050913,12,建設業（総合）,
47009718,知事,（株）ＫＴ建設,古謝 景一,901-2131,浦添市,牧港１－２２－１８,098-879-6790,20000,法人,土建と石管鋼舗水,,R060901 R061127,20,建設業（総合）,1
47011572,知事,（株）ケイテクノ,小波津 利男,903-0117,中頭郡西原町,字翁長２４０－６,098-944-5825,5000,法人,土建大左と石屋タ鋼舗し板ガ塗防内絶具水,,R060727,12,建設業（総合）,1
47012098,知事,（株）ケイテック沖縄,上原 克也,901-0231,豊見城市,字我那覇５５－１,098-987-5012,5000,法人,土建大左と石屋タ鋼舗し板ガ塗防内絶具水解,,R040530,12,建設業（総合）,1
47012415,知事,圭電設,＊江洲 恵和,906-0007,宮古島市,平良字東仲宗根９１０－８ コーポソア３０１,0980-72-9043,,個人,電管,,R060109,12,電気・設備工事,
47012643,知事,ＫＹシステム（株）,小濵 正治,901-0223,豊見城市,字翁長５３３－９ラフィーネ寿＊ １０１号,098-850-9801,20000,法人,電通,,R070121,12,電気・設備工事,1
47008435,知事,（有）ケー・エー・シー,安里 朗,901-2303,中頭郡北中城村,字仲順２０９－１,098-935-3930,10000,法人,土建大左と石屋タ鋼筋舗板ガ塗防内絶具水,,R060513,20,建設業（総合）,1
47014461,知事,（株）ケーエスＫＯＵＫＥＮ,新垣 兼司,900-0005,那覇市,字天久８０２－２４,098-861-8365,3000,法人,防,,R030917,0,塗装・防水,1
47014427,知事,ＫＧ,賀数 聡,904-2173,沖縄市,比屋根６－１－１３ ＊Ａ・ＨＯＵＳＥ２Ｆ,090-5943-4914,,個人,建,,R030813,0,建設業（総合）,1
47015051,知事,ＫＧ（株）,我謝 勝広,901-2206,宜野湾市,愛知３－１６－２８－３０１,090-6857-3501,1000,法人,電,,R060126,0,電気・設備工事,1
47014924,知事,（株）ケーティーワイ企画,金城 信雄,901-1303,島尻郡与那原町,字与那原３６１３－５,098-944-3510,5000,法人,通,,R050630,0,電気・設備工事,1
47013629,知事,（株）ケミカルメンテナンス沖縄,長嶺 憲一郎,901-1103,島尻郡南風原町,字与那覇５５ シャトレあらかき２０６,098-987-7396,5000,法人,電管機,,R060130,8,電気・設備工事,1
47011945,知事,（有）兼英工業,兼次 英明,904-2155,沖縄市,美原２－８－２４,098-937-0568,3000,法人,筋,,R030602,12,その他専門工事,1
47014739,知事,（株）ＧＥＮＫＩ,大田 剛義,904-2214,うるま市,字安慶名３８４,098-989-8658,3000,法人,建大左と石屋タ鋼筋板ガ塗防内絶具解,,R040930,0,建設業（総合）,1
47009512,知事,健工業,川満 健,906-0503,宮古島市,伊良部字伊良部６０－１,0980-78-5711,,個人,土建と石鋼舗水,,R050925,20,建設業（総合）,
47014932,知事,健工業,仲宗根 健,904-2143,沖縄市,知花５－３３－１６,090-4514-3132,,個人,と解,,R050714,0,その他専門工事,1
47015223,知事,（株）堅城建設,金城 盛光,901-0402,島尻郡八重瀬町,字富盛６１６－１,070-1989-5577,2000,法人,と,,R061021,0,その他専門工事,1
47014088,知事,（株）建進,津波古 勇希,901-2421,中頭郡中城村,字登又１８１,098-895-6262,9000,法人,左石タ,,R070814,5,その他専門工事,1
47015360,知事,（株）謙心,小林 直樹,901-0235,豊見城市,名嘉地３１１－３,098-996-4457,5000,法人,土と石鋼舗し塗水,,R070530,0,建設業（総合）,1
47013167,知事,（株）健伸組,上原 健,903-0111,中頭郡西原町,字与那城２６７－９,098-927-6029,5000,法人,と,,R040309,8,その他専門工事,1
47014895,知事,謙心組,大城 朗敬,904-2173,沖縄市,比屋根３－１１－１１,090-1348-1933,,個人,大と,,R050602,0,その他専門工事,1
47013658,知事,（株）建芯工業,金城 秀信,901-0361,糸満市,字糸満２０８２,098-994-9472,2000,法人,内,,R060412,8,内装工事,1
47007180,知事,（有）建水,奥平 慶,901-2103,浦添市,仲間１－１９－９,098-879-2578,10000,法人,土建大左と石屋管タ鋼筋舗し板ガ塗防内絶具水消,,R050409,28,建設業（総合）,1
47014187,知事,健成興業,喜納 健二,901-2424,中頭郡中城村,字南上原５８３－１ プラシード４０１号,098-895-1622,,個人,と,,R021106,5,その他専門工事,1
47011539,知事,建設工房 新,新垣 修,901-2416,中頭郡中城村,字和宇慶７８１－１６,098-895-6833,,個人,土建大と石鋼舗し水,,R060610,12,建設業（総合）,1
47012942,知事,（株）建全,伊良部 正,900-0016,那覇市,前島２－２１－１３,098-988-9012,10000,法人,土建大と石屋タ鋼舗し内水解,,R030419,8,建設業（総合）,1
47013554,知事,（株）健総,城間 健栄,901-1204,南城市,大里字稲嶺１８２７－２,098-943-9908,10000,法人,土と石管鋼舗し水,,R050914,8,建設業（総合）,1
47014031,知事,（株）建宗,喜屋武 宗親,901-2225,宜野湾市,字大謝名２０５ グランデ飛水７０２,080-6486-3579,5000,法人,と解,,R070703,5,その他専門工事,1
47010138,知事,（有）建造,我部 慎二,901-0202,豊見城市,字嘉数３８６,098-851-3557,10000,法人,土建大と石屋タ鋼舗し内水,,R030713,15,建設業（総合）,1
47010113,知事,（有）現代企画,牧志 隆,901-0153,那覇市,宇栄原２－１８－１４,098-858-0785,3000,法人,建,,R030622,15,建設業（総合）,1
47013706,知事,（株）建築意思,山口 博之,901-0601,南城市,玉城字垣花２４５－２,098-852-6033,1000,法人,建,,R050420,5,建設業（総合）,1
47014222,知事,（株）建築市場,芹澤 明志,901-2224,宜野湾市,字真志喜６２４－１,098-988-8820,10000,法人,建,,R021225,5,建設業（総合）,1
47015027,知事,建築工藝舎,長田 篤郎,907-0023,石垣市,字石垣７７ ２階,0980-87-6849,,個人,建,,R060119,0,建設業（総合）,
47014293,知事,建築工舎花（株）,花城 清成,904-2171,沖縄市,高原５－５－１７花城アパート３０２,098-937-7668,3000,法人,建大屋タ内,,R030319,5,建設業（総合）,1
47014565,知事,（株）建築工房ｉｂｏｘ,比嘉 功,905-0021,名護市,東江４－１０－７比嘉アパート１Ｆ,0980-59-6987,3000,法人,建大屋タ鋼内,,R040204,0,建設業（総合）,
47011866,知事,建築工房ｃｏｃｏｆｏｒｍ,大城 基,901-2415,中頭郡中城村,字南浜１４４,098-917-4207,,個人,建大左と石屋タ鋼筋板ガ塗防内絶具,,R021201,12,建設業（総合）,1
47011498,知事,（有）建築むげん,比嘉 駿,904-0032,沖縄市,諸見里１－８－１３,098-983-8320,5000,法人,建大屋タ鋼内,,R060309,12,建設業（総合）,1
47012027,知事,（株）ケンテックス,大村 英治,902-0073,那覇市,字上間３６６－１大城産業ビル２ １０３号,098-996-2022,5000,法人,左塗防,,R031125,12,塗装・防水,1
47011663,知事,健塗装工業,長山 健次,905-0011,名護市,字宮里９５３－１,0980-53-4311,,個人,塗,,R070112,12,塗装・防水,
47014975,知事,（株）ケントホーム,上原 健,905-0214,国頭郡本部町,字渡久地２５－１,090-6864-0505,1000,法人,塗内,,R050929,0,塗装・防水,
47014000,知事,（株）興亜圧送,東恩納 勉,901-0403,島尻郡八重瀬町,字世名城３７３－３,098-998-1120,5000,法人,と,,R070605,5,その他専門工事,1
47012101,知事,（有）公羽,小橋川 修,901-2127,浦添市,屋富祖２－２６－１４－２Ｆ,098-917-4692,3000,法人,電,,R040604,12,電気・設備工事,1
47015395,知事,（株）孝栄,渡嘉敷 春奈,901-2203,宜野湾市,野嵩２－１－３ ＳｕｎＥａｓｔ＊（４Ｆ）,098-952-6706,1000,法人,土と石鋼舗し水解,,R070711,0,建設業（総合）,1
47006254,知事,（有）広栄開発,仲村 智幸,906-0014,宮古島市,平良字松原５６７,0980-79-5451,20000,法人,土と石舗水,,R021224,28,建設業（総合）,
47012896,知事,光栄工業,玉城 光人,901-1115,島尻郡南風原町,字山川４４６,098-889-5073,,個人,筋,,R030107,12,その他専門工事,1
47012519,知事,高英工務店,高屋 英世,907-0003,石垣市,字平得８２０－２６,0980-83-7830,,個人,建,,R060609,12,建設業（総合）,
47008255,知事,（有）公栄社,西 宣保,905-0603,島尻郡伊是名村,字仲田４３０－１,0980-45-2804,10000,法人,土建と石管舗し園水,,R030614,20,建設業（総合）,
47014122,知事,（株）工栄電設,川添 満秋,901-0601,南城市,玉城字垣花９８６－１,090-1945-4138,5000,法人,通,,R070904,5,電気・設備工事,1
47013415,知事,（株）ＫＯＥＩ塗装,有銘 功,901-0361,糸満市,字糸満１４４１－４,098-996-3130,3000,法人,塗防内,,R050309,8,塗装・防水,1
47009132,知事,（有）公園沖縄,大島 英一,900-0033,那覇市,久米１－７－２４,098-995-7056,5000,法人,土と石鋼舗水,,R031202,20,建設業（総合）,1
47008292,知事,（株）紅樹,仲里 祐樹,902-0073,那覇市,字上間２４０－２金城ビル２０１,098-835-4874,49000,法人,土と石鋼舗し塗園水,1,R070405,20,建設業（総合）,1
47011174,知事,光基（株）,坂下 健三,901-2104,浦添市,当山２－８－５,098-870-0608,10000,法人,土と石鋼舗し塗水解,,R040112,15,建設業（総合）,1
47014460,知事,（株）コウキ,金城 淳,901-0303,糸満市,字兼城３４８－１,098-994-1876,3000,法人,管,,R031008,0,電気・設備工事,1
47011486,知事,（株）弘城建設,知念 正則,905-0214,国頭郡本部町,字渡久地１２５,0980-47-4125,6000,法人,土建と石鋼舗水,,R060117,12,建設業（総合）,
47012711,知事,（有）光貴産業,田場 善秀,904-2161,沖縄市,古謝２－１０－３ １ＦＢ,098-989-7763,3000,法人,土と石鋼舗し水解,,R070320,12,建設業（総合）,1
47010059,知事,（有）向組,志喜屋 孝彦,904-0012,沖縄市,安慶田３－１１－３３,098-921-1117,12600,法人,土建と石舗水,,R041105,15,建設業（総合）,1
47014991,知事,（株）幸恵産業,知念 幸秀,901-0614,南城市,玉城字奥武２５９－１,098-948-3582,1000,法人,土建大と石屋タ鋼舗し内水,,R051013,0,建設業（総合）,1
47012536,知事,（株）ＫＯＵＫＥＮ,嘉陽 裕美子,905-0006,名護市,字宇茂佐１４９３－７,0980-59-0022,10,法人,土と石鋼舗し水,,R060702,12,建設業（総合）,
47014804,知事,鋼建,宮城 久一,901-2102,浦添市,前田１－４０－１５ ファミリーヒルズＢ－１,098-878-3710,,個人,具,,R041228,0,その他専門工事,1
47013929,知事,（株）巧建オキナワ,外間 洋平,901-2121,浦添市,内間５－４－７オフィス比嘉ビル２０１,098-911-9976,5000,法人,塗,,R070327,5,塗装・防水,1
47005931,知事,（株）交建企画,三枝 利郎,901-2127,浦添市,屋富祖２－８－２－１０２号,098-878-2016,15000,法人,土と石鋼舗し塗水解,,R040314,35,建設業（総合）,1
47014718,知事,（合）克建設,又吉 克宏,904-2205,うるま市,字栄野比１１０６,098-989-3843,5000,法人,建大屋タ内,,R040902,0,建設業（総合）,1
47005313,知事,（株）郷建設,眞榮城 嘉一,901-0153,那覇市,宇栄原２－８－１５,098-858-2309,20500,法人,土建大左と石屋タ鋼筋舗し板ガ塗防内絶具水解,1,R060818,35,建設業（総合）,1
47011858,知事,（有）コウケン設備,高良 昌義,901-0213,豊見城市,字平良１２９－１,098-856-0116,3000,法人,管,,R021122,12,電気・設備工事,1
47004840,知事,（株）幸健ホーム,玉城 順一,900-0004,那覇市,銘苅２－１０－１,098-869-8923,10000,法人,建大屋電タ内,,R070414,35,建設業（総合）,1
47015138,知事,向作舎,上原 一太,901-0361,糸満市,字糸満１５１２－１３ メゾンソレイユ２０３,090-2508-5632,,個人,建大左と石屋タ鋼筋板ガ塗防内絶具解,,R060531,0,建設業（総合）,1
47014880,知事,興産アメニティ（株）,比嘉 優貴,902-0068,那覇市,真嘉比２－４－１－２０５,098-882-1717,10000,法人,建大左屋タ筋板ガ塗防内絶具,,R050512,0,建設業（総合）,1
47013763,知事,（株）向上,奥田 武,904-0105,中頭郡北谷町,字吉原７３５－３,098-936-0351,1000,法人,土と石管鋼舗し水解,,R060826,5,建設業（総合）,1
47008028,知事,（株）光城工業,金城 民雄,904-2233,うるま市,字豊原７０８,098-973-3221,32000,法人,土建大左と石屋タ鋼舗し板ガ塗防内絶具水解,,R031227,20,建設業（総合）,1
47014271,知事,光城工業（株）,赤嶺 光城,903-0126,中頭郡西原町,棚原１－２３－４（ｒｏｓｓｏ ｍｕｒｏ２０１号）,098-944-2778,1000,法人,筋,,R030305,5,その他専門工事,1
47014717,知事,洸城工業（株）,城間 浩二,901-0617,南城市,玉城字愛地２９０,098-894-6632,1000,法人,解,,R040902,0,その他専門工事,1
47009768,知事,興伸組,島尻 恵昌,901-2112,浦添市,字沢岻１１７３,098-876-9565,,個人,と,,R061210,20,その他専門工事,1
47013541,知事,高親工業,親川 朝光,902-0064,那覇市,字寄宮１４３－１０,090-9784-9281,,個人,と,,R050823,8,その他専門工事,1
47013838,知事,皇心工業,池間 皇太,906-0007,宮古島市,平良字東仲宗根６３９－８,0980-73-4357,,個人,筋,,R061129,5,その他専門工事,
47014733,知事,（株）興進工業,根間 直美,906-0012,宮古島市,平良字西里１６４６－１１,0980-73-7309,5000,法人,土と石鋼舗し塗水,,R040916,0,建設業（総合）,
47015013,知事,（合）興成建設,金城 守,901-0243,豊見城市,字上田２１４－３,090-3790-5105,5000,法人,建,,R051124,0,建設業（総合）,1
47008530,知事,（有）幸正重機土木,久貝 幸正,907-0023,石垣市,字石垣７３１－２,0980-82-6068,8000,法人,土と石鋼舗し水,,R051016,20,建設業（総合）,
47015271,知事,光成ホーム,比嘉 貴史,904-0103,中頭郡北谷町,桑江５３８－２４,090-5928-0681,,個人,建大左と石屋タ鋼筋板ガ塗防内絶具解,,R070110,0,建設業（総合）,1
47008415,知事,（株）幸石建設,池田 卓司,904-2215,うるま市,みどり町４－１－１５Ａ－２,098-982-6639,31000,法人,土建大左と石屋管タ鋼筋舗し板ガ塗防内絶園具水解,,R070714,20,建設業（総合）,1
47013689,知事,功設,大庭 保,904-2303,うるま市,与那城４８－３,098-989-8170,,個人,土と石管鋼舗し水消,,R060522,8,建設業（総合）,1
47013380,知事,（株）剛設備社,名嘉真 剛志,901-0304,糸満市,字西川町１３－１６ １Ｆ,098-987-1243,6000,法人,土と石管鋼舗し水解,,R040818,8,建設業（総合）,1
47011988,知事,ＫＯＵＳＥＮ,宮城 広宣,901-2225,宜野湾市,大謝名４－１９－１２,098-897-1142,,個人,大,,R030826,12,その他専門工事,1
47006616,知事,（株）高大建設,高良 剛,901-3113,島尻郡久米島町,字銭田５２２－１,098-985-8157,20000,法人,土と石舗し水解,,R030604 R040207,28,建設業（総合）,
47011963,知事,（有）光大物産,當山 浩,904-0303,中頭郡読谷村,字伊良皆４３４,098-956-6822,3000,法人,建大左と石屋タ鋼筋板ガ塗防内絶具,,R030705,12,建設業（総合）,1
47013045,知事,幸地組,幸地 みどり,901-2211,宜野湾市,宜野湾３－１６－２５－２０５ファイン宜野湾,098-897-9980,,個人,と,,R030824,8,その他専門工事,1
47005964,知事,（有）幸地建設,幸地 俊郎,904-2153,沖縄市,美里６－３－８,098-937-5369,40000,法人,土建大左と石管タ鋼筋舗し板ガ塗防内絶具水解,1,R060118,35,建設業（総合）,1
47006676,知事,（有）幸地産業,幸地 靖剛,904-0402,国頭郡恩納村,字安富祖１８４１,098-967-8709,5000,法人,土と石鋼舗し園水,,R031012,28,建設業（総合）,
47007477,知事,（有）幸地電設,大城 司,902-0062,那覇市,字松川６００,098-887-0203,10000,法人,電管,,R030322,28,電気・設備工事,1
47007977,知事,（有）幸地ドレープ,渡嘉敷 麻実,901-2123,浦添市,西洲２－７－１,098-875-3820,10000,法人,内,,R041114,28,内装工事,1
47014081,知事,幸鐵筋,金城 利幸,901-0306,糸満市,西崎町３－５１０－２５,090-7980-6690,,個人,筋,,R020731,5,その他専門工事,1
47013496,知事,剛鉄筋,与那嶺 剛,907-0023,石垣市,字石垣６０番地マイキャッスル石垣島１Ｆ北,0980-83-8277,,個人,筋,,R050622,8,その他専門工事,
47011085,知事,（有）光電エンジニアリング,仲宗根 良光,904-0113,中頭郡北谷町,字宮城２－２４,098-926-2563,3000,法人,電,,R030720,15,電気・設備工事,1
47009916,知事,（有）合同ボーリング,宇良 忠雄,901-0516,島尻郡八重瀬町,字仲座６１３－３,098-998-4972,3000,法人,井,,R030301,20,その他専門工事,1
47000321,知事,光南建設（株）,津波 克守,901-2211,宜野湾市,宜野湾３－２－１６,098-892-1101,40000,法人,土建大左と石屋電タ鋼筋舗し板ガ塗防内絶通具水解,1,R030727,35,建設業（総合）,1
47004593,知事,興南工業（有）,有銘 良太,901-2204,宜野湾市,上原１－１－２,098-892-1205,3000,法人,管絶,,R030324,35,電気・設備工事,1
47001062,知事,興南施設管理（株）,屋良 学,901-2131,浦添市,牧港１－６０－６,098-877-7269,20000,法人,土と石電管鋼舗塗機通水消清,1,R031124,35,建設業（総合）,1
47009019,知事,興南電気,當山 謙,904-0104,中頭郡北谷町,字桃原３－１,098-936-7099,,個人,土と石電鋼舗水,,R030705,20,建設業（総合）,1
47009285,知事,（有）興発電子産業,玉城 正利,901-2227,宜野湾市,宇地泊２－３７－１－２０２ マサミツビル,098-897-4663,20000,法人,電通,1,R040107 R040808,20,電気・設備工事,1
47001337,知事,（株）光邦開発,仲西 千佳代,901-0325,糸満市,字大里３５７－１,098-995-1013,32500,法人,土建と石鋼舗水解,1,R070901,35,建設業（総合）,1
47003882,知事,（株）高宝建設,高良 泰司,905-0602,島尻郡伊是名村,字諸見３２,0980-45-2903,20000,法人,土建と石鋼舗し塗園水解,1,R040925,35,建設業（総合）,
47011532,知事,（株）工房仁,仲井眞 盛仁,901-2133,浦添市,城間１－２－３,098-871-2391,5000,法人,建大屋タ内,,R060604,12,建設業（総合）,1
47007839,知事,（株）高揚開発,與那覇 朝子,906-0012,宮古島市,平良字西里９７６－８,0980-73-4027,10000,法人,土建と石鋼舗し水,,R040611,28,建設業（総合）,
47009690,知事,（有）向陽技建,糸満 俊也,901-2301,中頭郡北中城村,字島袋６０２－１,098-930-5040,20000,法人,土と石鋼舗し塗水解,1,R060827,20,建設業（総合）,1
47007540,知事,（有）光洋建設,上地 和浩,907-0004,石垣市,字登野城７７９－４,0980-83-4317,5000,法人,土建と石鋼舗し水,,R030316,28,建設業（総合）,
47011237,知事,光洋商事（株）,高原 景一,901-2122,浦添市,勢理客２－１５－２３,098-878-0313,10000,法人,大左石屋タ板ガ塗防内絶具,,R040625,15,塗装・防水,1
47004950,知事,（有）向陽電気,内間 百代,905-0426,国頭郡今帰仁村,字諸志１９９,0980-56-4765,10000,法人,土と石電管鋼舗水,,R040326,35,建設業（総合）,
47014994,知事,香陽電工（株）,渡嘉敷 俊斉,905-0016,名護市,大東２－５－５－４０１イースト１マンション,0980-52-7109,5000,法人,土建と石電鋼舗し水解,,R051020,0,建設業（総合）,
47001675,知事,（株）興洋電子,古舘 和広,900-0003,那覇市,字安謝６３８,098-863-5003,48000,法人,電通消,1,R021130,35,電気・設備工事,1
47013953,知事,（株）光用塗装,玉城 用高,901-0361,糸満市,字糸満９８９－４６,098-996-5401,10000,法人,大左石屋タ板ガ塗防内絶具,,R070428,5,塗装・防水,1
47015254,知事,（株）興和,比嘉 恒夫,904-2142,沖縄市,登川３－２８－８,098-923-0879,5000,法人,建大と屋タ内,,R061216,0,建設業（総合）,1
47000545,知事,（有）光和エンジニアリング,屋宜 憲保,902-0075,那覇市,字国場１０１９－２,098-834-2168,20000,法人,土と石電管鋼舗通水消,1,R070722,35,建設業（総合）,1
47015460,知事,光和企画,上江洲 忍,904-1202,国頭郡金武町,字伊芸２８５ ３０１号,098-800-2919,,個人,土と石鋼舗し水解,,R070926,0,建設業（総合）,
47013937,知事,恒和技研,城間 勲,901-2223,宜野湾市,大山４－１２－２－２０３,098-897-8720,,個人,電通消,,R070417,5,電気・設備工事,1
47011762,知事,宏和建設（株）,富山 宏文,904-2222,うるま市,字上江洲７３１,098-974-6334,9000,法人,土建と石鋼舗し水解,,R070608,12,建設業（総合）,1
47013157,知事,（株）広和建設,古謝 和也,904-0204,中頭郡嘉手納町,字水釜１２９番地１０,098-957-3501,3000,法人,建大と屋タ内,,R040222,8,建設業（総合）,1
47014942,知事,（合）興和設備,伊波 毅,904-0105,中頭郡北谷町,字吉原２９,098-936-8584,2000,法人,土と石管鋼舗し水,,R050714,0,建設業（総合）,1
47014951,知事,（有）興和匠,永山 祥大,901-1303,島尻郡与那原町,字与那原６１８,098-945-8770,3000,法人,建解,,R050804,0,建設業（総合）,1
47008554,知事,恒和ペイント（株）,大見謝 恒裕,900-0004,那覇市,銘苅１－２－１３,098-941-1430,20000,法人,土建大左と石屋タ鋼筋舗し板ガ塗防内絶具水解,1,R030517 R051102,20,建設業（総合）,1
47015468,知事,（株）五栄興業,翁長 裕人,901-2111,浦添市,字経塚６０７－３,080-8353-2229,3000,法人,管塗,,R071003,0,電気・設備工事,1
47014021,知事,（株）コーキング東,屋嘉部 景矢,901-0416,島尻郡八重瀬町,字宜次４５５－４,098-998-9073,3000,法人,土と石鋼舗し防水,,R070626,5,建設業（総合）,1
47012628,知事,（株）コーケン,玉城 用高,901-0153,那覇市,宇栄原３－１３－１,098-996-2458,15000,法人,土建大左と石屋タ鋼筋舗板ガ塗防内絶具水解,,R061219,12,建設業（総合）,1
47013231,知事,（株）ＫＯＺＹ電気工事,鳩間 康司,901-0416,島尻郡八重瀬町,字宜次２３１－５７,098-851-3490,5000,法人,電,,R040627,8,電気・設備工事,1
47011206,知事,（同）コープおきなわ,古堅 忠司,901-2588,浦添市,西原１－２－１,098-879-7711,5471831,法人,建,,R040419,15,建設業（総合）,1
47014377,知事,（株）郡組,郡 拓磨,901-2102,浦添市,前田１－４８－１７,098-917-1786,2000,法人,と,,R030702,5,その他専門工事,1
47008158,知事,（有）国栄建設,平良 政輝,905-1411,国頭郡国頭村,字辺土名１５１４－２,0980-41-3089,20000,法人,土と石鋼舗し塗園水解,1,R070416,20,建設業（総合）,
47012868,知事,国際建設（株）,平良 吉勝,901-0152,那覇市,字小禄７８０－１７,098-857-4782,48971,法人,土と石鋼舗し塗水,1,R021120,12,建設業（総合）,1
47004110,知事,（株）国際重機,金城 豊,900-0003,那覇市,字安謝６５３,098-868-1616,20000,法人,土と石舗機水解,1,R030614,35,建設業（総合）,1
47005686,知事,（株）国際ビル産業,酒匂 敏行,901-2122,浦添市,勢理客３－９－１１,098-876-8111,57950,法人,建大屋電管タ内通消,1,R070501,35,建設業（総合）,1
47007638,知事,（有）國進開発,上原 健,905-1415,国頭郡国頭村,字浜７１－１,0980-41-2967,20000,法人,土建と石管鋼舗し園水解,,R060323,28,建設業（総合）,
47013604,知事,國新左官工業,新垣 隆光,901-0213,豊見城市,字高嶺６１０－５１ Ｋ－２２,090-6863-9931,,個人,左,,R051214,8,その他専門工事,1
00002285,大臣,（株）國場組,内間 耕,900-8505,那覇市,久茂地３－２１－１,098-851-5195,1597671,法人,土建大と電管鋼筋舗し塗防内機絶通水消解,1,R041126,,建設業（総合）,1
47015287,知事,（合）コクバ工業,国場 聡,905-0006,名護市,字宇茂佐１９３６,090-9782-2851,200,法人,と解,,R070207,0,その他専門工事,
47007429,知事,（有）國場電工,國場 盛光,904-1201,国頭郡金武町,字金武４０３５－１,098-968-3824,37000,法人,土建大左と石屋電管タ鋼筋舗し板ガ塗防内絶具水解,1,R040622,28,建設業（総合）,
47015158,知事,（合）国宝建設,比嘉 正樹,905-1155,名護市,我部祖河４０－１,0980-43-1963,5000,法人,土と石鋼舗し塗水,,R060705,0,建設業（総合）,
47002000,知事,国洋建設（株）,國吉 昌克,901-3125,島尻郡久米島町,字鳥島３０２,098-985-2138,40000,法人,土建と石電管鋼舗し塗園水解,1,R061018,35,建設業（総合）,
47005590,知事,（有）國洋建設,宮國 啓子,906-0012,宮古島市,平良字西里９４３－２８,0980-73-5705,11000,法人,土と舗水,,R070524,35,建設業（総合）,
47007202,知事,（有）国陽建設,新城 一司,905-0005,名護市,字為又１２１９－１８４,0980-52-5672,25000,法人,土建と石鋼舗し塗水解,1,R040926,28,建設業（総合）,
47005344,知事,（有）古蔵工業,城田 直樹,901-0211,豊見城市,字饒波２２６,098-856-2637,10000,法人,鋼,,R041117,35,その他専門工事,1
47003504,知事,國和建設（株）,野崎 真光,903-0103,中頭郡西原町,字小那覇１２４１,098-944-5725,50000,法人,土建と鋼舗塗水解,1,R040301,35,建設業（総合）,1
47003619,知事,國和設備工業（株）,＊里 盛春,900-0015,那覇市,久茂地３－２１－１,098-863-0100,80000,法人,土建と電管鋼防内機絶水消清解,1,R070820,35,建設業（総合）,1
47004447,知事,（有）五光園,座安 勤,901-0153,那覇市,字宇栄原７９９,098-857-5739,5000,法人,土と石舗園水,,R040224,35,建設業（総合）,1
47012224,知事,（株）五光電工,玉那覇 五太,903-0102,中頭郡西原町,字嘉手苅１１１番地,098-894-7385,10000,法人,電,,R050205,12,電気・設備工事,1
47014221,知事,（株）ここちホーム,又吉 拓馬,901-2133,浦添市,城間３－４－８,098-975-9033,10000,法人,土建大と石屋タ鋼舗し内水,,R021211,5,建設業（総合）,1
47000693,知事,コザ電気工事（株）,織戸 四郎,904-2171,沖縄市,高原２－３－２,098-930-0050,49000,法人,土建電管通,1,R031220,35,建設業（総合）,1
47015141,知事,こしま工業,後間 卓,904-2151,沖縄市,松本６－６－３２ アレアル＊９０３,070-5413-0532,,個人,消,,R060607,0,電気・設備工事,1
47014815,知事,古謝工業,古謝 景順,905-0006,名護市,字宇茂佐１８９７,0980-54-0041,,個人,と解,,R050120,0,その他専門工事,
47006352,知事,（有）コジャ施工,古謝 春樹,904-2172,沖縄市,泡瀬３－１６－５,098-939-1613,3000,法人,左,,R040731,28,その他専門工事,1
47010012,知事,古謝内装工業,古謝 昌光,901-2212,宜野湾市,長田１－１５－７グリーンマンション１－Ｃ,098-943-0766,,個人,土建大左と石屋タ鋼舗板ガ塗防内具水解,,R030112,15,建設業（総合）,1
47001393,知事,（株）五城,比嘉 千佳,901-2424,中頭郡中城村,字南上原２１４－２－１Ｆ,098-895-2364,15000,法人,土建大と石屋タ舗内水,,R060421,35,建設業（総合）,1
47015180,知事,（株）湖城組,湖城 拓也,904-0305,中頭郡読谷村,字都屋３６７－４ 西アパート１３９－１,098-989-8318,1000,法人,大と,,R060823,0,その他専門工事,1
47012611,知事,（株）Ｃｏ’ｚ工房沖縄,砂川 栄作,906-0013,宮古島市,平良字下里４４－１,0980-79-0098,20000,法人,建,1,R060112,12,建設業（総合）,
47012092,知事,（有）コスモ開発,相 綱政,904-2172,沖縄市,泡瀬５－２２－２３,098-939-0328,5000,法人,土建大左と石屋タ鋼筋舗し板ガ塗防内絶具水解,,R040521,12,建設業（総合）,1
47013516,知事,（株）悟大,金田 雄一,905-0011,名護市,宮里６－１１－８ ２Ｆ,0980-43-6460,5000,法人,土建と石電鋼舗し塗水解,,R050719,8,建設業（総合）,
47006371,知事,呉大建設,呉屋 孝子,901-1414,南城市,佐敷字津波古９８２－２,098-947-6554,,個人,土建と石舗し水解,,R041224,28,建設業（総合）,1
47014666,知事,（株）東風工務店,東風 知樹,900-0021,那覇市,泉崎２－１７－５泉崎アパートメント３０１,098-833-8911,5000,法人,建大屋タ内,,R040701 R060729,0,建設業（総合）,1
47002455,知事,（株）國興建設,山城 良治,901-2114,浦添市,安波茶２－６－２,098-877-6528,20000,法人,土建大左と石屋タ鋼筋舗板ガ塗防内具水解,1,R060630,35,建設業（総合）,1
47010377,知事,（株）寿開発,金城 幸雄,902-0073,那覇市,字上間２３６,098-835-4838,30000,法人,土建大左と石屋管タ鋼筋舗し板ガ塗防内絶園具水解,1,R041003,15,建設業（総合）,1
47015427,知事,寿建装,仲本 寿音,901-2424,中頭郡中城村,字南上原９４８ 渡名喜荘１－３,098-988-3857,,個人,塗,,R070822,0,塗装・防水,1
47007752,知事,（有）寿興業,島尻 恵福,902-0075,那覇市,国場１１８１－２,098-855-4050,10000,法人,と,,R030723,28,その他専門工事,1
47011134,知事,寿設備工業（株）,德嶺 朝彦,904-2233,うるま市,字豊原２３７,098-894-7701,5000,法人,土と石管鋼舗し機水,,R031019,15,建設業（総合）,1
47014334,知事,（株）壽電水,伊良皆 忠夫,906-0006,宮古島市,平良字西仲宗根１５８５－１５,0980-73-3670,1500,法人,土建と石電管鋼舗水消,,R030521,5,建設業（総合）,
47012957,知事,（株）古波組,古波 治雄,903-0117,中頭郡西原町,字翁長２７５－２,098-943-6636,6000,法人,土と石鋼舗し塗水,,R030502,8,建設業（総合）,1
47014888,知事,コネクトエンジニア（合）,新城 健宗,906-0012,宮古島市,平良字西里１１１５－６ 中央アパート１０１,0980-79-9860,3850,法人,電通,,R050519,0,電気・設備工事,
47014232,知事,（株）コバキュウ,小橋川 順史,904-2202,うるま市,字天願６１－１,098-972-5001,6000,法人,土と石鋼舗し塗水解,,R030108,5,建設業（総合）,1
47004154,知事,（株）古波蔵組,古波蔵 太志,900-0021,那覇市,泉崎１－２２－１２,098-951-3723,80000,法人,土建大左と石屋管タ鋼筋舗し板ガ塗防内絶園具水解,1,R030630,35,建設業（総合）,1
47010351,知事,小橋川塗装,小橋川 保,903-0123,中頭郡西原町,字津花波１４２,098-946-1653,,個人,大左塗防内,,R040812,15,塗装・防水,1
47000160,知事,（株）小波津組,小波津 英慎,900-0001,那覇市,港町２－１－６,098-861-5005,50000,法人,土建大と石舗し塗防内具水,1,R040504,35,建設業（総合）,1
47013665,知事,（株）小波津塗総,小波津 朝央,901-0302,糸満市,字潮平５３２－１８,098-851-8711,3000,法人,塗防,,R060418,8,塗装・防水,1
47013700,知事,（株）コバデンエンジニア,小橋川 優次,903-0112,中頭郡西原町,字我謝８１０－１９,098-953-2307,2000,法人,電,,R060607,8,電気・設備工事,1
47015078,知事,小浜建設,小浜 廣喜,903-0814,那覇市,首里崎山町４－６１－３ １階,098-886-9450,,個人,土と石鋼舗し塗水,,R060301,0,建設業（総合）,1
47009776,知事,小濱塗装工業,小濱 正敏,905-0016,名護市,大東４－２－１１,0980-52-6120,,個人,塗,,R061222,20,塗装・防水,
47000913,知事,（有）コマツ設備,新里 尚志,902-0076,那覇市,与儀１－１４－１２,098-832-5801,3000,法人,土と石管舗水,,R070611,35,建設業（総合）,1
47004356,知事,（有）古見鉄工所,古見 忠雄,907-0023,石垣市,字石垣４１９－４,0980-82-4801,10000,法人,土建大と石鋼舗塗内水,,R051111,35,建設業（総合）,
47009574,知事,（有）コムテック創研,大城 豊,903-0804,那覇市,首里石嶺町４－２２９－６,098-835-5353,7000,法人,電通,,R060114,20,電気・設備工事,1
47006304,知事,米須組,米須 光則,901-2423,中頭郡中城村,字北上原５５５,098-895-5118,,個人,建大,,R070821,28,建設業（総合）,1
47014260,知事,米須鉄筋,米須 一夫,904-2151,沖縄市,松本１－２８－５,098-938-9254,,個人,筋,,R030219,5,その他専門工事,1
47012014,知事,（株）コモドハウス,前田 康樹,901-2221,宜野湾市,伊佐２－１２－１０,098-898-0293,5000,法人,建大屋タ内,,R031107,12,建設業（総合）,1
47001009,知事,（株）呉屋組,呉屋 明,901-0306,糸満市,西崎町５－１０－１２,098-992-2722,45000,法人,土建大左と石屋管タ鋼筋舗し板ガ塗防内絶園具水解,1,R050904,35,建設業（総合）,1
47006786,知事,呉屋組,呉屋 正巳,904-0303,中頭郡読谷村,字伊良皆２６９－１,098-956-1659,,個人,建大,,R040126,28,建設業（総合）,1
47013044,知事,（株）呉屋設備,呉屋 美香,903-0117,中頭郡西原町,字翁長８６６－１,098-944-2398,3000,法人,土と石管鋼舗し水,,R030824,8,建設業（総合）,1
47004615,知事,呉屋鉄筋工業,呉屋 利光,904-2141,沖縄市,池原二丁目２０－３９,098-938-5341,,個人,筋,,R030501,35,その他専門工事,1
47014735,知事,心來楓工業,大城 直也,901-0306,糸満市,西崎町３－３２１,090-9487-7216,,個人,管,,R040930,0,電気・設備工事,1
47011297,知事,コンフォートサービス,喜友名 啓,904-2223,うるま市,字具志川６４０－２,098-987-8069,,個人,土大左と石屋タ鋼舗板ガ塗防内絶具水,,R041113,15,建設業（総合）,1
47014240,知事,コンボルト・ジャパン（株）,島袋 修,904-2311,うるま市,勝連南風原５１９２－２１,098-929-0821,96000,法人,土建と石管鋼舗し水消解,,R030115,5,建設業（総合）,1
47015211,知事,（株）サーク,仲宗根 和之,904-2154,沖縄市,東２－２３－１,080-1701-4667,2000,法人,建大左と石屋タ鋼筋板ガ塗防内絶具解,,R060920,0,建設業（総合）,1
47014837,知事,（株）ＴＨＩＲＤ工務店,大城 明仁,905-0007,名護市,字屋部１２５８－１,0980-43-9903,5000,法人,建大左と石屋タ鋼筋板ガ塗防内絶具,,R050310,0,建設業（総合）,
47014055,知事,（株）サードデザイン,玉城 信三郎,905-0007,名護市,字屋部１２５８－１,090-6864-7135,5000,法人,建大屋タ内,,R070717,5,建設業（総合）,
47015436,知事,（合）彩,衛藤 真奈美,901-2216,宜野湾市,字佐真下１１３,098-943-4307,1000,法人,大左と石屋タ板ガ塗防内絶具,,R070822,0,塗装・防水,1
47000456,知事,サイアスホーム（株）,金城 悟,904-2142,沖縄市,字登川２６７１－１,098-938-2458,25000,法人,土建大左と石屋電タ鋼筋舗し板ガ塗防内絶具水解,1,R040522,35,建設業（総合）,1
47011062,知事,（有）ＺＩＯＮ,新里 志苑,904-1201,国頭郡金武町,字金武３７６６,098-988-7201,3000,法人,土と石鋼舗し塗水解,,R070207,15,建設業（総合）,
47015381,知事,彩美塗装,大城 幸摩,901-1204,南城市,大里字稲嶺９８－１ １０２号室,098-962-6777,,個人,塗防,,R070627,0,塗装・防水,1
47013876,知事,彩和ホーム,城間 勇光,901-1302,島尻郡与那原町,字上与那原５０３－３,098-943-0758,,個人,大左石屋タ板ガ塗防内絶具,,R070124,5,塗装・防水,1
47014596,知事,（株）サイン沖縄,大城 剣太郎,904-2153,沖縄市,美里６－２５－１０,098-934-0082,5000,法人,土建大と石屋タ鋼舗し内水,,R040331,0,建設業（総合）,1
47013925,知事,（株）サウス,伊良波 廉,901-0151,那覇市,鏡原町７－１ ＡＺ大橋２－Ｂ,098-857-7009,5000,法人,土建大左と石屋電管タ鋼筋舗し板ガ塗防内絶具水解,,R050512 R060130,5,建設業（総合）,1
47013762,知事,サカイ（株）,坂井 亜希子,906-0007,宮古島市,平良字東仲宗根９０１－９,0980-79-7608,5000,法人,大と,,R060826,5,その他専門工事,
47014849,知事,（株）ＳＡＫＡＥ,假屋園 栄作,907-0002,石垣市,字真栄里２８エアリーハウス１－Ａ,080-1536-8113,3000,法人,と解,,R050324,0,その他専門工事,
47008364,知事,（有）栄開発,高嶺 榮,901-0602,南城市,玉城字仲村渠１４６８－１,098-948-1726,20000,法人,土建と石管鋼舗し塗園水解,1,R041126,20,建設業（総合）,1
47011046,知事,（有）榮基礎工業,山本 康二,901-2405,中頭郡中城村,字屋宜７３２－２,098-895-7012,3000,法人,と,,R030601,15,その他専門工事,1
47013201,知事,（株）栄組,平良 栄,904-2426,うるま市,与那城平安座８１７７－１,098-977-7674,5000,法人,と,,R040516,8,その他専門工事,1
47000829,知事,（有）栄建設,與古田 勝,904-2213,うるま市,字田場１０７９－１,098-974-3222,5000,法人,建内,,R040905,35,建設業（総合）,1
47006456,知事,（有）栄建設工業,眞鶴 智春,904-2143,沖縄市,知花２－５－１７,090-8294-3816,10000,法人,土と石管舗し水,,R061125,28,建設業（総合）,1
47005660,知事,（有）榮商店,伊禮 栄,904-2143,沖縄市,知花４丁目３番２１号,098-938-7007,10000,法人,と解,,R070821,35,その他専門工事,1
47012511,知事,（株）栄水道設備,銘苅 哲博,901-2101,浦添市,西原１－２６－８丸新アパート２０１,098-874-4986,5000,法人,土と石管鋼舗し水,,R060526,12,建設業（総合）,1
47014148,知事,（合）さかえ塗装,榮門 努,904-2312,うるま市,勝連平安名５３４,098-978-5535,3000,法人,塗防,,R071002,5,塗装・防水,1
47014679,知事,（株）榊屋組,照屋 寛秀,904-0301,中頭郡読谷村,字座喜味６１０,098-958-5787,2000,法人,土と石鋼舗し塗水解,,R040708,0,建設業（総合）,1
47012609,知事,（有）坂田土建,宮里 剛,903-0126,中頭郡西原町,字棚原４１,098-988-0456,3000,法人,土建大と石屋タ鋼舗し塗内水解,,R061119,12,建設業（総合）,1
47014158,知事,（有）サガミ空調設備,下地 広志,906-0007,宮古島市,平良字東仲宗根４７５－１,0980-75-5328,3000,法人,電管,,R021009,5,電気・設備工事,
47007179,知事,（有）サガワ設備工業,砂川 智志,901-2101,浦添市,西原３－１０－１１,098-878-2239,5000,法人,土と管舗水,,R060106,28,建設業（総合）,1
47015293,知事,（株）﨑一建設,﨑原 純一,905-0016,名護市,大東２－１２－２,0980-59-4200,5000,法人,土と舗,,R070127,0,建設業（総合）,
47014823,知事,（株）さきえだ工業,稲福 真沙樹,901-1204,南城市,大里字稲嶺２７９３－８,098-836-9761,8000,法人,大,,R050203,0,その他専門工事,1
47000500,知事,先嶋建設（株）,黒島 一洋,900-0032,那覇市,松山１－３５－２,098-868-1079,48000,法人,土建大左と石屋管タ鋼筋舗し板ガ塗防内絶具水解,1,R041117,35,建設業（総合）,1
47005040,知事,（有）先島電工,下地 政紀,907-0004,石垣市,字登野城７９３,0980-82-5782,18700,法人,土と石電舗通水,,R040825,35,建設業（総合）,
47000459,知事,（有）先島メンテナンス,迎里 伸,907-0002,石垣市,字真栄里２２１番地,0980-83-0167,10000,法人,土建と管舗水,,R041111,35,建設業（総合）,
47010385,知事,（有）咲尚建設,知念 政憲,903-0826,那覇市,首里寒川町２－７６－１,098-854-5127,31000,法人,土建と石管鋼舗し塗水解,1,R070930,15,建設業（総合）,1
47013571,知事,（株）サキ設備,崎山 喜章,901-2132,浦添市,伊祖２－１６－８,098-878-4902,5000,法人,管,,R051025,8,電気・設備工事,1
47014802,知事,（株）崎電気工事,崎原 盛仁,903-0124,中頭郡西原町,字呉屋４２８－１,098-946-5784,1000,法人,電消,,R041223,0,電気・設備工事,1
47014701,知事,さき内装,崎山 志雅土,904-2201,うるま市,昆布１７４０－１Ｆ,090-4983-0024,,個人,内,,R040812,0,内装工事,1
47012557,知事,（株）崎浜電気商会,崎浜 裕,905-0401,国頭郡今帰仁村,字仲宗根１３１番地,0980-56-4725,1000,法人,土と石電鋼舗し水解,,R060812,12,建設業（総合）,
47002772,知事,（有）崎浜電気水道工事,崎濱 千春,904-1106,うるま市,石川２４２８－１,098-964-2064,5000,法人,電,,R030920,35,電気・設備工事,1
47002852,知事,（株）崎浜電工,崎濱 秀一,905-0011,名護市,宮里１－２－６,0980-53-2137,27000,法人,土と石電管鋼舗し塗通園水消,1,R040730,35,建設業（総合）,
47013577,知事,（株）サキハラ,崎原 司,904-0115,中頭郡北谷町,字美浜１４－２４ 美浜ハイツＡ－２４,098-926-0654,3000,法人,筋,,R051109,8,その他専門工事,1
47006585,知事,（有）崎原組,崎原 啓三,904-2151,沖縄市,松本３－１６－１０,098-938-9917,10000,法人,建大,,R030725,28,建設業（総合）,1
47014415,知事,（株）崎原組,崎原 盛忠,904-0106,中頭郡北谷町,字玉上３４,090-6862-7474,3000,法人,建大屋タ鋼内,,R030726,0,建設業（総合）,1
47004481,知事,（有）崎原建設,崎原 勝弘,904-2314,うるま市,勝連平敷屋３７６２－１,098-978-7138,10000,法人,土建大と石鋼舗し水解,,R060921,35,建設業（総合）,1
47005404,知事,崎原建設（株）,崎原 寿正,907-0024,石垣市,字新川３６３,0980-83-0185,40000,法人,土建と石管鋼舗し塗水,1,R021227,35,建設業（総合）,
47013568,知事,崎原工業,崎原 康,904-0117,中頭郡北谷町,北前１－１５－２ オーシャンビューマンション１階,090-6857-9754,,個人,筋,,R051012,8,その他専門工事,1
47006875,知事,（有）崎原商事,崎原 龍一,901-2127,浦添市,屋富祖３－１３－１５,098-878-9521,5000,法人,電管,,R040524,28,電気・設備工事,1
47001301,知事,崎原土建（株）,吉味 直輝,904-0106,中頭郡北谷町,字玉上２１８,098-936-3343,30000,法人,土建大と石屋管タ鋼舗し内園水解,1,R070307,35,建設業（総合）,1
47004137,知事,（有）崎間建設,崎間 真吉,901-2131,浦添市,牧港１－１２－６,098-877-5335,29000,法人,土建大左と石屋タ鋼筋舗し板ガ塗防内絶具水,,R040321,35,建設業（総合）,1
47014792,知事,（合）佐喜眞商事,佐喜眞 勇希,901-2223,宜野湾市,大山３－２５－８,098-943-7395,5000,法人,消,,R041209,0,電気・設備工事,1
47000104,知事,（株）崎元組,崎元 永文,907-1801,八重山郡与那国町,字与那国１２３－４,0980-87-2023,35000,法人,土建大左と石屋管タ鋼筋舗し板ガ塗防内絶園具水解,1,R021121,35,建設業（総合）,
47009532,知事,（有）崎山建設,崎山 朝光,905-2171,名護市,字辺野古９１３－２０,0980-43-1633,27000,法人,土建と石鋼舗し塗水,,R031026,20,建設業（総合）,
47012632,知事,佐久川建設,佐久川 裕司,901-2101,浦添市,西原２－２６－２ Ｔ広栄１０１号,098-975-5140,,個人,内,,R070107,12,内装工事,1
47009216,知事,（有）佐久川電研,佐久川 弘美,903-0117,中頭郡西原町,字翁長８５３－３,098-946-9338,3500,法人,電,,R040409,20,電気・設備工事,1
47014328,知事,（合）佐久本組,佐久本 学,904-0311,中頭郡読谷村,字比謝４４１,098-956-5623,3000,法人,と,,R030514,5,その他専門工事,1
47011153,知事,（有）さくもと建設工業,佐久本 幸尚,901-2226,宜野湾市,嘉数３－２１－５,098-943-4649,3000,法人,土大と石タ鋼筋舗し水,,R031204,15,建設業（総合）,1
47009201,知事,（株）佐久本工機,佐久本 嘉幸,904-0034,沖縄市,山内２－３３－７,098-932-2791,30000,法人,土建と鋼,,R040311,20,建設業（総合）,1
47013038,知事,佐久本工業（株）,佐久本 克男,904-2214,うるま市,安慶名二丁目１９番１号,098-894-7950,5000,法人,土と石鋼舗し水,,R030822,8,建設業（総合）,1
47014687,知事,佐久本工業,佐久本 盛玄,904-0011,沖縄市,照屋４－２１－１１,090-5932-8963,,個人,と,,R040722,0,その他専門工事,1
47000479,知事,（株）佐久本商会,佐久本 達,907-0014,石垣市,新栄町５０－５,0980-82-5859,20000,法人,土建と石電管舗水,,R070325,35,建設業（総合）,
47011987,知事,（株）佐久本電設,佐久本 兼敏,904-2141,沖縄市,池原１－２７－８,098-938-7519,3000,法人,電,,R030825,12,電気・設備工事,1
47014487,知事,（有）さくら,島袋 太樹,905-0021,名護市,東江１－１３－８,0980-51-0033,3500,法人,建大石屋タ内,,R031015 R040216,0,建設業（総合）,
47013050,知事,（株）さくらエステート,大城 祐樹,904-2171,沖縄市,高原７－２０－３６,098-923-1990,3000,法人,土建大左と石屋タ鋼筋舗し板ガ塗防内絶具水解,,R030902,8,建設業（総合）,1
47010416,知事,（有）さくらエンジニアリング,伊波 均,902-0073,那覇市,字上間３６６－１,098-891-3943,5000,法人,電,,R041212,15,電気・設備工事,1
47014447,知事,さくら開発,仲田 正憲,905-2171,名護市,辺野古３６０－５８,080-8580-9282,,個人,土建左と石電タ鋼舗し水,,R030827,0,建設業（総合）,
47013753,知事,（株）桜電機工業,屋比久 正彦,901-1103,島尻郡南風原町,字与那覇４２７－６,098-987-9299,1000,法人,土と石電管鋼舗し水解,,R060808,5,建設業（総合）,1
47012946,知事,（株）サクラ電工,小田 洋文,904-2156,沖縄市,美里仲原町２９－１４－Ｃ号,098-979-9970,5000,法人,電,,R030419,8,電気・設備工事,1
47014784,知事,桜内装,仲尾 真吾,904-2314,うるま市,勝連平敷屋３８６６－１ パインツリーＨ４０２,090-8294-9337,,個人,内,,R041202,0,内装工事,1
47012480,知事,（株）ＳＡＫＵＲＡ木工,親泊 政司,901-0306,糸満市,西崎町５－９－２,098-994-1833,5000,法人,内,,R060407,12,内装工事,1
47013428,知事,（株）雀部建築板金,雀部 優太,901-2226,宜野湾市,嘉数２－１－１４－１０２,098-960-7678,5000,法人,屋板,,R050206,8,その他専門工事,1
47009499,知事,（有）佐敷工業,佐敷 興福,901-1115,島尻郡南風原町,字山川３７８－１,098-862-6915,3000,法人,土建と石鋼舗塗内水,,R040625,20,建設業（総合）,1
47014768,知事,佐智組,下地 佐智雄,906-0004,宮古島市,平良大浦１９５,090-1692-6628,,個人,左石タ,,R041111,0,その他専門工事,
47014020,知事,幸電設,翁長 幸夫,901-0501,島尻郡八重瀬町,字長毛２０３－２,098-998-5365,,個人,電,,R070612,5,電気・設備工事,1
47014202,知事,（株）さち屋,大城 祥太,901-2131,浦添市,牧港１－５２－１６,090-6858-8882,1000,法人,建解,,R021127,5,建設業（総合）,1
47014337,知事,（株）五月,倉橋 長政,906-0301,宮古島市,下地字川満８７９,070-2315-5550,1000,法人,大,,R060601,5,その他専門工事,
47005886,知事,（有）さつき塗装,當間 君代,901-0152,那覇市,字小禄４－１０－２０ヴィラさつき１Ｆ,098-858-0604,10000,法人,塗防内,,R040122,35,塗装・防水,1
47015088,知事,Ｔｈａｔ’ｓ Ｖａｌｕｅｍｅｎ ｉｎ Ｍｉｙａｋｏ（株）,中山 潤哉,906-0013,宮古島市,平良字下里２０８－５,0980-73-6577,9000,法人,建,,R060405,0,建設業（総合）,
47011925,知事,（有）佐藤アルミ建材,佐藤 伯文,901-1301,島尻郡与那原町,字板良敷５３８－１,098-946-2372,5000,法人,大左石屋タ板ガ塗防内絶具,,R030419,12,塗装・防水,1
47011880,知事,佐藤建築,佐藤 雅昭,901-2222,宜野湾市,喜友名２－２１－７,098-892-7880,,個人,建屋タ内,,R030928,12,建設業（総合）,1
47011443,知事,（株）里村組,里村 竜太,904-0031,沖縄市,上地１－２２－９ ２０２,098-923-1737,9000,法人,土と石鋼舗し水解,,R030601,12,建設業（総合）,1
47005790,知事,（有）佐渡山電水,佐渡山 安雄,904-2161,沖縄市,古謝二丁目６番１０号,098-939-6400,21000,法人,土と石電管鋼舗水消,1,R070428,35,建設業（総合）,1
47012497,知事,（有）サニーズハウジング,木下 敬一郎,904-0116,中頭郡北谷町,北谷２－１６－１ビーチサイドマンションＰ－３、Ａ－１号,098-936-4888,98000,法人,土建大左と石屋タ鋼筋舗し板ガ塗防内絶具水,,R060507,12,建設業（総合）,1
47012540,知事,（合）サノハタ,西元 悠,904-2143,沖縄市,知花５－１７－２０,098-989-8172,10020,法人,建大屋管タ内,,R060704,12,建設業（総合）,1
47000523,知事,座波建設（株）,座波 博政,901-2133,浦添市,字城間３０１９,098-878-1010,45000,法人,土建と石鋼舗し水解,1,R041124,35,建設業（総合）,1
47008868,知事,（有）座波電気工事,大城 勝,901-0314,糸満市,字座波２７３,098-994-4946,3000,法人,土と石電鋼舗し水,,R040918,20,建設業（総合）,1
47000665,知事,（株）佐平建設,佐平 龍太,901-0152,那覇市,小禄５－１３－１,098-851-8352,48800,法人,土建大左と石鋼舗し内具水解,1,R061125,35,建設業（総合）,1
47012341,知事,（株）サポート２１,金城 敦雄,904-0204,中頭郡嘉手納町,字水釜１１４－１,098-963-7322,5000,法人,土建大左と石屋タ鋼舗し板ガ塗防内絶具水解,,R050829 R060529,12,建設業（総合）,1
47012501,知事,サポートホーム,神山 寛之,904-2245,うるま市,字赤道１７３－２ 丸博ビル１階,098-989-5647,,個人,大左石屋タ板ガ塗防内絶具,,R060521,12,塗装・防水,1
47008289,知事,（有）ザマミ,座間味 尚,905-0015,名護市,大南３－１３－１,0980-53-5211,6000,法人,内,,R030705,20,内装工事,
47011070,知事,座間味組,座間味 剛,904-0412,国頭郡恩納村,字谷茶２１８－３,098-966-8272,,個人,建,,R030627,15,建設業（総合）,
47000995,知事,（有）ザマミ建設,津波古 孝弥,901-1207,南城市,大里字古堅９２６－１,098-945-3944,30000,法人,土建大左と石屋タ鋼筋舗し板ガ塗防内絶具水解,1,R040403,35,建設業（総合）,1
47012648,知事,（有）座間味生コン,岸本 隆三,901-3401,島尻郡座間味村,字阿佐６９,098-987-2612,3000,法人,土と石鋼舗し水,,R070123,12,建設業（総合）,
47013973,知事,サミット無線通信工業（株）,知花 敦,901-2203,宜野湾市,野嵩２－２８－５,098-943-3924,10000,法人,電通,,R070529,5,電気・設備工事,1
47014407,知事,サムライライジング（株）,許田 正昭,901-1204,南城市,大里字稲嶺２１２７－３０４ （４－３）,090-1940-4783,5000,法人,と,,R030716,0,その他専門工事,1
47008165,知事,（株）沢建設,賀数 稔,901-2224,宜野湾市,真志喜３－１４－９,098-890-4018,40000,法人,土建大左と屋タ鋼筋舗し板ガ塗防内絶具水解,1,R031205,20,建設業（総合）,1
47013747,知事,さわだ建設（株）,澤田 博,904-1115,うるま市,石川伊波１５１５－１５,098-965-0200,5000,法人,建大と,,R060726,5,建設業（総合）,1
47014524,知事,佐和田鉄筋工業,佐和田 茂,906-0507,宮古島市,伊良部字佐和田１５４４,090-9483-7156,,個人,筋,,R031126,0,その他専門工事,
47014539,知事,（株）さわやか建設,吉浜 尊臣,901-0406,島尻郡八重瀬町,字屋宜原２４３－３,098-987-1303,10000,法人,土建大と石屋管タ鋼舗し塗内水解,,R070724,0,建設業（総合）,1
47005187,知事,（有）三伊土建,親川 昭夫,901-1407,南城市,字つきしろ１７３５－８,098-948-2259,10000,法人,土と石舗水,,R041216,35,建設業（総合）,1
47008692,知事,（株）三永開発,知花 和身,900-0012,那覇市,泊２丁目１番１５号,098-863-3516,10000,法人,土と石鋼舗し水,,R070403,20,建設業（総合）,1
47013725,知事,（有）三栄機械工業,仲村 司,901-2134,浦添市,字港川５１３－６,098-876-1845,12000,法人,土と舗機,,R060628,5,建設業（総合）,1
47010411,知事,（有）三栄技研,砂川 秀樹,902-0066,那覇市,字大道１７２ ２階２０９号室,098-894-5701,5000,法人,土と石電鋼舗し塗水,,R041206,15,建設業（総合）,1
47012353,知事,三栄工業（株）,福田 郁絵,900-0001,那覇市,港町３－２－８,098-868-0191,91500,法人,土建大左と石屋電管タ鋼筋舗し板ガ塗防内機絶具水消解,1,R050909,12,建設業（総合）,1
47010357,知事,（有）三栄産業,島袋 輝光,904-2241,うるま市,字兼箇段３０６－２,098-974-6499,3000,法人,建大と屋タ鋼内具,,R040829,15,建設業（総合）,1
47008279,知事,（有）山栄土建,山城 栄德,901-0343,糸満市,字南波平２３２,098-997-2910,15000,法人,土と石舗水,,R030622,20,建設業（総合）,1
47011288,知事,（有）三栄メンテナンス,仲里 進,901-2201,宜野湾市,新城１－１９－１１,098-892-2105,3000,法人,管,,R041005,15,電気・設備工事,1
47013335,知事,（株）三栄木工所,比嘉 幸夫,904-2143,沖縄市,知花５－２７－１１,098-938-2745,5000,法人,土建大左と石屋タ鋼筋舗し板ガ塗防内絶具水,,R041017,8,建設業（総合）,1
47007264,知事,（有）三栄洋行,仲原 賢一,901-1101,島尻郡南風原町,字大名３０８－１,098-888-5513,10000,法人,と,,R070803,28,その他専門工事,1
47009386,知事,（有）サンオキ,上地 豊,904-0304,中頭郡読谷村,字楚辺２０６０－１,098-956-9696,49000,法人,土建大と石屋タ鋼舗し塗内水解,1,R030601 R040316,20,建設業（総合）,1
47014538,知事,（株）三開設備,仲宗根 健人,904-0415,国頭郡恩納村,字仲泊１０１,098-989-8922,1000,法人,建電,,R031224,0,建設業（総合）,
47012334,知事,三絆空調設備,下地 達也,901-0361,糸満市,字糸満１５８１,098-995-0588,,個人,管,,R050806,12,電気・設備工事,1
47011492,知事,（有）三起産業,樺山 昭次郎,901-2412,中頭郡中城村,字奥間９７１－４,098-943-1675,3000,法人,建大屋タ内,,R060224,12,建設業（総合）,1
47007905,知事,（有）三基土木,山城 貞直,904-2142,沖縄市,登川２－２２－１０,098-939-4359,40000,法人,土建大と石屋管タ鋼舗し内園水解,1,R040826,28,建設業（総合）,1
47004859,知事,（株）三協建設工業,川満 盛長,906-0013,宮古島市,平良字下里１０９２－２,0980-72-4962,30000,法人,土建と石電管鋼舗し塗水消,1,R060707,35,建設業（総合）,
47005857,知事,（有）産業交通,豊見山 久美,907-0003,石垣市,字平得８６,0980-82-8492,20000,法人,土と石鋼舗し水,,R031118,35,建設業（総合）,
47013831,知事,（株）三協商会,仲田 日出吉,901-1301,島尻郡与那原町,字板良敷１,098-882-8918,3000,法人,大,,R041001,5,その他専門工事,1
47014294,知事,（株）三京テクノス,玉城 隆行,904-0011,沖縄市,照屋１－２９－１－２０１,098-939-3283,9500,法人,土建大左と石屋タ鋼筋舗し板ガ塗防内絶具水解,,R030409,5,建設業（総合）,1
47011526,知事,三協電気工事（株）,松島 寛和,900-0031,那覇市,若狭３－４２－１,098-868-8141,50000,法人,土建と石電管舗機通水消,1,R060528,12,建設業（総合）,1
47003777,知事,三協電設（株）,大城 政明,904-2174,沖縄市,与儀２－８－３,098-932-2315,33000,法人,電通消,1,R041129,35,電気・設備工事,1
47014161,知事,三共保温,平良 悟,904-2222,うるま市,字上江洲４７０－３,098-973-5826,,個人,絶,,R021009,5,その他専門工事,1
47006358,知事,（有）三清土建,上原 大地,901-0304,糸満市,西川町６－１６,098-994-6375,35000,法人,土建と石電管鋼舗し塗水解,1,R071028,28,建設業（総合）,1
47012926,知事,（株）サン空調サービス,山内 昌直,900-0036,那覇市,西２－２０－１４,098-869-1068,5000,法人,管,,R030318,8,電気・設備工事,1
47008948,知事,（有）サンクラフト,与座 千尋,901-2131,浦添市,牧港５－３－６,098-876-0234,5000,法人,建大屋タ内,,R030322,20,建設業（総合）,1
47014174,知事,（株）サンクリエイト,中野内 道徳,901-1103,島尻郡南風原町,字与那覇１１５－１,098-996-5371,6000,法人,土と石鋼舗し塗水,,R071026,5,建設業（総合）,1
47014899,知事,三桂（有）,糸数 修一,900-0002,那覇市,曙２－３－８,098-997-2571,8000,法人,塗,,R050602,0,塗装・防水,1
47013332,知事,（株）サンケイエンジニアリング,上地 清信,901-2113,浦添市,大平３－１６－９,098-943-2985,3000,法人,土建大と石屋タ鋼舗し塗内通水,,R041017,8,建設業（総合）,1
47011590,知事,（有）産建開発,小湾 靖,901-2421,中頭郡中城村,字登又１７４－１,098-935-5700,5000,法人,土建大左と石屋タ鋼筋舗し板ガ塗防内絶具水,,R051025,12,建設業（総合）,1
47014234,知事,（株）山元建設,山内 治規,904-2171,沖縄市,高原７－２３－１０ ２０２,098-923-3920,8000,法人,土建と石鋼舗し塗水,,R030108,5,建設業（総合）,1
47014305,知事,（株）産建材木,上原 靖,901-0152,那覇市,字小禄８７６,098-857-0116,8000,法人,建大屋タ内,,R030426,5,建設業（総合）,1
47000767,知事,三建設備（株）,宮里 真由美,904-0035,沖縄市,南桃原４－３３－３,098-932-3629,25000,法人,土建と石管舗機水消,1,R030517,35,建設業（総合）,1
47002353,知事,（有）さんこう,川上 三枝子,904-0011,沖縄市,照屋１－２５－１０ プレイス イン ザ サン２０１号室,098-938-7560,20000,法人,土建大左と石屋管タ鋼筋舗し板ガ塗防内絶園具水解,1,R060216 R070722,35,建設業（総合）,1
47014113,知事,（合）山興,宜保 毅,904-0003,沖縄市,住吉２－１４－１ メゾンリベルテ住吉シェル１４０１,098-988-5571,5000,法人,大,,R020828,5,その他専門工事,1
47009007,知事,（株）三幸開発,照屋 幸土,901-0306,糸満市,西崎町３－４３１,098-995-0716,8000,法人,土と石管舗水,,R051001,20,建設業（総合）,1
47011953,知事,山幸企画,山内 昌彦,903-0115,中頭郡西原町,字池田２３１ １階,098-882-0330,,個人,建大左と石屋タ鋼筋板ガ塗防内絶具,,R030620,12,建設業（総合）,1
47012638,知事,サンコウ空電サービス,金城 康之,901-2423,中頭郡中城村,字北上原５７４－１,098-988-1029,,個人,管,,R070116,12,電気・設備工事,1
47003995,知事,（株）山幸組,山口 和輝,904-0202,中頭郡嘉手納町,字屋良１０１６,098-956-4444,5000,法人,と,,R051006,35,その他専門工事,1
47007069,知事,（有）三興建設工業,具志堅 興伸,905-0006,名護市,字宇茂佐１６５９,0980-52-5576,30000,法人,土建大と石屋電管タ鋼舗し塗防内水解,,R050604,28,建設業（総合）,
47002668,知事,（有）三工興業設備,立津 誠,902-0077,那覇市,長田一丁目４番８号,098-834-4214,3500,法人,土と石管舗水,,R070607,35,建設業（総合）,1
47015012,知事,（株）サンコウ設備工業,山根 孝幸,901-0305,糸満市,西崎町２－３－１０カーサ丸徳２（１０１）,098-996-9577,5000,法人,管,,R070801,0,電気・設備工事,1
47011326,知事,（有）三光電気,高良 剛,904-0032,沖縄市,諸見里３－３５－３０,098-932-7888,3000,法人,電,,R050110,12,電気・設備工事,1
47000725,知事,（株）三光電設,粟盛 卓,907-0003,石垣市,字平得２１２,0980-82-3836,20000,法人,土と石電管鋼舗し塗水消,1,R070703,35,建設業（総合）,
47005759,知事,（有）三工電設,下地 健一,901-2221,宜野湾市,伊佐３－９－７,098-890-7150,20000,法人,電,1,R050825,35,電気・設備工事,1
47013143,知事,（株）サンコー,小幡 弥八,904-0012,沖縄市,安慶田３－９－３２,098-937-7788,10000,法人,管内,,R040130 R040801,8,電気・設備工事,1
47012666,知事,（株）三志ａｃｔ．,渡久地 泰,903-0805,那覇市,首里鳥堀町４－７５－１０,098-988-3399,5000,法人,電通,,R061023,12,電気・設備工事,1
47012358,知事,サンシティ（株）,狩俣 守紀,901-2131,浦添市,牧港１－１２－２,098-988-3470,10000,法人,電,,R050927,12,電気・設備工事,1
47009488,知事,（有）三秀土木,崎濱 哲秀,905-0213,国頭郡本部町,字谷茶４４７－４,0980-47-6233,3000,法人,土と石鋼舗し水解,,R050804,20,建設業（総合）,
47001402,知事,（有）三省電気工事,新城 安樹,904-2142,沖縄市,字登川９２３－１,098-938-3020,22000,法人,土と石電管鋼舗し通水解,1,R040720,35,建設業（総合）,1
47012781,知事,（株）山水,比嘉 勝,904-2212,うるま市,赤野１０３９－８,098-927-2455,1000,法人,絶,,R041024,12,その他専門工事,1
47005748,知事,（有）三水工業,新垣 智之,901-2113,浦添市,大平１－２－５,098-879-3722,30000,法人,管消,,R031205,35,電気・設備工事,1
47010604,知事,（株）三晴,上地 徹,900-0021,那覇市,泉崎１－１６－１８,098-861-4488,10000,法人,土と石鋼舗し水解,,R060106,15,建設業（総合）,1
47013023,知事,（株）サンセイ,大城 倫享,904-2221,うるま市,平良川４７,098-923-3736,3000,法人,管,,R030802,8,電気・設備工事,1
47013772,知事,（株）三誓,仲松 淳一,903-0121,中頭郡西原町,字内間４１４－３,098-946-3914,10000,法人,建管内,,R060906,5,建設業（総合）,1
47002692,知事,（有）三成工業,平川 薫,904-2211,うるま市,字宇堅１３２２－１,098-974-8001,40000,法人,土建大左と石屋タ鋼筋舗し板塗防内絶具水解,1,R031015,35,建設業（総合）,1
47007125,知事,（有）三誠設備,玉城 慶彦,901-0305,糸満市,西崎町３－１１６,098-992-2100,10000,法人,土と石管鋼舗水,,R070302,28,建設業（総合）,1
47011564,知事,（有）三星電気工事,比嘉 直,904-2142,沖縄市,字登川２２０５－１,098-937-5111,5200,法人,土と石電鋼舗し水,,R060713,12,建設業（総合）,1
47014523,知事,（株）サンセツエンジニア,上原 幸永,901-1205,南城市,大里字高平８２８－３,098-987-6228,3100,法人,電管,,R031203,0,電気・設備工事,1
47015122,知事,（株）山設備工業,伊山 壮哉,901-0513,島尻郡八重瀬町,字玻名城６０８－８,090-6426-1938,5000,法人,管,,R060510,0,電気・設備工事,1
47013114,知事,三創（株）,宮城 光明,901-2224,宜野湾市,真志喜１－９－３－１,098-943-6257,3000,法人,塗防,,R031219 R070203,8,塗装・防水,1
47005117,知事,（株）三大土木産業,本部 憲治,901-0502,島尻郡八重瀬町,字大頓１４２０,098-998-7679,27000,法人,土建と石鋼舗し塗水解,1,R070710,35,建設業（総合）,1
47011428,知事,（株）サン電設,玉城 悟,904-2235,うるま市,字前原３８５－１３,098-974-8750,42000,法人,電,1,R070930,12,電気・設備工事,1
000019179,大臣,サン電通エンジニアリング（株）,比嘉 太一,900-0002,那覇市,曙２－１４－１８,098-917-0070,30000,法人,電管内通,,R030628 R040610,,電気・設備工事,1
47014376,知事,（株）サント,比嘉 英二,901-2126,浦添市,宮城１－１０－１０,098-943-2166,9000,法人,土と石鋼舗し水解,,R030702,5,建設業（総合）,1
47009766,知事,（有）三東開発,照屋 次昭,901-0306,糸満市,西崎町５－１４－７,098-992-6690,3000,法人,土建大と石鋼舗し内水解,,R061210,20,建設業（総合）,1
47015215,知事,（株）ＳＵＮ土木,高良 佑平,901-2112,浦添市,澤岻１－２－１１－２階,098-943-9675,1000,法人,土と石鋼舗し塗園水解,,R070409,0,建設業（総合）,1
47010082,知事,（株）サンニン,田中 智枝子,904-0032,沖縄市,諸見里３－４１－１,098-930-6090,10000,法人,土建大左と石屋タ鋼舗板ガ塗防内具水解,,R030417,15,建設業（総合）,1
47012731,知事,残波内装,知念 正彦,904-0301,中頭郡読谷村,字座喜味１２５４－６,098-953-3781,,個人,内,,R070422,12,内装工事,1
47012177,知事,サンピアことぶき,金城 政之,901-0302,糸満市,字潮平５８８－１,098-994-4992,,個人,電管,,R041029,12,電気・設備工事,1
47014974,知事,ＳｕｎＨｏｍｅｓ（株）,赤嶺 祥悟,901-1206,南城市,大里字仲間１０１９,080-6487-9555,5000,法人,土建と石管鋼舗し塗水解,,R050915,0,建設業（総合）,1
47012418,知事,（株）三嶺ホーム,長嶺 進,901-0311,糸満市,字武富２５８－１,098-987-9120,5000,法人,大左石屋タ板ガ塗防内絶具,,R030408,12,塗装・防水,1
47004162,知事,（株）三明,城間 健一,901-2406,中頭郡中城村,字当間３９８－２,098-943-3153,12500,法人,土と石タ鋼舗水,,R070830,35,建設業（総合）,1
47008830,知事,（有）三友,金城 和良,900-0022,那覇市,樋川２－１６－９,098-943-8826,6000,法人,土と石鋼舗し塗水,,R070615,20,建設業（総合）,1
47013303,知事,（有）三友,下地 和成,906-0006,宮古島市,平良字西仲宗根１５３５－２５,0980-72-7855,5000,法人,土と石鋼舗し水解,,R040911,8,建設業（総合）,
47008978,知事,（有）三友工務店,照屋 哲弘,901-2317,中頭郡北中城村,字瑞慶覧６５７－１,098-933-1108,4000,法人,建大屋タ内,,R030516,20,建設業（総合）,1
47007731,知事,（有）サンユウ設備,大城 隆,903-0103,中頭郡西原町,字小那覇１３１,098-945-0985,20000,法人,土と石電管舗水消,1,R070907,28,建設業（総合）,1
47000552,知事,（有）三友電水工事社,棚原 豪,904-0326,中頭郡読谷村,字渡慶次４２,098-958-3219,10000,法人,電,,R070628,35,電気・設備工事,1
47014977,知事,三友内装,上原 紀隆,904-2205,うるま市,栄野比７７４－３,090-8761-8963,,個人,大内,,R050915,0,内装工事,1
47000303,知事,（株）山洋開発,仲座 清德,901-0406,島尻郡八重瀬町,字屋宜原１９－６ ２Ｆ,098-998-5879,45000,法人,土建大と石鋼舗し塗水,1,R040522,35,建設業（総合）,1
47007290,知事,（株）サンライト,小池 多江子,900-0021,那覇市,泉崎１－１６－１８,098-863-4488,30000,法人,土建大左と石屋電管タ鋼筋舗し板ガ塗防内機絶具水消解,1,R050925,28,建設業（総合）,1
47010547,知事,（有）サン冷熱,中村 健也,902-0066,那覇市,字大道１７２－３０８,098-871-4342,20000,法人,電管機,1,R050707,15,電気・設備工事,1
47013515,知事,（合）三和,宮城 保,904-2426,うるま市,与那城平安座８１４６－３０,098-977-7422,500,法人,土建と石電管鋼舗し水消,,R050719,8,建設業（総合）,1
47006665,知事,（株）三和アグリテクノ,＊山 さちよ,901-2415,中頭郡中城村,字南浜２０２－４,098-895-2281,20000,法人,土建大左と石屋タ鋼筋舗し板ガ塗防内絶具水解,1,R030913,28,建設業（総合）,1
47002573,知事,（有）三和建材,金城 満,901-0231,豊見城市,字我那覇４８６,098-850-0134,9000,法人,土と石鋼舗し塗水,,R070724,35,建設業（総合）,1
47003758,知事,（株）三和建設,福里 哲也,906-0013,宮古島市,平良字下里３１０７－２９,0980-73-3838,45000,法人,土建と石管鋼舗し塗水解,1,R031206,35,建設業（総合）,
47002686,知事,三和工設（株）,嵩原 浩明,901-2111,浦添市,字経塚１７９－１,098-877-9112,15000,法人,土と石電舗通水,,R050729,35,建設業（総合）,1
47014324,知事,三和交通（株）,又吉 世哲,901-1105,島尻郡南風原町,新川４２０－６,098-889-3077,73840,法人,管,1,R030514,5,電気・設備工事,1
47008710,知事,（有）サンワ産業,前門 嘉信,901-0345,糸満市,字福地１７６,098-997-4129,5000,法人,土建と鋼水,,R070524,20,建設業（総合）,1
47010695,知事,（有）三和造園土木,仲門 保,901-0352,糸満市,字山城２０１－１,098-997-4403,3000,法人,土と石鋼舗し園水,,R060630,15,建設業（総合）,1
47005876,知事,（有）三和通信工業,兼盛 孝博,907-0024,石垣市,字新川３９９－５,0980-83-2211,3000,法人,土と石電舗通水,,R030304,35,建設業（総合）,
47013552,知事,（株）三和電気,友利 勇栄,906-0007,宮古島市,平良字東仲宗根６９３－４,0980-72-7133,10000,法人,土建と石電管舗し水消,,R050914 R061028,8,建設業（総合）,
47012386,知事,（株）三和ハウス,安慶名 広明,904-2141,沖縄市,池原５－１－１７,098-988-5325,5000,法人,建内,,R051120 R060828,12,建設業（総合）,1
47012812,知事,三和ペイント沖縄（株）,大内 芳孝,901-2132,浦添市,伊祖２－１－２,098-874-3833,7500,法人,塗,,R070821,12,塗装・防水,1
47014215,知事,（株）ジーアール,宮里 直樹,903-0118,中頭郡西原町,字小波津６２４－３,098-917-2371,2000,法人,建大屋タ内,,R021204,5,建設業（総合）,1
47009025,知事,（株）シーイー,名城 辰巳,901-2225,宜野湾市,大謝名３－１３－１１,098-942-8733,35000,法人,土と石電管鋼舗し機通水,1,R060518 R070826,20,建設業（総合）,1
47013994,知事,ジィ・エイチ・エス沖縄（株）,伊波 守,901-2226,宜野湾市,嘉数２－１４－１０,098-898-0102,10000,法人,大左石屋タ板ガ塗防内絶具,,R070605,5,塗装・防水,1
47014400,知事,（株）ＣＳＳコーポレーション,湖城 秀信,904-0103,中頭郡北谷町,字桑江５０６－１６,098-988-7811,6000,法人,管,,R030716,5,電気・設備工事,1
47011203,知事,（株）ＣＳハウジング,中本 益也,905-0018,名護市,大西１－１－１,0980-53-7236,5000,法人,土建大左と石屋タ鋼筋舗板ガ塗防内絶具水,,R040417,15,建設業（総合）,
47014282,知事,（株）ＧｎＪ,佐野 順子,904-0411,国頭郡恩納村,字恩納７２０７－１,098-962-0427,500,法人,土建大左と石屋電タ鋼舗し板ガ塗防内絶具水,,R030312 R060304,5,建設業（総合）,
47015100,知事,（株）ＣＭＳ,林 正一,904-0115,中頭郡北谷町,美浜２－６－７ ＳｅａｓｉｄｅＭａｎｓｉｏｎ＊１Ｆー１０１,098-979-8686,48000,法人,土建大左と石屋タ鋼筋舗し板ガ塗防内絶具水,1,R060329,0,建設業（総合）,1
47015326,知事,（株）ＧＬＢＢジャパン,ワトソン クレーグ,904-0112,中頭郡北谷町,字浜川２２５－１,098-894-3498,20000,法人,通,,R070411,0,電気・設備工事,1
47013457,知事,（株）Ｇエレクト,具志堅 宰,901-2225,宜野湾市,大謝名４－２３－２,090-1879-7782,5000,法人,電,,R050515,8,電気・設備工事,1
47014389,知事,（株）ＣＯＳ,波平 幸徳,904-0314,中頭郡読谷村,字古堅２８３,098-953-0175,5000,法人,土建大と石屋タ鋼舗し内水解,,R030709,5,建設業（総合）,1
47010904,知事,（有）ＣＯＴ協進,友利 正治,906-0013,宮古島市,平良字下里２０４９－９,0980-72-7949,3000,法人,電管消,,R070927,15,電気・設備工事,
47014589,知事,（株）ジイ企画,津波 衛,904-0021,沖縄市,胡屋１－１１－１５ エントピア２０２,098-975-8552,5000,法人,建,,R050530,0,建設業（総合）,1
47015372,知事,ＳＥＥＫ電総（株）,村山 大気,900-0224,豊見城市,字与根３２６－６,098-851-8939,2000,法人,建電解,,R070704,0,建設業（総合）,1
47015237,知事,シーサイドテクノ,栄野比 忍,904-0104,中頭郡北谷町,字桃原９－６,080-3940-2424,,個人,土と石鋼舗し塗水解,,R061113,0,建設業（総合）,1
47015370,知事,ＣＣＳ（株）,島袋 清人,904-2241,うるま市,字兼箇段８７６－１,098-923-3429,1000,法人,管,,R070613,0,電気・設備工事,1
47015309,知事,（合）ＧＣ企画,金城 勇貴,904-2215,うるま市,みどり町４－２０－１０ １Ｆ,080-9853-6697,1000,法人,土建大と石鋼舗し水解,,R070307,0,建設業（総合）,1
47010626,知事,（有）シーティーエス,山川 光雄,902-0078,那覇市,識名２－１５－１５,098-835-9292,10000,法人,通,,R060315,15,電気・設備工事,1
47013020,知事,（有）Ｇ・Ｔ・Ｏ,五島 雅洋,904-0115,中頭郡北谷町,美浜１－３－３,098-936-9680,10000,法人,建大左石屋タ鋼板ガ塗防内絶具,,R030802,8,建設業（総合）,1
47014876,知事,（株）椎名工業,椎名 光,904-2172,沖縄市,泡瀬３－３３－１７,080-1777-5255,1000,法人,屋板,,R050508,0,その他専門工事,1
47015255,知事,（株）Ｇ－ｎｅｘｔ,仲村渠 幸春,900-0024,那覇市,那覇市古波蔵一丁目２４番１５号,098-960-6156,3000,法人,解,,R061216,0,その他専門工事,1
47012171,知事,Ｇネットワールド（株）,新垣 智弘,903-0807,那覇市,首里久場川町１－３９－２,098-943-2265,10000,法人,通,,R041011,12,電気・設備工事,1
47011852,知事,（株）Ｇ・プランニング,具志 充,900-0031,那覇市,若狭２－７－１７,098-861-0292,1000,法人,建大屋タ内,,R071104,12,建設業（総合）,1
47015208,知事,ＣＩＭＡ（株）,島袋 直也,904-2151,沖縄市,松本３－８－５,090-6866-8296,3000,法人,建大左と石屋タ鋼筋板ガ塗防内絶具解,,R060913,0,建設業（総合）,1
47010474,知事,（有）シーマ工業,島袋 克裕,905-0205,国頭郡本部町,字山川６４３－３,0980-48-2445,3000,法人,土と石電管鋼舗し水消,,R050425,15,建設業（総合）,
47015149,知事,シーマ総合開発,島 太一,904-2156,沖縄市,美里仲原町３０－７ グレースコートＫ４０５,080-8159-1432,,個人,土と石電鋼舗し水,,R060719,0,建設業（総合）,1
47012413,知事,（株）Ｊ＆Ｓ ｉｎｔｅｒ ｎａｔｉｏｎａｌ,＊良 利雄,901-2112,浦添市,沢岻１２６３,098-877-8765,9000,法人,鋼内,,R060109 R060829,12,内装工事,1
47013139,知事,（株）Ｊ－ＷＥＬＤ,古堅 純,901-2223,宜野湾市,大山６－２６－１０－４０１号 フィールドマンション,098-898-5863,3000,法人,機,,R040124,8,電気・設備工事,1
47015217,知事,（株）ＪＳ ＷＯＲＫＳ．ＣＯ,栗原 理一,900-0024,那覇市,古波蔵３－７－２ ２０２,070-2318-6699,3000,法人,建大屋タ鋼内,,R061004,0,建設業（総合）,1
47014317,知事,Ｊ－ＳＴＡＦＦ（株）,西里 淳,907-0022,石垣市,字大川４６３,0980-87-9891,5000,法人,土と石鋼舗し水,,R030430,5,建設業（総合）,
47011730,知事,（株）ＪＰコーポレーション,長田 信人,901-1117,島尻郡南風原町,字津嘉山１３０９番地１,098-851-3851,3000,法人,建,,R070416,12,建設業（総合）,1
47014109,知事,Ｊ・Ｂｒａｎｄ（株）,久保 公紘,904-0116,中頭郡北谷町,北谷２－１９－８－１０１号室,098-962-0731,3000,法人,土建大と石屋タ鋼舗し内水解,,R020828 R030210,5,建設業（総合）,1
47013418,知事,（株）ＧＥＭＩＮＩ,比嘉 恵,901-2316,中頭郡北中城村,字安谷屋２１９１－４ ＴＡＵＲＵＳビル２Ｆ,098-988-5228,8000,法人,土建大と石屋タ鋼舗し内水解,,R050309,8,建設業（総合）,1
47014826,知事,塩川架設工業（株）,塩川 優志,906-0006,宮古島市,平良字西仲宗根１５８７－３,090-4612-0005,1000,法人,とガ解,,R050210,0,その他専門工事,
47008247,知事,（有）シオカワ建設,塩川 博志,901-2126,浦添市,宮城４－５－５Ｓマンション５Ｆ,098-878-3889,10000,法人,土建と石管鋼舗し水,,R040628,20,建設業（総合）,1
47012323,知事,（有）塩川工業,塩川 聡史,904-2242,うるま市,高江州９６９－２,098-973-1590,3000,法人,土と石管鋼舗し水,,R050717,12,建設業（総合）,1
47005397,知事,（有）塩川電気,塩川 實隆,903-0111,中頭郡西原町,字与那城２７７－９,098-945-2875,9950,法人,電,,R050625,35,電気・設備工事,1
47015317,知事,志喜組,比嘉 大志,905-0023,名護市,字数久田５９１－５,0980-52-1578,,個人,土大,,R070314 R070527,0,建設業（総合）,
47013459,知事,（株）四季彩ペイント,島袋 篤,901-0152,那覇市,小禄１－２１－２５ １Ｆ,098-916-8430,10000,法人,建大左と石屋タ鋼筋板ガ塗防内絶具,,R050515 R060417,8,建設業（総合）,1
47013233,知事,（株）しき設計,伊敷 明美,901-0225,豊見城市,豊崎１－３４１,098-840-2550,6000,法人,土建と石鋼舗し水,,R040629,8,建設業（総合）,1
47011088,知事,（有）識名,嘉数 勲,902-0078,那覇市,識名２－１５－３,098-854-0733,10000,法人,土と石鋼舗し水,,R030613,15,建設業（総合）,1
47008970,知事,（有）志喜屋組,志喜屋 文弘,904-2155,沖縄市,美原４－１０－１,098-934-9255,5000,法人,土と石鋼舗し水,,R030618,20,建設業（総合）,1
47012373,知事,繁雄組,神里 靖,900-0024,那覇市,古波蔵４－３－１５,098-834-5558,,個人,建大,,R051021,12,建設業（総合）,1
47013040,知事,（株）しげ組,前原 茂信,901-0325,糸満市,字大里２０２４,098-851-4371,3000,法人,大,,R060815,8,その他専門工事,1
47014110,知事,成鉄筋,吉田 匡成,901-1405,南城市,佐敷字仲伊保２７７,080-1013-6749,,個人,筋,,R070828,5,その他専門工事,1
47000993,知事,重信電気工事（株）,長嶺 禎,904-0012,沖縄市,安慶田１－２４－３１,098-937-2534,20000,法人,電,1,R070713,35,電気・設備工事,1
47009396,知事,（有）繁久産業,比嘉 勝弘,904-0314,中頭郡読谷村,字古堅９７５－２,098-957-3064,25000,法人,土建と石管鋼舗し塗水解,1,R061202,20,建設業（総合）,1
47003187,知事,（株）重村組,重村 諭,904-0004,沖縄市,中央３－２５－５,098-934-1054,10000,法人,土と石舗水解,,R070819,35,建設業（総合）,1
47000091,知事,（有）紫光園,安村 凱英,905-0005,名護市,字為又４７９－１１,0980-52-2008,28000,法人,土と石鋼舗し塗園水,1,R021130,35,建設業（総合）,
47010642,知事,（有）システム・エヌ,名嘉 正佳,900-0025,那覇市,壺川２－８－７,098-834-6263,3000,法人,電内,,R060326,15,電気・設備工事,1
47010863,知事,システム企画（有）,宮良 高嗣,903-0118,中頭郡西原町,字小波津６２５－１８,098-944-1576,5000,法人,土と石管鋼舗し水,,R070728,15,建設業（総合）,1
47007327,知事,（有）システム技研,新垣 聡,904-2245,うるま市,字赤道４６１－２０,098-973-3968,20000,法人,電,,R070319,28,電気・設備工事,1
47002674,知事,（有）システム協栄,崎濱 みゆき,901-2133,浦添市,城間４－２－２,098-956-3939,9000,法人,土と石電鋼舗通水,,R040807,35,建設業（総合）,1
47008256,知事,（有）システム設備,新里 等,904-2225,うるま市,字喜屋武１９－１,098-979-0422,3000,法人,土と管水,,R030614,20,建設業（総合）,1
47011314,知事,（有）システム光,上原 利幸,903-0814,那覇市,首里崎山町４－１９６,098-880-9536,3000,法人,土と石電管鋼舗し通水解,,R041026 R061223,12,建設業（総合）,1
47011862,知事,（株）システム日高,日高 美江子,901-2216,宜野湾市,字佐真下６６－４,098-897-4578,6000,法人,電機通,,R021125,12,電気・設備工事,1
47015282,知事,七神電材（株）,大城 信二,902-0078,那覇市,識名３－１０－１１,098-855-5305,100,法人,電,,R070130,0,電気・設備工事,1
47006051,知事,（株）漆芸工房,諸見 由則,903-0804,那覇市,首里石嶺町４－８８ ２階,098-884-3135,10000,法人,塗防内具,,R030810,28,塗装・防水,1
47008634,知事,（有）室内装飾みやぎ,宮城 敦,901-2114,浦添市,安波茶２－１８－１０,098-879-4506,4000,法人,建大左石屋タ板ガ塗防内絶具,,R041206,20,建設業（総合）,1
47004629,知事,（有）実盛組,与儀 春美,904-1201,国頭郡金武町,字金武４３５８－１２,098-968-8140,15000,法人,土建と石鋼舗し塗水解,,R040628,35,建設業（総合）,
47001825,知事,（株）紫電舎,新城 永一郎,907-0002,石垣市,字真栄里３７５－８,0980-82-4811,20000,法人,土と石電管鋼舗し塗水,1,R051212,35,建設業（総合）,
47013696,知事,志羽設備工業,羽地 俊朗,901-2311,中頭郡北中城村,字喜舎場２７７－１,098-923-1162,,個人,管,,R060531,8,電気・設備工事,1
47012855,知事,（株）地盤開発,宇良 一成,902-0061,那覇市,古島１－１－１５,098-835-5330,15000,法人,土と石鋼舗し塗水,,R021106,12,建設業（総合）,1
47015457,知事,しま企画,島尻 力雄,904-2222,うるま市,字上江洲９４１－６,098-995-7930,,個人,左,,R070926,0,その他専門工事,1
47012508,知事,（有）嶋建設,有嶋 清幸,901-0153,那覇市,宇栄原３－３４－３２,098-857-8844,3000,法人,建大左と石屋タ鋼筋板ガ塗防内絶具,,R060526,12,建設業（総合）,1
47013889,知事,島工業,島袋 広幸,904-2174,沖縄市,与儀１－２－１４,098-932-5719,,個人,土と舗,,R070207,5,建設業（総合）,1
47012412,知事,島幸建設（株）,島袋 幸作,905-0501,国頭郡伊江村,字東江上３３３,0980-49-3176,10000,法人,土建と石鋼舗塗園水解,,R051226,12,建設業（総合）,
47014229,知事,（有）島三産業,島尻 正平,906-0501,宮古島市,伊良部字前里添３５８－１,0980-78-3335,30000,法人,管,,R021225,5,電気・設備工事,
47008271,知事,志真志鉄筋工業,比嘉 盛一,901-2214,宜野湾市,我如古２－１６－２,098-897-1437,,個人,筋,,R030622,20,その他専門工事,1
47011092,知事,（合）島尻ガラス,島尻 範三,906-0012,宮古島市,平良字西里９３５－３８,0980-72-8103,3000,法人,ガ,,R060901,15,その他専門工事,
47000198,知事,（有）島尻組,島尻 久美,906-0013,宮古島市,平良字下里１０７６－３,0980-72-6922,25000,法人,土建と石舗水解,,R070403,35,建設業（総合）,
47007633,知事,（有）島尻組,島尻 勝信,901-2101,浦添市,西原６－５－１,098-944-6404,5000,法人,と,,R030910,28,その他専門工事,1
47000766,知事,（有）島尻建設,島尻 健二,906-0504,宮古島市,伊良部字仲地１１９,0980-78-3105,10000,法人,土建と石管舗し水,,R070525,35,建設業（総合）,
47007525,知事,（有）島設備,島袋 恭太,904-0101,中頭郡北谷町,字上勢頭５２７－１,098-935-2422,20000,法人,土と石管鋼舗水,1,R060301,28,建設業（総合）,1
47004924,知事,（有）島通信設備,島袋 憲,904-2162,沖縄市,海邦１－１７－１９,098-929-0055,5000,法人,通,,R030928,35,電気・設備工事,1
47010752,知事,（有）島電気,島袋 敬一,904-2233,うるま市,字豊原３２４－１,098-974-0118,3000,法人,電消,,R060813,15,電気・設備工事,1
47012283,知事,島電設（株）,與那城 正幸,904-1201,国頭郡金武町,字金武４０３－２,098-968-6571,8000,法人,土建大と石屋電管タ鋼舗し内水解,,R050521,12,建設業（総合）,
47010397,知事,（株）シマトミ,島尻 富雄,906-0013,宮古島市,平良字下里１３８２－５,0980-73-6788,3000,法人,電通,,R041111,15,電気・設備工事,
47010945,知事,（株）島仲建設,島袋 壽雄,901-2224,宜野湾市,真志喜１－２２－１３,098-897-7352,20000,法人,土建大と石屋タ鋼舗し内水,1,R021128,15,建設業（総合）,1
47004214,知事,（資）島弘水道土木,島袋 忠弘,905-0023,名護市,字数久田２８７,0980-52-4593,2000,法人,土と石管舗水,,R070722,35,建設業（総合）,
47012809,知事,（株）島袋工業,島袋 茂雄,904-0001,沖縄市,越来３－２２－６,098-923-0591,30000,法人,土建大左と石屋タ鋼筋舗し板ガ塗防内絶具水解,1,R051222,12,建設業（総合）,1
47010680,知事,（有）島袋海運,島袋 智子,900-0001,宜野湾市,真栄原２－２－１ ラフォンテＵＫ＊４－４０２,098-868-5098,3000,法人,土と石舗し水,,R060610,15,建設業（総合）,1
47012302,知事,（株）島袋開発,島袋 勝,901-2424,中頭郡中城村,字南上原１－４,098-895-2636,7000,法人,土と石管鋼舗し水解,,R050627,12,建設業（総合）,1
47010850,知事,（有）島袋瓦工場,島袋 義一,901-1302,島尻郡与那原町,字上与那原４９４－１,098-945-2607,5000,法人,屋,,R070708,15,その他専門工事,1
47014264,知事,島袋組,島袋 祐一,905-0011,名護市,宮里４－１１－１４,0980-53-1377,,個人,大,,R030219,5,その他専門工事,
47014949,知事,島袋工業,島袋 翼,901-0401,島尻郡八重瀬町,字東風平１３９６－６,098-998-4927,,個人,と解,,R050728,0,その他専門工事,1
47015034,知事,島袋工業,島袋 光治,901-2306,中頭郡北中城村,字ライカム５７３ カーマライカム２０１,090-6858-7040,,個人,と解,,R051228,0,その他専門工事,1
47014381,知事,島袋工業所,島袋 久,905-1142,名護市,字稲嶺９５３,0980-58-1759,,個人,土建大と石タ鋼筋舗水,,R030709,5,建設業（総合）,
47013662,知事,島袋電設,島袋 茂明,905-0503,国頭郡伊江村,字川平１７７,0980-49-2088,,個人,電管,,R060412,8,電気・設備工事,
47000861,知事,（有）島政建設,島袋 政春,905-0421,国頭郡今帰仁村,字越地３５８－１,0980-56-2746,40000,法人,土建と石鋼舗し塗水,,R051120,35,建設業（総合）,
47014257,知事,島元工業,島元 猛,904-2245,うるま市,字赤道７５３ ２Ｆ,090-8406-7668,,個人,防,,R030205,5,塗装・防水,1
47008807,知事,島元左官工業,島元 常盛,904-2245,うるま市,赤道７５４－１,098-923-1315,,個人,左,,R070824,20,その他専門工事,1
47010815,知事,（有）島八工業所,島袋 朝伸,903-0104,中頭郡西原町,字兼久１６２－３,098-882-8615,5000,法人,管板塗防絶,,R070428,15,電気・設備工事,1
47009500,知事,（株）ジムキ文明堂,照屋 斉,900-0033,那覇市,久米２－４－１４,098-877-1125,45000,法人,建大屋タ内,,R050827,20,建設業（総合）,1
47000600,知事,（株）下崎建設,下地 哲也,906-0013,宮古島市,平良字下里１２８６－３,0980-72-3609,20000,法人,土建と石管舗水解,1,R040606 R040921,35,建設業（総合）,
47000539,知事,（株）下崎工事社,狩俣 榮吉,906-0007,宮古島市,平良字東仲宗根４９６－１８,0980-72-8601,40000,法人,土と石電管舗し通水消,1,R070131,35,建設業（総合）,
47013337,知事,下地クレーン工業,下地 敏明,906-0006,宮古島市,平良字西仲宗根１５４６－１,0980-73-8133,,個人,土と石鋼舗し水,,R041018,8,建設業（総合）,
47001903,知事,（株）下地建設,赤堀 綾子,901-2114,浦添市,安波茶１－５４－１３,098-877-9027,20000,法人,建大屋鋼内,,R031122,35,建設業（総合）,1
47004247,知事,下地建設,下地 哲雄,906-0505,宮古島市,伊良部字国仲５８０－１０,0980-78-3539,,個人,建内,,R020703,35,建設業（総合）,
47010129,知事,下地建装,下地 寛正,906-0008,宮古島市,平良字荷川取４５２－５,0980-73-4024,,個人,建,,R030709,15,建設業（総合）,
47004854,知事,下地左官工業所,下地 健,902-0068,那覇市,真嘉比三丁目３－９,098-886-5215,,個人,左,,R031223,35,その他専門工事,1
47005932,知事,下地島空港施設（株）,国仲 政人,906-0507,宮古島市,伊良部字佐和田１７２７,0980-78-4816,495000,法人,土建大左と石屋電管タ鋼筋舗し板ガ塗防内絶園具水消,1,R060803,35,建設業（総合）,
47002428,知事,（資）下地土建,知念 功厳,906-0601,宮古郡多良間村,字塩川２７８－２,0980-79-2281,25000,法人,土と石電鋼舗し塗水,1,R021220,35,建設業（総合）,
47012526,知事,下地ペイント工事社,下地 吉人,906-0006,宮古島市,平良字西仲宗根６６３－６,0980-72-1389,,個人,塗,,R060618,12,塗装・防水,
47015028,知事,（株）下中テック,下地 嵩介,906-0007,宮古島市,平良字東仲宗根９０４－１,090-1949-4710,5000,法人,土と石鋼舗し水,,R051222,0,建設業（総合）,
47012548,知事,Ｊａｒｄａｎ（株）,伊禮 勝弐,901-2224,宜野湾市,真志喜５－３－８,098-943-8361,3000,法人,電通,,R060728,12,電気・設備工事,1
47014662,知事,（株）シャーネット,池山 哲矢,901-2103,浦添市,仲間１－１０－５,098-870-1200,1500,法人,屋鋼,,R040624,0,その他専門工事,1
47012940,知事,（株）ジャストリフォーム,中村 憲,904-2164,沖縄市,桃原２－１－１５,098-989-7611,5000,法人,建塗防内具,,R030419,8,建設業（総合）,1
47015345,知事,シャッターズ沖縄,久貝 竜一,902-0071,那覇市,繁多川５－２０－３,098-840-0123,,個人,具,,R070509,0,その他専門工事,1
47004120,知事,（資）謝名ハウジングサービス,作田 敏行,901-2225,宜野湾市,大謝名２－２－２４,098-898-6007,3000,法人,大,,R070518,35,その他専門工事,1
47002629,知事,（株）謝花組,謝花 一,901-1204,南城市,大里字稲嶺９３３－１、２Ｆ,098-943-1565,23000,法人,土建大左と石屋タ鋼筋舗し板ガ塗防内絶具水解,1,R061004,35,建設業（総合）,1
47014922,知事,謝花工業,謝花 守,903-0826,那覇市,首里寒川町１－３５－５,098-917-4577,,個人,左,,R050622,0,その他専門工事,1
47012492,知事,謝花電化堂,謝花 良啓,904-1106,うるま市,石川２－１８－１１,098-965-5436,,個人,電,,R060501,12,電気・設備工事,1
47013715,知事,ＪＡＰＡＮ建設（株）,翁長 秀樹,901-2104,浦添市,当山２－４０－６－２,098-874-8080,5000,法人,土と石鋼舗し塗園水,,R060624,5,建設業（総合）,1
47012923,知事,（株）秀栄興業,砂川 秀紀,906-0012,宮古島市,平良字西里１８７６－１２,0980-72-4805,3000,法人,土建と石鋼舗水,,R030314,8,建設業（総合）,
47007621,知事,（株）重建,比嘉 真也,903-0801,那覇市,首里末吉町４－２－２３－１階,098-888-3885,35000,法人,土建と石鋼舗し塗水解,1,R061010,28,建設業（総合）,1
47009458,知事,住建,金城 勝男,901-0211,豊見城市,字饒波７１－７,090-1949-2772,,個人,塗,,R050624,20,塗装・防水,1
47011798,知事,（有）住建企画,高江洲 昌子,904-0203,中頭郡嘉手納町,字嘉手納４４８－７,098-957-2272,3000,法人,建大左石屋タ板ガ塗防内絶具,,R070727,12,建設業（総合）,1
47008979,知事,（株）秀建工業,崎濱 秀昭,901-1104,島尻郡南風原町,字宮平３４２－４,098-888-0150,10000,法人,土建大左と石屋管タ鋼筋舗板ガ塗防内絶具水,,R030516 R050104,20,建設業（総合）,1
47013522,知事,（株）住建塗装企画,比嘉 一昭,905-0011,名護市,宮里５－８１７－１,0980-52-6844,5000,法人,建大左と石屋タ鋼筋板ガ塗防内絶具解,,R050328 R070516,8,建設業（総合）,
47014470,知事,宗工業,島袋 宗広,904-2166,沖縄市,古謝津嘉山町３８－９,098-939-4133,,個人,と,,R030924,0,その他専門工事,1
47015182,知事,（株）秀施工,石川 和秀,903-0804,那覇市,首里石嶺町４－１５８－２,098-953-6889,3000,法人,管,,R060823,0,電気・設備工事,1
47013583,知事,（有）住設,大城 健,901-2413,中頭郡中城村,字津覇２１６,098-942-3377,50,法人,と管,,R051116,8,電気・設備工事,1
47013645,知事,（株）十全技研,山城 保幸,904-1111,うるま市,石川東恩納４１,098-964-5407,1000,法人,管,,R060314,8,電気・設備工事,1
47012265,知事,（有）住宅管理社,仲宗根 守英,901-0302,糸満市,字潮平７６９－１,098-992-0002,5000,法人,建,,R050417,12,建設業（総合）,1
47009556,知事,（株）住太郎ホーム,高宮城 實正,900-0012,那覇市,泊２－１５－９,098-943-5077,48000,法人,土建大と石屋タ鋼舗し内水,1,R040613,20,建設業（総合）,1
47013036,知事,（株）シュウデン,石川 修,901-2215,宜野湾市,真栄原３－３７－９ ベースサイド真栄原２０１号室,098-870-2805,2000,法人,電消,,R030822,8,電気・設備工事,1
47011358,知事,秀電工,仲座 秀美,901-0403,島尻郡八重瀬町,字世名城５４－３,098-998-6732,,個人,電,,R050423,12,電気・設備工事,1
47011960,知事,（株）樹榮,砂川 勇樹,906-0015,宮古島市,平良字久貝１０４７－４６,0980-73-1041,5000,法人,土と石管鋼舗し園水,,R030630,12,建設業（総合）,
47011066,知事,（有）樹德苑,玉城 博德,901-1413,南城市,佐敷字小谷７４２－１,098-947-3936,8000,法人,土建と石管鋼舗し塗園水解,,R030325,15,建設業（総合）,1
47012399,知事,（株）首里組,首里 恒夫,904-2213,うるま市,田場９９０－３,098-973-5683,5000,法人,と,,R051209,12,その他専門工事,1
47011931,知事,首里建装,新垣 盛明,903-0801,那覇市,首里末吉町２－９８－１,098-885-4605,,個人,大左石屋タ板ガ塗防内絶具,,R030502,12,塗装・防水,1
47007847,知事,（有）首里土木,高良 忠良,903-0815,那覇市,首里金城町４－９－３,098-885-4575,10000,法人,土と石管鋼舗し水,,R040618,28,建設業（総合）,1
47010133,知事,（株）守礼興業,安里 英明,903-0118,中頭郡西原町,字小波津６４８－１,098-962-9968,10000,法人,建タ,,R030404,15,建設業（総合）,1
47011620,知事,（株）守礼工業,仲村渠 守,904-2163,沖縄市,大里１－１６－４３,098-923-1704,10000,法人,と,,R061020,12,その他専門工事,1
47011050,知事,守礼シャッタ－サ－ビス,宇根 導,902-0063,那覇市,三原１－１４－１０,098-836-1147,,個人,電具,,R030605,15,電気・設備工事,1
47011680,知事,（株）ジュンカン,臼井 淳一郎,902-0078,那覇市,識名３－２２－２７－２階,098-996-4145,10000,法人,土と,,R060602,12,建設業（総合）,1
47013821,知事,隼工業,平田 幸光,904-2172,沖縄市,泡瀬１－２３－５ １階,098-927-2144,,個人,と解,,R061105,5,その他専門工事,1
47014008,知事,（株）純設備,豊里 純也,905-0019,名護市,大北４－４６４７－１,0980-53-7980,1000,法人,管,,R070619,5,電気・設備工事,
47014375,知事,（株）Ｊｏｙ Ａｓｓｉｓｔ,宮里 千亜紀,904-2215,うるま市,みどり町２－１７－１４－２階,090-9408-9237,5000,法人,建,,R030625,5,建設業（総合）,1
47014179,知事,（株）ジョイハウス,安谷屋 洋一,901-2213,宜野湾市,志真志４－１５－６,098-898-9300,30000,法人,大左石屋タ板ガ塗防内絶具,,R021026,5,塗装・防水,1
47008261,知事,（株）ジョイント,比嘉 忠男,901-2224,宜野湾市,真志喜３－１７－１２,098-897-8001,35000,法人,建大屋タ内,,R070619,20,建設業（総合）,1
47010451,知事,（有）ジョイントクルー,金城 学,901-2226,宜野湾市,嘉数１－１３－１０,098-899-1510,20000,法人,建大屋タ内,,R050226,15,建設業（総合）,1
47012420,知事,（株）ショウ,玉城 ひとみ,904-2162,沖縄市,海邦２－２－８,098-962-8351,5000,法人,土と石鋼舗し水,,R060117,12,建設業（総合）,1
47011796,知事,昇栄工業,砂川 忠彦,901-2112,浦添市,沢岻２－１１－１５,098-875-3040,,個人,機,,R020722,12,電気・設備工事,1
47014592,知事,（合）翔栄工業,前伊 栄治,901-0512,島尻郡八重瀬町,字具志頭１１７１,098-998-0526,5000,法人,筋,,R040331,0,その他専門工事,1
47010055,知事,（有）ショウエイ産業,松原 英雄,901-1302,島尻郡与那原町,字上与那原３４４－２,098-944-5882,3000,法人,土と石鋼舗し水解,,R030417,15,建設業（総合）,1
47013612,知事,省エネニューシステム（株）,當銘 英仁,902-0072,那覇市,字真地３８８－６,098-851-4407,9000,法人,電,,R051227,8,電気・設備工事,1
47011751,知事,（株）上エンジニアリング,上原 一信,901-2401,中頭郡中城村,字久場１５－１１,098-988-9345,5000,法人,土と石電管鋼舗し機水解,,R070519,12,建設業（総合）,1
47012937,知事,（株）翔開発,眞壁 誠,904-2151,沖縄市,松本３－１－２０,098-961-1130,2000,法人,土建大左と石屋管タ鋼筋舗し板ガ塗防内絶具水解,,R031014,8,建設業（総合）,1
47015272,知事,（株）将開発,田仲 康一,902-0064,那覇市,寄宮１－１７－１３,098-834-4625,10000,法人,土管舗水,,R070110,0,建設業（総合）,1
47009507,知事,（有）匠建,安里 成邦,901-0313,糸満市,字賀数２２５－１,098-995-4979,3500,法人,土建大と石屋タ鋼舗し塗内水,,R070905,20,建設業（総合）,1
47011968,知事,（株）尚建,仲尾 賢,904-2155,沖縄市,美原３－７－１,098-989-0107,5000,法人,土建大と石屋タ鋼舗し内水,,R030721,12,建設業（総合）,1
47015187,知事,（株）尚建,小川 雅史,901-0202,豊見城市,嘉数１３４－３,098-996-2425,4500,法人,防,,R060830,0,塗装・防水,1
47008890,知事,（株）城建,入稲福 了,902-0078,那覇市,識名３－１４－１,098-831-9202,20000,法人,土建大左と石屋タ鋼筋舗し板ガ塗防内絶具水解,1,R021130 R040708,20,建設業（総合）,1
47011136,知事,昭建工業,東風平 朝順,902-0072,那覇市,字真地２６３,098-833-6055,,個人,鋼,,R031020,15,その他専門工事,1
47009338,知事,（有）尚建設,志良堂 里美,904-2224,うるま市,字大田３２１,098-974-9039,35000,法人,土建大左と石屋タ鋼筋舗し板ガ塗防内絶具水解,1,R070424,20,建設業（総合）,1
47010707,知事,城建設工業,金城 辰也,902-0064,那覇市,寄宮２－３０－５５,098-831-7853,,個人,建大屋タ内,,R060729,15,建設業（総合）,1
47009708,知事,上浩企画,上原 浩,901-0152,那覇市,小禄２－８－１３,098-858-6870,,個人,建大とタ鋼筋,,R060817,20,建設業（総合）,1
47014829,知事,（有）尚コントリビューション,菊池 信夫,901-2224,宜野湾市,真志喜２－７－１１－１０２ メゾントータス,098-899-2375,10000,法人,管,,R050224,0,電気・設備工事,1
47014076,知事,翔左官工業,譜久村 翔太,904-0203,中頭郡嘉手納町,嘉手納２８５ 古堅北１階 国映アパート,090-6425-6685,,個人,左,,R070731,5,その他専門工事,1
47014914,知事,ＳＨＯＪＩ,宮里 正二,904-2311,うるま市,勝連南風原４０４１－１,098-911-9372,,個人,管,,R050616,0,電気・設備工事,1
47013257,知事,城次（株）,大城 裕次,904-2162,沖縄市,海邦２－２６－３０,098-953-2631,2000,法人,塗,,R051015,8,塗装・防水,1
47015101,知事,翔神,神谷 正昭,901-0302,糸満市,字潮平７５７－１４,098-992-7771,,個人,鋼,,R060405,0,その他専門工事,1
47013146,知事,（株）城心組,金城 圭介,904-2153,沖縄市,美里４－１６－３,098-989-4220,5000,法人,建大屋タ内,,R040206,8,建設業（総合）,1
47002965,知事,（有）尚伸電工,村田 八重美,904-0204,中頭郡嘉手納町,字水釜３８９－７,098-956-1694,20000,法人,土建と電管鋼舗し塗通水解,1,R051010 R060318,35,建設業（総合）,1
47010295,知事,照進電設,砂川 照雄,901-2133,浦添市,字大平３８７－１,098-875-6691,,個人,電,,R040423,15,電気・設備工事,1
47014786,知事,（株）尚成,島袋 哲二,901-2122,浦添市,勢理客３－３－１３,098-876-0629,500,法人,土建と石鋼舗し水解,,R041216,0,建設業（総合）,1
47014602,知事,（株）正關,伊禮 亜妃恵,901-0156,那覇市,田原１－１７－８ サンステージ田原２０３,098-988-8280,45000,法人,建大左と石屋タ鋼筋板ガ塗防内絶具,,R040408,0,建設業（総合）,1
47004945,知事,（有）向設備,亀山 聖子,904-0402,国頭郡恩納村,字安富祖８８８－１,098-967-8277,20000,法人,土と石電管鋼舗し塗水消,1,R070307,35,建設業（総合）,
47008769,知事,（有）翔設備,我喜屋 武,904-2311,うるま市,勝連南風原５１９３－５４,098-923-2967,20000,法人,土と石管鋼舗し水,1,R060803,20,建設業（総合）,1
47009705,知事,（有）正太郎組,内原 正克,907-0004,石垣市,字登野城３１９－５,0980-88-7538,5000,法人,土建と石鋼舗し塗水,,R060810,20,建設業（総合）,
47013379,知事,（株）城知,城間 健次,901-1112,島尻郡南風原町,字本部４３４－１４－１Ｆ,090-7587-3492,5000,法人,土と石鋼舗し水,,R041222,8,建設業（総合）,1
47014624,知事,将鉄筋工業,知念 克彦,901-1206,南城市,大里仲間１０７１－１４ １０２,098-975-7562,,個人,筋,,R040502,0,その他専門工事,1
47014706,知事,（資）昭電開発,山内 勝,904-2244,うるま市,字江洲６７－１４,098-979-0538,1000,法人,電管鋼,,R040819,0,電気・設備工事,1
47008151,知事,（有）昭電工業,砂川 一晃,907-0023,石垣市,字石垣１７３３－１５,0980-82-7697,21000,法人,土と石電管舗水,1,R041206,20,建設業（総合）,
47009457,知事,（有）照電社,仲間 博明,903-0826,那覇市,首里寒川町２－６０ ２Ｆ,098-886-3223,10000,法人,土と石電管鋼舗し水消解,,R040609,20,建設業（総合）,1
47013877,知事,（株）翔徳組,徳原 翔也,904-2212,うるま市,字赤野７６４－１,098-989-4822,5000,法人,と,,R070124,5,その他専門工事,1
47011646,知事,（株）翔南建設,友利 勝人,906-0013,宮古島市,平良字下里１３１４,0980-72-6527,35000,法人,土建大と石管鋼舗園水解,1,R070221,12,建設業（総合）,
47012168,知事,（株）勝南建設,砂川 勝典,901-0211,豊見城市,字饒波４２６－１,098-840-6338,5000,法人,土建と石鋼舗し水,,R041003,12,建設業（総合）,1
47010023,知事,（株）翔南工業,濱元 靖,901-2134,浦添市,字港川２８１－２７,098-878-7545,38000,法人,土建と石電管鋼舗し塗機水解,1,R030105,15,建設業（総合）,1
47011218,知事,上南工業,上間 政宏,902-0077,那覇市,長田１－１５－８ アーバンパレット那覇長田４０３,098-836-1884,,個人,と,,R040507,15,その他専門工事,1
47014045,知事,（株）情熱集団,玉城 勝也,903-0117,中頭郡西原町,翁長５９４ ２－Ｂ,098-943-7886,7770,法人,建大屋タ内,,R070710,5,建設業（総合）,1
47011006,知事,（有）昭之,砂川 佳昭,901-0202,豊見城市,字嘉数５５４－４,098-850-3751,3000,法人,土建と石管鋼舗し水解,,R030328,15,建設業（総合）,1
47014688,知事,（株）昇生建設,崎原 千紗,906-0201,宮古島市,上野字野原１１３６－２,0980-79-6777,5000,法人,土建と石鋼舗し園水,,R040722 R060523,0,建設業（総合）,
47015077,知事,（株）常武電気工業,上地 和美,906-0015,宮古島市,平良字久貝１０２８－２,0980-79-9971,1300,法人,電,,R060301,0,電気・設備工事,
47004627,知事,尚平工業（株）,平良 明子,901-0146,那覇市,具志３－１７－７,098-857-8851,49000,法人,土と石管鋼舗し塗機水解,1,R060501,35,建設業（総合）,1
47012139,知事,（株）翔邦建設工業,松岡 倫子,906-0015,宮古島市,平良字久貝１０３０－６,0980-72-7482,8000,法人,土と石電管鋼舗し水,,R040807,12,建設業（総合）,
47014335,知事,（株）尚洋,前川 洋平,905-0604,島尻郡伊是名村,字仲田３３２,0980-50-7580,50,法人,土と石電鋼舗し水,,R030521,5,建設業（総合）,
47005092,知事,昭和化学工業（株）,屋嘉比 康則,904-2201,うるま市,字昆布１４５５,098-972-6611,91500,法人,土と石管舗機水,,R040320,35,建設業（総合）,1
47012859,知事,（有）昭和ガス,亀山 勝雄,903-0805,那覇市,首里鳥堀町４－７５－４,098-862-4856,5000,法人,管,,R021106,12,電気・設備工事,1
47006557,知事,昭和技研（有）,松岡 啓,901-2103,浦添市,仲間１－１２－７,098-874-5581,20000,法人,土と石電鋼舗塗園水,,R031225,28,建設業（総合）,1
47013652,知事,（有）昭和建設工業,平井 才己,906-0012,宮古島市,平良字西里１５６８－１,0980-72-2641,48190,法人,と,,R060329,8,その他専門工事,
47012270,知事,（有）昭和興業,結城 和昭,901-2215,宜野湾市,真栄原２－５－１－２０１,098-894-9561,3000,法人,土建大左と石屋管タ鋼筋舗し板ガ塗防内絶具水解,,R050308,12,建設業（総合）,1
47000252,知事,（株）尚輪興建,下地 喜広,902-0072,那覇市,字真地４２１－１５,098-834-9736,70000,法人,土建大と石鋼舗し水解,1,R050108,35,建設業（総合）,1
47011210,知事,（有）昭和事務機社,村吉 政光,904-1111,うるま市,石川東恩納１１３０－２７,098-965-0494,5000,法人,内,,R040424,15,内装工事,1
47006637,知事,（有）昭和住建,玉城 臣一,901-2103,浦添市,仲間３－１－２,098-876-1343,10000,法人,土建大と石舗水,,R030730,28,建設業（総合）,1
47005554,知事,（株）昭和制作,赤嶺 竜司,901-0145,那覇市,高良３－１２－２５,098-857-0941,10000,法人,大とタ鋼筋内,,R030305,35,内装工事,1
47013462,知事,（株）昭和設備,下地 昭男,901-2126,浦添市,宮城４－１８－１４,098-879-8621,1000,法人,管,,R050521,8,電気・設備工事,1
47012664,知事,（有）昭和厨房設備,西銘 佳太,901-2114,浦添市,安波茶１－３１－６ 宮里ビル２０６,098-943-3260,20000,法人,建大屋管タ板内,1,R070205 R070328,12,建設業（総合）,1
47006681,知事,昭和ドア（有）,上原 勇,901-0152,那覇市,小禄１－１－１８,098-857-2609,5000,法人,土建大左と石屋タ鋼筋舗し板ガ塗防内絶具水解,,R070413,28,建設業（総合）,1
47013549,知事,（株）ＪＯＳＨＩＮ,德里 隆行,904-0104,中頭郡北谷町,字桃原５－７ 比嘉アパート２０３,098-926-0278,5000,法人,土建大左と石屋タ鋼筋舗し板ガ塗防内絶具水解,,R050907 R060529,8,建設業（総合）,1
47015073,知事,（合）門和,塩川 隆行,901-0156,那覇市,田原３－６－１小禄市営住宅８－６０１,090-8292-1545,1000,法人,土建と石鋼舗水,,R060222,0,建設業（総合）,1
47009142,知事,（有）殖伸建設,登川 節子,904-2231,うるま市,字塩屋５０９－１１,098-974-8860,40000,法人,土建大と石屋タ鋼舗し内水解,1,R030719,20,建設業（総合）,1
47009418,知事,（株）白石,白石 武之,900-0036,那覇市,西１－１９－１,098-867-4614,41500,法人,管,,R050421,20,電気・設備工事,1
47012552,知事,白川工務店,金城 睦数,905-0213,国頭郡本部町,字谷茶１７,0980-47-2770,,個人,建大屋タ内,,R060728,12,建設業（総合）,
47010172,知事,志良堂土建,志良堂 清一,901-0361,糸満市,字糸満１６３９－１,098-992-0740,,個人,土と石鋼舗水,,R030917,15,建設業（総合）,1
47014475,知事,（合）城圧,城間 大輔,901-1112,島尻郡南風原町,字本部４８７－１カステーログランデ１０２,098-800-2645,300,法人,筋,,R031001,0,その他専門工事,1
47014422,知事,（有）城圧送,城間 伸,901-1205,南城市,大里字高平１３１－４,098-945-6049,3000,法人,と,,R030820,0,その他専門工事,1
47013530,知事,（株）城岩興業,城間 邦彦,904-2143,沖縄市,知花４－３２－１１,098-989-3410,1000,法人,土と石鋼舗し水,,R050813,8,建設業（総合）,1
47009220,知事,（有）城園芸,金城 克也,904-2241,うるま市,字兼箇段１５５７－２,098-974-3435,5000,法人,土と石舗園水,,R040430,20,建設業（総合）,1
47014163,知事,城型枠,金城 一,900-0013,那覇市,牧志２－１９－１ ２階,098-866-9675,,個人,大,,R021009,5,その他専門工事,1
47014226,知事,（株）白金,下地 隼人,906-0015,宮古島市,平良字久貝７２１－１６ＧＬＡＮＺ白金ビル２－Ａ,0980-75-5350,20000,法人,土建と管舗水,1,R061021,5,建設業（総合）,
47014628,知事,（株）城憲,城間 憲也,901-2423,中頭郡中城村,字北上原８９２－３,098-917-1451,10000,法人,土と石鋼舗し水,,R040520,0,建設業（総合）,1
47015128,知事,（株）シロ建,城間 潤一朗,900-0037,那覇市,辻２－１１－３ １Ｆ,098-879-0557,5000,法人,建大屋タ内解,,R060510 R070310,0,建設業（総合）,1
47013439,知事,（株）城建工業,城間 建次郎,902-0062,那覇市,松川１－１０－２,098-831-7391,8000,法人,と解,,R050418,8,その他専門工事,1
47009460,知事,（合）城建設,山城 春男,901-0343,糸満市,字南波平６０－１,098-997-2855,1000,法人,土建大と石屋タ舗し内水,,R041023,20,建設業（総合）,1
47014860,知事,（株）城設備,城間 健一郎,903-0117,中頭郡西原町,字翁長１６１ ３Ｆ,098-917-5649,3500,法人,管,,R050421,0,電気・設備工事,1
47013014,知事,（株）城田設備,城田 盛政,901-1207,南城市,大里字古堅６９０,098-882-9337,1000,法人,土と石管鋼舗水解,,R030721,8,建設業（総合）,1
47013674,知事,城田防水工業,城田 宗勉,901-0501,島尻郡八重瀬町,字長毛２１９,098-851-9992,,個人,塗防,,R060509,8,塗装・防水,1
47012493,知事,城内装（株）,城間 康文,901-1117,島尻郡南風原町,字津嘉山３００,098-888-0492,5000,法人,内,,R060501,12,内装工事,1
47014006,知事,城内装,城間 則和,901-2313,中頭郡北中城村,字熱田５５２－３,098-935-4940,,個人,内,,R070612,5,内装工事,1
47012647,知事,（株）城間,城間 盛博,901-1301,島尻郡与那原町,字板良敷９９５ 東宝建設ビル ８－１０１,098-955-7909,3000,法人,筋,,R070123,12,その他専門工事,1
47014290,知事,城間組,城間 貞樹,901-2413,中頭郡中城村,津覇３３４－１,090-1946-8450,,個人,大と,,R030319,5,その他専門工事,1
47012719,知事,城間軽天,城間 健永,901-1117,島尻郡南風原町,字津嘉山６６９－１,098-889-8961,,個人,内,,R070403,12,内装工事,1
47013573,知事,城間建設,城間 旬治,904-0001,沖縄市,越来３－５－７,098-934-0421,,個人,大,,R051102,8,その他専門工事,1
47002057,知事,（有）城間工業,城間 清治,901-2312,中頭郡北中城村,字和仁屋２６１－３０,098-935-2127,5000,法人,土と石屋管鋼舗し板塗水,,R060308,35,建設業（総合）,1
47013617,知事,（株）城間工業,城間 正邦,904-2143,沖縄市,知花４－５－８,098-923-1940,5000,法人,と解,,R060109,8,その他専門工事,1
47004929,知事,（有）城間通信,城間 義広,903-0103,中頭郡西原町,字小那覇５１０－１,098-946-6322,4000,法人,電通,,R040305 R070327,35,電気・設備工事,1
47007849,知事,（有）城山商事,城間 賢,901-2221,宜野湾市,伊佐３－４－５,098-897-0335,5000,法人,建大屋タ内,,R040618,28,建設業（総合）,1
47007663,知事,（有）城山土木,宮城 尊忠,905-0503,国頭郡伊江村,字川平１８３,0980-49-2630,10000,法人,土と石舗し水,,R030928,28,建設業（総合）,
47009959,知事,（有）新,山城 勝子,901-0362,糸満市,字真栄里３３７－２,098-840-3725,6000,法人,土建と石電鋼舗し塗水,,R051026,20,建設業（総合）,1
47015249,知事,（株）ＳｈｉｎＣｏｍｐａｎｙ,長濱 真矢,901-2101,浦添市,西原１－４－３２,098-943-5423,1000,法人,内,,R061216,0,内装工事,1
47005359,知事,（有）新一建設,新城 文一,905-0019,名護市,大北１－１０－３１,0980-53-3744,30000,法人,土建大と石屋タ鋼舗し塗内水解,1,R031217 R060914,35,建設業（総合）,
47010178,知事,新糸満造船（株）,松浦 快太郎,901-0306,糸満市,西崎町１－６－２,098-994-5111,46970,法人,土鋼,,R030919,15,建設業（総合）,1
47010299,知事,（有）しんえい石垣,友利 健一,907-0022,石垣市,字大川５８５－１,0980-83-7558,8000,法人,塗防,,R040425,15,塗装・防水,
47009847,知事,新栄開発,新垣 栄司,904-0012,沖縄市,安慶田１－８－５,098-939-3528,,個人,土と石鋼舗し塗水解,,R070512,20,建設業（総合）,1
47002418,知事,（株）新栄組,前田 正幸,901-2413,中頭郡中城村,字津覇６４４－２,098-895-2747,90000,法人,土建大左と石屋タ鋼筋舗し板ガ塗防内絶具水解,1,R070925,35,建設業（総合）,1
47003592,知事,（有）新栄建設,山口 善則,905-1303,国頭郡大宜味村,字喜如嘉５８０,0980-44-3340,25000,法人,土建と石管鋼舗し塗水解,1,R060520,35,建設業（総合）,
47003177,知事,（有）真栄工業,真栄城 兼宜,904-0105,中頭郡北谷町,字吉原２７１番地１,098-936-1911,35000,法人,土と石管鋼舗し塗機水,1,R030331,35,建設業（総合）,1
47007806,知事,（有）真永工業,外間 真治,904-2313,うるま市,勝連内間８０９,098-978-8088,5000,法人,内,,R041117,28,内装工事,1
47014390,知事,新栄設備工業,栗山 勝好,901-1104,島尻郡南風原町,字宮平９５０－５１ 宮平ハイツＡ－５０,090-3795-4008,,個人,土管水,,R030709,5,建設業（総合）,1
47004901,知事,（有）新栄電機,伊良部 泰隆,900-0023,那覇市,楚辺２－４０－２４,098-854-1747,3000,法人,電,,R031210,35,電気・設備工事,1
47010263,知事,（有）しんえい宮古,新里 正博,906-0013,宮古島市,平良字下里１５６４－８,0980-73-6898,27000,法人,塗防,,R040221,15,塗装・防水,
47013903,知事,シンエー塗装,安次富 正人,900-0024,那覇市,古波蔵２－２２－１４,098-987-1261,,個人,防,,R070228,5,塗装・防水,1
47012308,知事,（株）新沖縄重布,吉村 規亮,900-0036,那覇市,西２－１２－１４,098-861-2911,10000,法人,土と石鋼舗し水,,R050626,12,建設業（総合）,1
47004004,知事,新沖縄精器（株）,玉代勢 司,905-0018,名護市,大西４－１３－１７,0980-52-3454,20008,法人,土と石電管鋼舗し機通水,1,R041208 R050628 R070516,35,建設業（総合）,
47010060,知事,新沖防災工業（株）,比嘉 勉,901-2132,浦添市,伊祖４－１４－１,098-878-1941,10000,法人,消,,R030423,15,電気・設備工事,1
47008226,知事,（株）しんかい,波平 啓一,906-0006,宮古島市,平良字西仲宗根５４９－６,0980-79-0224,3000,法人,土建大と石鋼舗水,,R030315,20,建設業（総合）,
47009298,知事,（有）仁海建設,仲村 嘉己,901-2313,中頭郡北中城村,字熱田１９０３－２,098-935-3264,25000,法人,土建大左と石屋タ鋼筋舗し板ガ塗防内絶具水解,,R040822 R061021,20,建設業（総合）,1
47013305,知事,（株）真開工業,與那城 真栄,901-1413,南城市,佐敷字小谷６６０－１,098-947-0316,9000,法人,土と石管鋼舗水,,R040911,8,建設業（総合）,1
47015270,知事,進開測量,兼久 進,904-2312,うるま市,勝連平安名９８７,098-978-0552,,個人,土と石鋼舗し水,,R070110,0,建設業（総合）,1
47013419,知事,（株）新開発,新垣 利彦,904-2211,うるま市,字宇堅２５６－５,098-911-8306,3000,法人,土と石鋼舗し水解,,R050309,8,建設業（総合）,1
47006321,知事,（有）新勝土木,新垣 卓三,901-1204,南城市,大里字稲嶺２９－１,098-946-8601,10000,法人,土と石鋼舗し水,,R050226,28,建設業（総合）,1
47014779,知事,（株）芯城,玉城 真人,901-2402,中頭郡中城村,字泊５６,098-955-5809,3000,法人,土建大左と石屋タ鋼筋舗し板ガ塗防内絶具水,,R041125,0,建設業（総合）,1
47012578,知事,（有）シンキエンジニア,比嘉 靖,904-2161,沖縄市,古謝２－２５－１６,098-938-0506,3000,法人,土と石電管鋼舗し水,,R060918,12,建設業（総合）,1
47011763,知事,（株）ＳＩＮ企画,上間 信也,905-0422,国頭郡今帰仁村,字崎山１３３,0980-56-5893,3000,法人,土建大左と石屋電管タ鋼筋舗し板ガ塗防内絶具水解,,R070609,12,建設業（総合）,
47011583,知事,（有）真技建,新里 雪子,904-2205,うるま市,字栄野比８４８,098-972-7707,3000,法人,土と石鋼舗し塗水,,R060818,12,建設業（総合）,1
47014634,知事,シン技研工業,新垣 倫人,904-2171,沖縄市,高原４－２７－３,090-5440-4738,,個人,管,,R040520,0,電気・設備工事,1
47011520,知事,（株）新紀工業,新里 善紀,901-0401,島尻郡八重瀬町,字東風平１４０３－１,098-996-4677,3000,法人,土と石鋼舗し水解,,R060521,12,建設業（総合）,1
47000273,知事,（株）信吉組,吉田 健人,902-0073,那覇市,字上間２６０－１,098-834-5555,20000,法人,土建大左と石屋タ鋼筋舗し塗防内絶具水解,1,R040609,35,建設業（総合）,1
47011193,知事,（株）新輝塗装店,田原 明,902-0075,那覇市,国場１１６９－６,098-835-9880,10000,法人,土建大左と石屋タ鋼筋舗し板ガ塗防内絶具水,,R030128,15,建設業（総合）,1
47014091,知事,ＳＩＮＫＩ ＨＯＵＳＥ,津嘉山 健,904-0111,中頭郡北谷町,字砂辺３４４（１Ｆ）,098-988-7867,,個人,土建大左と石屋タ鋼筋舗し板ガ塗防内絶具水解,,R070814,5,建設業（総合）,1
47005012,知事,（株）新協建設,又吉 克也,903-0804,那覇市,首里石嶺町２－１４２－２,098-885-0484,10000,法人,土と石管鋼舗水,,R060924,35,建設業（総合）,1
47008214,知事,（有）新京建設,新崎 長慎,901-1116,島尻郡南風原町,字照屋４５,098-889-8825,10000,法人,土と石舗水,,R030217,20,建設業（総合）,1
47001014,知事,（株）新共電気工業,新垣 勇誠,902-0075,那覇市,字国場１１８３－８,098-855-5589,25000,法人,土と石電管鋼舗し水消,1,R070929,35,建設業（総合）,1
47015035,知事,ＺＩＮ空調設備,根神 尚也,901-2206,宜野湾市,愛知１－３－５,090-6867-6254,,個人,管,,R051228,0,電気・設備工事,1
47014486,知事,真久工業,久保田 安真,903-0103,中頭郡西原町,小那覇１４８８,090-1940-7482,,個人,と,,R031008,0,その他専門工事,1
47014846,知事,新組,新垣 房実,904-0204,中頭郡嘉手納町,字水釜５３０－３,080-9851-0080,,個人,大と,,R050317,0,その他専門工事,1
47006705,知事,（有）仁組,屋良 仁,901-1301,島尻郡与那原町,字板良敷６１０－５,098-946-6168,30000,法人,土と石鋼舗し塗水解,,R030705,28,建設業（総合）,1
47004556,知事,（株）新建,ゴルシャニ サルシャレ 仁美,901-0146,那覇市,具志３－４－２０－２Ｆ,098-858-3650,38000,法人,土建大左と石屋タ鋼筋舗し板ガ塗防内絶具水解,1,R030907,35,建設業（総合）,1
47013425,知事,（株）真建,真榮田 唯克,904-0021,沖縄市,胡屋７－１－２ ２階,098-989-7717,5000,法人,大,,R050327,8,その他専門工事,1
47014928,知事,（株）新憲,孟本 博昭,904-2215,うるま市,みどり町５－３－２５ 東洋言語文化学院６Ｆ,098-972-4888,18000,法人,土建,,R050714,0,建設業（総合）,1
47013030,知事,（合）新建工業,新城 朝保,904-1201,国頭郡金武町,字金武１１９４５,098-923-4260,3000,法人,土と石鋼舗し水,,R030804,8,建設業（総合）,
47008264,知事,信建設,比嘉 信克,901-2316,中頭郡北中城村,字安谷屋７１,098-935-4054,,個人,建,,R040116,20,建設業（総合）,1
47015021,知事,信建設,那覇 正,904-2304,うるま市,与那城屋慶名１５０４－５,098-978-4756,,個人,大,,R051208,0,その他専門工事,1
47015304,知事,（株）シン建設,玉城 信,904-2173,沖縄市,比屋根３－７－１ サウスコート比屋根５０３,070-5416-8467,1000,法人,大と,,R070228,0,その他専門工事,1
47013483,知事,（株）眞建設工業,伊佐 真英,904-1113,うるま市,石川山城１５５２－１５,098-989-4092,3000,法人,大,,R031004,8,その他専門工事,1
47005971,知事,（株）仁建設工業,川島 潤一郎,904-2142,沖縄市,字登川３７０－１,098-939-3878,40000,法人,土と石電管鋼舗し塗機水解,1,R060219,35,建設業（総合）,1
47010213,知事,（有）慎・建装,諸見 慎吾,901-0302,糸満市,字潮平５５７－５,098-996-2573,3000,法人,建大屋タ塗内,,R031128,15,建設業（総合）,1
47010239,知事,（株）シンコウ,小林 真一,900-0015,那覇市,久茂地１－７－１琉球リース総合ビル１階,098-867-3555,20000,法人,土建大左と石屋タ鋼筋舗し板ガ塗防内絶具水解,1,R070601,15,建設業（総合）,1
47012145,知事,（株）新興,大城 守,904-2241,うるま市,字兼箇段６０１－３,098-979-6470,3500,法人,建大,,R040703,12,建設業（総合）,1
47006401,知事,（株）しんこうエンジニアリング,屋良 修,900-0016,那覇市,前島２－２２－２８,098-869-5698,20000,法人,土と石電管鋼舗し機水清,1,R021121,28,建設業（総合）,1
47011227,知事,新興開発,仲松 義秀,901-2417,中頭郡中城村,字伊集１４２－３,098-988-9218,,個人,土建大と石屋タ鋼舗し内水,,R040601,15,建設業（総合）,1
47013340,知事,（株）新興業,新里 秀光,904-2307,うるま市,与那城饒辺２９９－５,098-999-9999,5000,法人,と,,R041023,8,その他専門工事,1
47014130,知事,（株）心工業,比嘉 保好,904-0021,沖縄市,胡屋４－１８－８－２Ｆ,098-962-2361,5000,法人,と,,R070911,5,その他専門工事,1
47014700,知事,新工業,新屋 順治,904-0001,沖縄市,越来２－２１－１２ ＧｒａｎｄＨｉｌｌｓ美来＊３０１,098-934-5106,,個人,管,,R040805,0,電気・設備工事,1
47003959,知事,（有）信幸組,大湾 政宗,902-0076,那覇市,与儀２－６－９,098-996-2557,9900,法人,土と石管鋼舗し塗水解,,R041120,35,建設業（総合）,1
47004694,知事,（有）新幸組,新里 明美,906-0012,宮古島市,平良字西里１３３０－３,0980-73-2278,30000,法人,土建と石舗し水解,1,R050227,35,建設業（総合）,
47007836,知事,（有）新光組,新垣 光男,901-0513,島尻郡八重瀬町,字玻名城９７－２,098-998-4430,5000,法人,土と石電管鋼舗し水消,,R051111,28,建設業（総合）,1
47003543,知事,新興建設（株）,玉城 直昭,902-0077,那覇市,長田２－３２－２１,098-855-5346,12000,法人,建大,,R031218,35,建設業（総合）,1
47014702,知事,新光建設工業（合）,新川 雅敏,905-0208,国頭郡本部町,字新里２６３,0980-48-3423,2000,法人,土と石鋼舗し塗園水解,,R040812,0,建設業（総合）,
47011329,知事,（株）新光産業,比嘉 光男,905-0019,名護市,大北４－２４－４６,0980-53-5934,3000,法人,土と石管鋼舗水,,R050131,12,建設業（総合）,
47012080,知事,新光産業（株）,新里 正志,900-0036,那覇市,西３－１３－５７,098-863-0803,48000,法人,土建と石電管鋼舗し塗水,,R040711,12,建設業（総合）,1
47012483,知事,新光産業,高江洲 昭男,906-0602,宮古郡多良間村,字仲筋４０５,0980-79-2205,,個人,土と舗,,R060407,12,建設業（総合）,
47012865,知事,新港重機,我那覇 隆士,901-2134,浦添市,字港川２８１－５０,098-943-3118,,個人,土と石鋼舗し水,,R021116,12,建設業（総合）,1
47009295,知事,（株）新興設備,喜屋武 尚,904-2213,うるま市,字田場１８８７－４,098-974-4879,40000,法人,土と石管鋼舗し水,1,R040822,20,建設業（総合）,1
47013551,知事,（株）新興通信,知名 俊幸,901-2412,中頭郡中城村,字奥間９２３,098-895-6342,3000,法人,電通,,R050914,8,電気・設備工事,1
47013117,知事,シンコウテック（株）,新城 安幸,902-0075,那覇市,字国場３３番地,098-851-7478,5000,法人,塗防,,R031222,8,塗装・防水,1
47013494,知事,（株）新興電気,新嘉喜 功也,901-0213,豊見城市,字高嶺６１０－１６南分譲Ｊ－２５,098-850-2799,9500,法人,電,,R050622,8,電気・設備工事,1
47005990,知事,（株）シンコウハウス工業,上原 勉,904-2224,うるま市,字大田２７４－６,098-973-8775,30000,法人,土建大左と石屋タ鋼筋舗板ガ塗防内絶具水解,1,R070621,35,建設業（総合）,1
47009623,知事,シンコー沖縄（株）,花城 弘,901-2104,浦添市,当山２－１５－８,098-878-4343,30000,法人,内,,R060419,20,内装工事,1
47014807,知事,（株）シンコープランニング,新垣 瑞樹,901-0504,島尻郡八重瀬町,字後原５７－１３,098-998-0412,1000,法人,土建と石鋼舗し塗水解,,R050113,0,建設業（総合）,1
47009807,知事,（有）新里組,新里 勝,906-0203,宮古島市,上野字宮国１２２１,0980-76-2150,3000,法人,土と石鋼舗水,,R041113,20,建設業（総合）,
47014100,知事,新里組,新里 明久,901-3701,島尻郡粟国村,字浜３７,098-988-2132,,個人,土と石舗水,,R070821,5,建設業（総合）,
47014756,知事,（合）新里組,新里 永士,907-0023,石垣市,字石垣２６１ かんなハイツ１０３,080-1748-0122,5000,法人,大と,,R041107,0,その他専門工事,
47001507,知事,（有）新里建設,新里 安雄,907-0004,石垣市,字登野城３４３－２,0980-82-2412,5000,法人,土建と石鋼舗し水,,R030322,35,建設業（総合）,
47005846,知事,（有）新里建設,伊波 友香,904-0411,国頭郡恩納村,字恩納２５３１－１,098-966-8313,36000,法人,土建大と石屋タ鋼舗し塗内園水解,1,R051030,35,建設業（総合）,
47007573,知事,新里建設,新里 恵,906-0006,宮古島市,平良字西仲宗根４３８－６,0980-72-7373,,個人,土と石管舗し水,,R030718,28,建設業（総合）,
47015074,知事,（株）新里興業,新里 竜哉,901-0503,島尻郡八重瀬町,字新城１７６８,090-7396-8471,1000,法人,と解,,R060222,0,その他専門工事,1
47014207,知事,新里左官工業,新里 亮,905-0405,国頭郡今帰仁村,字勢理客１０３,0980-56-4136,,個人,左,,R021127,5,その他専門工事,
47006323,知事,（有）新里産業,新里 幸市,901-1111,島尻郡南風原町,字兼城２７５,098-889-2358,33000,法人,土と石舗し水,1,R070427,28,建設業（総合）,1
47013282,知事,新里設備（株）,新里 真吉,904-2141,沖縄市,字池原２９２４－１,098-934-3876,3000,法人,管,,R040817,8,電気・設備工事,1
47013408,知事,（有）新里設備,新里 真奈美,904-1303,国頭郡宜野座村,字惣慶５６４,098-968-5459,5000,法人,土と石電管鋼舗し水,,R070324,8,建設業（総合）,
47011608,知事,（有）新里造園,新里 健,903-0126,中頭郡西原町,字棚原２１３－１,098-988-4829,3000,法人,園,,R030117,12,その他専門工事,1
47012485,知事,新里タイル工業,新里 昇三,901-1103,島尻郡南風原町,字与那覇３７８－３,098-888-0718,,個人,タ,,R060407,12,その他専門工事,1
47006745,知事,（有）新里塗装工業,新里 紹吾,904-2174,沖縄市,与儀３－１８－１６,098-930-4116,9000,法人,土建大左と石屋タ鋼舗し板ガ塗防内絶具水,,R031209,28,建設業（総合）,1
47005580,知事,（株）新里土木,下地 紀孝,906-0006,宮古島市,平良字西仲宗根６８９－５,0980-72-6690,26000,法人,土建と石管鋼舗し塗水,1,R021024,35,建設業（総合）,
47011349,知事,（有）新里ボルト商会,新里 一哉,903-0103,中頭郡西原町,字小那覇１１７８－１,098-961-1257,5000,法人,と,,R050326,12,その他専門工事,1
47014465,知事,シンジ鋼業（株）,比嘉 信二,904-0004,沖縄市,中央３－７－６ 我那覇アパート２,098-923-4245,3000,法人,筋,,R030917,0,その他専門工事,1
47008957,知事,（株）新秀,金城 信作,901-2114,浦添市,安波茶２－２１－２,098-875-0637,48000,法人,土建大左と石屋タ鋼筋舗し板ガ塗防内絶園具水解,1,R050304,20,建設業（総合）,1
47013442,知事,新秀空調設備（株）,喜屋武 秀規,903-0115,中頭郡西原町,字池田７６５,098-944-1788,3000,法人,管,,R050418,8,電気・設備工事,1
47013983,知事,（株）新翔,天願 翔,904-2143,沖縄市,知花５－２６３６－１,098-989-6697,5000,法人,と解,,R040406,5,その他専門工事,1
47013563,知事,（合）新城建設,新城 保守,905-0225,国頭郡本部町,字崎本部３０５－１,0980-47-5332,1000,法人,土建大左と石屋タ鋼筋舗し板ガ塗防内絶具水解,,R050928,8,建設業（総合）,
47013603,知事,（株）新城建設,新城 要,904-0023,沖縄市,久保田２－１８－６,098-927-5611,3000,法人,建大,,R051207,8,建設業（総合）,1
47008266,知事,新城工業,新城 一,904-2241,うるま市,字兼箇段９７０－９,098-974-1400,,個人,土と石鋼舗水解,,R060901,20,建設業（総合）,1
47010048,知事,（有）新城工務店,新城 毅,903-0126,中頭郡西原町,棚原１－１８－２,098-945-3345,5000,法人,土建と石鋼舗し水,,R030417,15,建設業（総合）,1
47012831,知事,新城タイル,新城 学,901-2202,宜野湾市,普天間２－１８－６,098-892-2244,,個人,タ,,R071002,12,その他専門工事,1
47013477,知事,新城・畳リフォーム（株）,新城 喜信,904-0035,沖縄市,南桃原２－１５－１,098-933-0605,2000,法人,内,,R050607,8,内装工事,1
47013260,知事,新城塗装工業,新城 義克,901-1104,島尻郡南風原町,字宮平３７６－３,098-889-0931,,個人,塗,,R040725,8,塗装・防水,1
47011270,知事,新城ブロック,新城 安彦,901-0322,糸満市,与座４５５－１,098-992-6739,,個人,タ,,R040827,15,その他専門工事,1
47011846,知事,（株）新伸興業,小泉 幸一,901-0243,豊見城市,字上田４８７－１,098-996-2223,10000,法人,と塗,,R060829,12,塗装・防水,1
47008004,知事,（株）新進商会,宮里 善伸,904-2143,沖縄市,知花１－２６－５,098-939-2374,10000,法人,土と石鋼舗水解,,R040915,20,建設業（総合）,1
47003781,知事,（株）新生,生盛 栄治,907-0003,石垣市,字平得９０－７,0980-82-3938,30000,法人,土と石電管舗し水,1,R031007,35,建設業（総合）,
47008377,知事,新星（株）,喜納 康男,903-0802,那覇市,首里大名町１－２３０－１,098-884-1150,20000,法人,土と石鋼舗し塗水解,1,R060329,20,建設業（総合）,1
47011249,知事,（株）シンセイ,當眞 嗣生,901-2223,宜野湾市,大山７－４－６,098-898-3637,40000,法人,土建大左と石屋管タ鋼舗し板ガ塗防内絶具水,,R040530,15,建設業（総合）,1
47012796,知事,（株）新正組,新垣 正克,901-1117,島尻郡南風原町,字津嘉山１１６６－４,098-996-2589,5000,法人,大,,R070727,12,その他専門工事,1
47006566,知事,（有）真成建設,神谷 良子,902-0075,那覇市,字国場１１７０－１６,098-853-9277,3000,法人,土建と石鋼舗水,,R030414,28,建設業（総合）,1
47012778,知事,（株）真誠建装,仲村渠 誠,901-0153,那覇市,字宇栄原７４７－１,098-858-8115,5000,法人,大左石屋タ板ガ塗防内絶具,,R070430,12,塗装・防水,1
47005195,知事,（有）新星工業,池田 尚喜,901-2204,宜野湾市,上原２－２３－１０,098-893-3388,4000,法人,建大左と石屋タ鋼筋板ガ塗防内絶具解,,R041220 R070724,35,建設業（総合）,1
47009908,知事,（有）新政興業,新城 重政,905-1144,名護市,字仲尾次３００,0980-58-3025,5300,法人,土と石鋼舗し水,,R020816,20,建設業（総合）,
47012850,知事,（有）進盛工業,高良 盛昭,904-2201,うるま市,字昆布１３１２－１,098-923-2170,3000,法人,鋼機,,R071030,12,電気・設備工事,1
47013271,知事,（株）真成工業,砂川 真紗矢,901-2223,宜野湾市,大山１－１６－１０,098-917-5991,5000,法人,土建大と石屋タ鋼舗し内水,,R040802,8,建設業（総合）,1
47014549,知事,（株）新盛工業,砂川 盛喜,907-0024,石垣市,字新川２４４２－７,090-8290-6479,1000,法人,土と舗,,R040107,0,建設業（総合）,
47014579,知事,新誠シール,新崎 好孝,901-2114,浦添市,安波茶１－２３－１３,098-876-3189,,個人,防,,R040311,0,塗装・防水,1
47008393,知事,（株）新生実業,具志堅 博,900-0022,那覇市,樋川１－１１－１１,098-857-0185,37000,法人,土建大と石鋼舗し塗防内具水解,1,R061031,20,建設業（総合）,1
47012660,知事,（有）伸誠商事,銘苅 英子,901-0241,豊見城市,字豊見城５７４－８,098-856-2151,5000,法人,土建と石鋼舗し具水,,R070223,12,建設業（総合）,1
47010041,知事,（有）新生造園,新里 浩希,903-0801,那覇市,首里末吉町３－１２３－３,098-894-9429,5000,法人,土と鋼舗園水,,R030411,15,建設業（総合）,1
47013489,知事,（株）新星テクノ,新門 聡,904-2151,沖縄市,字松本９９０－１,098-989-0404,5000,法人,管,,R050615,8,電気・設備工事,1
47013246,知事,新正電気工事,新垣 安俊,901-2111,浦添市,経塚南経塚原１８４－５,098-836-2036,,個人,電,,R040711,8,電気・設備工事,1
47009195,知事,（有）新成電設,東 末吉,904-0416,国頭郡恩納村,字山田１２１１－１８,098-965-3223,20000,法人,土と石電管鋼舗し塗水,1,R031029,20,建設業（総合）,
47013079,知事,（株）仁石材工業,渡嘉敷 仁,903-0127,中頭郡西原町,字徳佐田７２番地の１２,098-882-8112,5000,法人,石,,R031017,8,その他専門工事,1
47008755,知事,（有）新創工業,我那覇 光雄,904-1106,うるま市,石川１９３６－１,098-965-5767,5000,法人,土建と石電管鋼舗水,,R061125,20,建設業（総合）,1
47013437,知事,（有）新創工房,砂川 みゆき,907-0024,石垣市,字新川２４４２－６,0980-82-0006,3000,法人,建,,R050411,8,建設業（総合）,
47011854,知事,（合）眞大伸技建,伊波 興伸,905-1142,名護市,字稲嶺１３番地,0980-58-1831,1000,法人,土建大と石鋼舗し水,,R021109,12,建設業（総合）,
47008640,知事,（有）進拓,平良 富士美,906-0012,宮古島市,平良字西里５４０－２,0980-73-9488,3000,法人,土と石鋼舗し水,,R040219,20,建設業（総合）,
47015111,知事,（株）新拓沖縄,福永 健太,904-2151,沖縄市,松本３－１８－１,098-989-3661,3000,法人,建大左と石屋タ鋼筋板ガ塗防内絶具解,,R060426,0,建設業（総合）,1
000026457,大臣,シンテイホールディングス（株）,緒方 広明,901-2121,浦添市,内間２－１－５,098-943-8784,10000,法人,大左石屋電タ板ガ塗防内絶具,,R031201,,電気・設備工事,1
47014194,知事,（株）真デザイン,金城 真,904-2211,うるま市,字宇堅１３２２－１０,098-989-1348,1000,法人,大左石屋タ板ガ塗防内絶具,,R021113,5,塗装・防水,1
47008477,知事,（株）シンテック,新里 亮太,900-0004,那覇市,銘苅２－４－５１,098-867-1111,30000,法人,土と石電管鋼舗し通水,1,R040330,20,建設業（総合）,1
47013965,知事,（株）ＳＩＮ電工,新里 次雄,903-0103,中頭郡西原町,字小那覇３３１－６,098-946-2800,3000,法人,電,,R070515,5,電気・設備工事,1
47015069,知事,（株）心電社,浜畑 祥太,901-2203,宜野湾市,野嵩４－１３－１６,070-5401-0734,5000,法人,電,,R060329,0,電気・設備工事,1
47010495,知事,（有）真電設,川畑 真正,904-2153,沖縄市,美里５－４－５,098-983-4077,3000,法人,土と石電鋼舗通水,,R050527,15,建設業（総合）,1
47010741,知事,（有）新都開発,新崎 彪,901-0224,豊見城市,字与根７５－３,098-840-2160,5000,法人,土建大左と石屋タ鋼筋舗しガ塗防内具解,,R061015,15,建設業（総合）,1
47013514,知事,真士工業（株）,安慶名 高幸,904-2221,うるま市,字平良川３３１,098-973-4039,5000,法人,土と石鋼舗し水解,,R050713,8,建設業（総合）,1
47003751,知事,（株）心塗装,前川 泰造,901-0242,豊見城市,字高安１０６８－３１,098-911-3643,5000,法人,塗防,,R070711,35,塗装・防水,1
47015159,知事,シン塗装,新垣 大志,904-1106,うるま市,石川２２４０ ビュー デ ラ コリーナ２０２号室,090-7981-1763,,個人,塗防,,R060705,0,塗装・防水,1
47004748,知事,（有）新長堂土木,＊良 こずえ,901-0152,那覇市,小禄５－１６－４－３０３,098-840-1576,40000,法人,土建と石鋼舗し水解,1,R030111,35,建設業（総合）,1
47004439,知事,（有）新八土建,池間 廣明,901-0241,豊見城市,字豊見城２８８－１,098-856-1100,40000,法人,土建と石管鋼舗し塗水解,1,R041127,35,建設業（総合）,1
47014455,知事,（株）真英オキナワ,外間 真治,904-2313,うるま市,勝連内間８０９,090-3793-0011,10000,法人,内,,R030910,0,内装工事,1
47003225,知事,（有）新秀建設,新垣 均,904-2223,うるま市,字具志川１３７３－４,098-974-2374,34000,法人,土建大左と石屋タ鋼筋舗し板ガ塗防内絶具水解,1,R040919,35,建設業（総合）,1
47013506,知事,進美塗装,我那覇 進,903-0804,那覇市,首里石嶺町４－３９９,090-1941-4596,,個人,塗,,R050705,8,塗装・防水,1
47012551,知事,新丸（株）,仲嶺 哲,903-0103,中頭郡西原町,字小那覇１１４４－１,098-946-6809,30000,法人,土と鋼舗,,R060731,12,建設業（総合）,1
47011437,知事,（有）新丸高土建,高良 松栄,901-2134,浦添市,港川１－１９－９,098-879-0209,10000,法人,土と石舗水,,R051104,12,建設業（総合）,1
47012518,知事,（株）新三施工,新川 順一,901-0204,豊見城市,字金良７５－１コーポみなみ１０１,098-850-2576,3000,法人,タ,,R060609,12,その他専門工事,1
47012932,知事,真実電設,川満 実,904-2173,沖縄市,比屋根６－２６－１８,098-930-0574,,個人,電,,R030328,8,電気・設備工事,1
47013053,知事,（株）新屋組,新屋 吉人,901-0364,糸満市,潮崎町２－１－４－Ｆステージ潮崎２０５号,098-992-3662,3000,法人,土建大と石鋼舗し水,,R030902,8,建設業（総合）,1
47014279,知事,（株）新屋設備,新屋 良勝,904-2172,沖縄市,泡瀬６－１２－４２,098-938-6690,5000,法人,管,,R030312,5,電気・設備工事,1
47005734,知事,（株）新友建設,友利 清雄,907-0002,石垣市,字真栄里３７５－９,0980-82-1411,22000,法人,土建と石管鋼舗し園水,1,R070331,35,建設業（総合）,
47013960,知事,（株）神勇工業,神村 勇,904-2153,沖縄市,美里６－１２－２０,098-939-7787,5000,法人,塗,,R070508,5,塗装・防水,1
47007142,知事,（有）シンユウ電建,神山 德光,901-2131,浦添市,牧港４－２３－２,098-879-5582,20000,法人,土と石電鋼舗し塗通水消,1,R050818 R070407,28,建設業（総合）,1
47000700,知事,（株）神洋,玉城 正則,903-0103,中頭郡西原町,字小那覇２３６－１コーポ西原１０１,098-945-2195,25000,法人,土と舗塗,,R050117,35,建設業（総合）,1
47007945,知事,（株）新洋,新垣 守泰,901-2101,浦添市,西原５－７－１,098-878-9442,49824,法人,建大左と石屋電タ鋼筋板ガ塗防内絶具解,1,R031107,28,建設業（総合）,1
47000654,知事,（株）信用組,識名 安信,907-0024,石垣市,字新川４１４－１,0980-82-2350,20000,法人,土建大と石電管鋼舗園水解,1,R070713,35,建設業（総合）,
47007031,知事,（株）新洋建設工業,金城 武司,901-2216,宜野湾市,字佐真下６２－１０,098-897-4951,34000,法人,土建大左と石屋タ鋼筋舗し板ガ塗防内絶具水解,1,R061104,28,建設業（総合）,1
47007224,知事,（株）真力,眞榮城 玄多,902-0061,那覇市,古島１－２６－７,098-887-7939,20000,法人,建大左石屋タ板ガ塗防内絶具解,,R070704,28,建設業（総合）,1
47009493,知事,（有）シンリツ設備,喜屋武 清春,902-0063,那覇市,三原２－３－３,098-836-0200,6000,法人,消,,R050821,20,電気・設備工事,1
47011868,知事,（株）新隆,翁長 優,906-0013,宮古島市,平良字下里１０２２－１９,0980-79-0133,2000,法人,土建大と石鋼舗し塗防内園水解,,R071120,12,建設業（総合）,
47015335,知事,真琉エンジ（株）,廣瀬 美暁,901-1412,南城市,佐敷字新里１７４,098-988-6851,5000,法人,管消,,R070522,0,電気・設備工事,1
47012322,知事,神琉建設（株）,窪田 幸次,900-0033,那覇市,久米１－２－５,098-917-0440,40000,法人,土と石鋼舗し塗水,1,R060628 R070421,12,建設業（総合）,1
47012597,知事,（株）新琉建設,又吉 悠美子,901-0153,那覇市,宇栄原４－１０－１３,070-6596-0185,1000,法人,土建大と石屋タ鋼舗し内水解,,R061014,12,建設業（総合）,1
47003892,知事,（株）新琉興業,宮里 吉郎,901-2101,浦添市,西原６－２５－６,098-876-3529,11000,法人,土建大左と石屋タ鋼舗し板ガ塗防内絶具水,,R060408,35,建設業（総合）,1
47014999,知事,津梁産業（合）,小路口 泰介,904-2244,うるま市,字江洲２１４９－４ドミールＮ＊１－Ｂ,098-989-5184,1000,法人,土建と石鋼舗し水解,,R051027,0,建設業（総合）,1
47011207,知事,（有）シンリョウ電工,渡嘉敷 眞良,904-2174,沖縄市,与儀２－１５－３５,098-930-0292,3000,法人,土と石電鋼舗し水解,,R040420,15,建設業（総合）,1
47012619,知事,（株）眞和圧送,赤嶺 充志,901-0223,豊見城市,字翁長５６１－１,098-856-0851,3000,法人,と,,R061205,12,その他専門工事,1
47009180,知事,（有）伸和開発,屋宜 宣和,901-1207,南城市,大里字古堅９６７－１,098-963-8470,9500,法人,土と石鋼舗し水解,,R061108,20,建設業（総合）,1
47003271,知事,（有）真和建設,渡真利 龍夫,907-0004,石垣市,字登野城１１９５番地８,0980-83-1296,35000,法人,土と石管鋼舗し塗水,,R030508,35,建設業（総合）,
47004086,知事,（株）伸和建設,名嘉 重男,902-0073,那覇市,字上間２９３－２,098-834-1392,23000,法人,土建大左と石タ鋼筋舗し板ガ塗防内絶具水解,1,R030714,35,建設業（総合）,1
47007030,知事,（有）新和建設,平良 慎也,906-0502,宮古島市,伊良部字池間添６－９,0980-78-6148,10000,法人,土建大左と石屋タ鋼筋舗し板ガ塗防内絶具水,,R060818,28,建設業（総合）,
47009903,知事,（有）心和工業,上原 博和,904-2205,うるま市,字栄野比４２６－１、１Ｆ,098-894-7412,20000,法人,土建と石管鋼舗し塗園水,,R030823,20,建設業（総合）,1
47014440,知事,伸和工業,西表 誠,903-0101,中頭郡西原町,字掛保久１５５,098-946-4700,,個人,大とタ鋼筋,,R030827,0,その他専門工事,1
47010627,知事,（有）シンワサービス,上原 源一,903-0104,中頭郡西原町,字兼久２１０,098-946-1868,10000,法人,と,,R060315,15,その他専門工事,1
47013544,知事,（株）眞和テック,金城 智史,904-2224,うるま市,字大田３４１,098-894-4122,3000,法人,屋板,,R050831,8,その他専門工事,1
47005682,知事,（株）真和電工,池宮 拓治,904-2233,うるま市,字豊原５７８－１,098-974-0202,26800,法人,電通消,1,R060810,35,電気・設備工事,1
47014760,知事,（株）新和塗装,新垣 善康,901-1117,島尻郡南風原町,字津嘉山６６８,098-889-0848,1000,法人,塗防,,R041104,0,塗装・防水,1
47008780,知事,新和防水工業,新里 正明,900-0037,那覇市,辻１－１４－８,098-867-1782,,個人,防,,R070809,20,塗装・防水,1
47005429,知事,（有）スイケン,眞座 孝浩,902-0075,那覇市,国場１１６１－４－２０１,098-836-9132,30000,法人,土と石管鋼舗水,1,R030810,35,建設業（総合）,1
47011511,知事,（合）すい巧,照屋 寛,904-2141,沖縄市,池原１－２１－９,098-939-2781,5000,法人,管,,R060501,12,電気・設備工事,1
47012512,知事,（株）水星設備,謝花 良心,901-2111,浦添市,字経塚２９１－３,098-894-4757,5000,法人,土と石管舗水,,R060529,12,建設業（総合）,1
47014464,知事,（株）水防協,有岡 哲司,904-0031,沖縄市,上地４－２－８,098-989-9480,5000,法人,消,,R030917,0,電気・設備工事,1
47015252,知事,（株）水レンジャー,柴田 達也,901-2314,中頭郡北中城村,字大城６５ ２Ｆ,080-3504-2337,1000,法人,管,,R061205,0,電気・設備工事,1
47014515,知事,末鋼業,末吉 環,902-0078,那覇市,識名４－８－１３ ＦＥＬＩＣＥ ＣＯＲＴＥ２０１,098-851-8064,,個人,建大屋タ筋内,,R031119,0,建設業（総合）,1
47012581,知事,末吉園（株）,普天間 直利,903-0825,那覇市,首里山川町２－６１－１７,098-988-4657,7000,法人,土と石鋼舗し園水,,R060919,12,建設業（総合）,1
47013740,知事,（株）末吉興業,末吉 正四,901-2413,中頭郡中城村,字津覇１２０－３,098-892-8844,1000,法人,土建と石鋼舗し塗水解,,R060723,5,建設業（総合）,1
47003345,知事,（有）末吉電水工業,末吉 健,905-0019,名護市,大北４－１２－６,0980-53-2745,20000,法人,土建と石電管鋼舗し塗水,1,R030822,35,建設業（総合）,
47013613,知事,末吉電設,末吉 達夫,901-2113,浦添市,字大平３７３－６,098-879-6722,,個人,機,,R060109,8,電気・設備工事,1
47013671,知事,（株）菅沼工務店,菅沼 正典,904-0415,国頭郡恩納村,字仲泊１０７８－６,098-989-6202,3000,法人,建大屋タ内,,R060509,8,建設業（総合）,
47000811,知事,（有）洲鎌組,洲鎌 路通子,907-0004,石垣市,字登野城５９５－８,0980-83-1367,30000,法人,土と石管舗園水,1,R040307,35,建設業（総合）,
47014675,知事,洲鎌組,洲鎌 真一,903-0118,中頭郡西原町,字小波津８０３－２３ 小波津団地Ｂ－５３,090-4471-4151,,個人,と解,,R040708,0,その他専門工事,1
47012603,知事,（株）ＳＫＡＮＪＡＰＡＮ,潮田 江次,904-2311,うるま市,勝連南風原５１９４－６１,098-934-9922,30000,法人,機,,R061104,12,電気・設備工事,1
47011806,知事,（株）ＳＵＫＩＭＥＲ,喜屋武 大基,904-0105,中頭郡北谷町,字吉原７２６－２,098-936-6888,1000,法人,土建大と石屋タ鋼舗し塗内水,,R070805,12,建設業（総合）,1
47012823,知事,（株）杉本工房,杉本 茂良,901-0325,糸満市,字大里１７４０－１,098-992-6047,1000,法人,土建と石鋼舗し内水解,,R061002,12,建設業（総合）,1
47013833,知事,（株）スキルフロンティア浜里,浜里 信也,901-2316,中頭郡北中城村,字安谷屋８３６－３,098-935-3156,3000,法人,管機,,R060417,5,電気・設備工事,1
47014501,知事,（株）スケット,前泊 誠輝,901-0362,糸満市,字真栄里３３５－１,070-3800-4566,5000,法人,土と石鋼舗し塗水解,,R031105 R070527,0,建設業（総合）,1
47012185,知事,（合）瑞慶村組,瑞慶村 哲男,904-1202,国頭郡金武町,字伊芸１００４,098-968-7783,30,法人,土と石鋼舗し水,,R041119,12,建設業（総合）,
47014902,知事,瑞慶村設備,瑞慶村 優樹,904-1202,国頭郡金武町,字伊芸１６２３－１ ２Ｆ 左,090-4470-7998,,個人,管,,R050609,0,電気・設備工事,
47014889,知事,（株）ズケラン,瑞慶覧 大,901-1205,南城市,大里字高平３９０－１,098-894-9688,1000,法人,と,,R050519,0,その他専門工事,1
47013094,知事,（合）ズケラン技建,瑞慶覧 朝清,901-2423,中頭郡中城村,字北上原１１１０－２,098-895-4468,5000,法人,大,,R031118,8,その他専門工事,1
47012895,知事,（株）鈴木軽鉄,鈴木 敬,901-2202,宜野湾市,普天間２－３３－１１－２,098-893-5040,3000,法人,内,,R030107,12,内装工事,1
47014737,知事,（合）スタイルハウス,又吉 祐光,902-0073,那覇市,上間１－３４－７ アップヒルズ２０２,098-854-7070,777,法人,建大左と石屋タ鋼筋板ガ塗防内絶具解,,R040926,0,建設業（総合）,1
47014548,知事,（有）スタイルフォー,宮里 誠,900-0032,那覇市,松山２－２１－１６,098-917-5975,3000,法人,電,,R040107,0,電気・設備工事,1
47013998,知事,（株）スタック,仲島 進功,903-0804,那覇市,首里石嶺町４－４２５－３０,098-884-3789,7000,法人,大左ガ塗防内具,,R070605,5,塗装・防水,1
47011059,知事,（有）スタプランニング,赤嶺 剛,902-0076,那覇市,与儀１－８－７ 赤嶺アパート１階,098-855-0655,55977,法人,建大屋タ鋼内,1,R040409,15,建設業（総合）,1
47013755,知事,（株）ＳＴＲＩＶＥ,竹屋 宏則,907-0024,石垣市,新川４１４－１信用ビル１Ｆ,0980-87-9292,1000,法人,大,,R060808,5,その他専門工事,
47014917,知事,（合）ストリー商事,友寄 千春,904-2141,沖縄市,池原４－１－８,098-934-0765,1000,法人,解,,R050622,0,その他専門工事,1
47013737,知事,（株）砂川組,砂川 康雄,902-0063,那覇市,三原３－１４－１５,090-1948-5803,5000,法人,大,,R060712,5,その他専門工事,1
47007623,知事,（有）砂川興業,砂川 健,907-0002,石垣市,字真栄里２５７－１０,0980-82-7652,40000,法人,土と石鋼舗し塗水,1,R021218,28,建設業（総合）,
47015429,知事,（株）砂川工業,砂川 譲二,901-2223,宜野湾市,大山２－１－７ アンリビル２０２号,098-943-0133,3000,法人,解,,R070822,0,その他専門工事,1
47014633,知事,（株）砂川施工,砂川 陽介,903-0128,中頭郡西原町,字森川２３８－５３,098-917-4396,8000,法人,内,,R040520,0,内装工事,1
47013657,知事,（有）砂川畳産業,砂川 政信,907-0014,石垣市,新栄町６８,0980-82-2586,5000,法人,内,,R060418,8,内装工事,
47014033,知事,すなかわ畳店,砂川 敏彦,906-0015,宮古島市,平良字久貝７０１－３,0980-73-1711,,個人,内,,R070710,5,内装工事,
47006744,知事,（有）砂川庭園,砂川 正利,907-0024,石垣市,字新川２３１２－２１,0980-82-4920,5000,法人,園,,R041111,28,その他専門工事,
47014864,知事,砂川電気工事,砂川 勝彦,904-2161,沖縄市,古謝３－１２－７,098-911-1028,,個人,電,,R050421,0,電気・設備工事,1
47014843,知事,（株）砂川塗装,砂川 諭,903-0812,那覇市,首里当蔵町１－１７－２,098-988-3387,5000,法人,塗,,R050317,0,塗装・防水,1
47002955,知事,砂川土木（有）,砂川 英人,907-0024,石垣市,字新川２２５６－１,0980-82-6569,30000,法人,土建と石鋼舗し塗水解,1,R041225,35,建設業（総合）,
47013029,知事,スナ川内装,砂川 博市,901-2121,浦添市,内間５－１５－１５,090-3194-1647,,個人,内,,R030804,8,内装工事,1
47001479,知事,（有）砂晃組,砂川 晃一,902-0077,那覇市,長田２－１９－３,098-855-4412,10000,法人,土建大と石屋タ鋼舗し塗内水,,R070107,35,建設業（総合）,1
47012304,知事,砂辺インテリア,喜友名 朝信,904-0113,中頭郡北谷町,字宮城１－１２４,098-936-3692,,個人,内,,R050624,12,内装工事,1
47004390,知事,（有）スナベ産業,上地 文,906-0013,宮古島市,平良字下里１５６０－１,0980-72-0206,10000,法人,土と石電管鋼舗し水消,,R041113,35,建設業（総合）,
47000514,知事,砂盛建設（株）,砂川 盛良,907-0014,石垣市,新栄町２５－１３,0980-82-4424,43000,法人,土建大左と石屋管鋼筋舗し塗防内具水解,1,R060226,35,建設業（総合）,
47003880,知事,（株）砂盛工業,砂川 盛栄,907-0014,石垣市,新栄町７１－３,0980-82-1125,30000,法人,土建大左と石屋電管タ鋼筋舗し板ガ塗防内絶具水解,1,R040918,35,建設業（総合）,
47003917,知事,（有）砂盛土木,砂川 盛範,907-0024,石垣市,字新川２３４０－８,0980-82-3220,30000,法人,土建と石管鋼舗し水解,,R040928,35,建設業（総合）,
47011547,知事,（有）昴建設,與那覇 英介,907-1801,八重山郡与那国町,字与那国５５－２,0980-84-8769,3000,法人,土と石鋼舗し水解,,R060622,12,建設業（総合）,
47013284,知事,（株）昴工業,上原 長明,901-2401,中頭郡中城村,字久場１９０６－１,098-894-8031,3000,法人,建大とタ鋼筋塗,,R040817 R061129,8,建設業（総合）,1
47014311,知事,（株）スピードライン,當山 裕人,901-2224,宜野湾市,真志喜２－１－１ 豊和商事ビル３Ｆ,098-916-0004,3000,法人,電通,,R030416,5,電気・設備工事,1
47014986,知事,スプライス（株）,山川 悟,904-2171,沖縄市,高原７－１５－４０,098-932-1437,5000,法人,土と石電鋼舗し水,,R051006,0,建設業（総合）,1
47015118,知事,（株）スペア,川平 寛之,901-2127,浦添市,屋富祖３－２－２－３Ｆ,090-1746-5057,1000,法人,内,,R060524,0,内装工事,1
47013133,知事,（株）スペースアド,松田 清彦,903-0129,中頭郡西原町,字千原１６６－３,098-943-0160,5000,法人,土と石管鋼舗し水消,,R040112 R050614,8,建設業（総合）,1
47011529,知事,（株）スペースデザインスパイラル,長渡 徹,903-1117,中頭郡西原町,字翁長１７２,098-944-3167,5000,法人,内,,R060602,12,内装工事,1
47005601,知事,（有）スペースデザインＢＯＸ,仲地 奈々,902-0073,那覇市,上間１－２－３６,098-853-6565,5000,法人,内,,R040611,35,内装工事,1
47015291,知事,（株）ＳｍａｒｔＩｒｉｅ,稲国 直生,900-0012,那覇市,泊２－５－６,098-901-4169,3000,法人,電,,R070214,0,電気・設備工事,1
47012629,知事,（株）スマートステージ,富山 亮彦,900-0004,那覇市,銘苅１－２－１７,098-988-4039,9000,法人,土建と石鋼舗し水,,R070107,12,建設業（総合）,1
47013928,知事,（有）スマイル住宅,眞喜志 毅,904-0035,沖縄市,南桃原４－３１－３３,098-930-2213,3000,法人,建大屋タ内,,R070331,5,建設業（総合）,1
47009094,知事,（有）住吉建設,星野 結,904-0021,沖縄市,胡屋５－２４－８ Ａ－１,098-983-8440,5000,法人,建,,R031015,20,建設業（総合）,1
47015256,知事,（合）すみれ企画,天久 義仁,902-0071,那覇市,繁多川５－１７－８コーポみき３０１,090-9784-8147,700,法人,土と石鋼舗し水,,R061216,0,建設業（総合）,1
47015310,知事,（株）ＴＨＲＩＶＥ,小島 大介,901-2214,宜野湾市,我如古２－３６－１２,098-894-4904,5000,法人,土と石鋼舗し水,,R070307,0,建設業（総合）,1
47014319,知事,スリーエス（株）,譜久島 慎太郎,904-1203,国頭郡金武町,字屋嘉２７６４－３,098-923-1555,5000,法人,建大屋タ内,,R030430,5,建設業（総合）,
47013927,知事,スリースターズ（株）,中江 源太,901-2205,宜野湾市,赤道１－５－１,098-988-4258,20000,法人,建大左と石屋タ鋼筋板ガ塗防内絶具,1,R061004,5,建設業（総合）,1
47014398,知事,（株）スリーホーム,仲本 孝之,901-1412,南城市,佐敷字新里５５５－９、１階,098-943-6497,1000,法人,建大屋タ内,,R030716,5,建設業（総合）,1
47015001,知事,（株）ＳＬＩＮＫＹ,末吉 純一,901-2202,宜野湾市,普天間１－７－７,098-988-3892,3000,法人,土建と石鋼舗し塗水,,R051102,0,建設業（総合）,1
47011596,知事,（株）スワロー,諏訪 二郎,901-1201,南城市,大里字嶺井５１２－１３ Ｂ－１１,098-963-6835,15000,法人,管板,,R060903,12,電気・設備工事,1
47014639,知事,（株）ＺＥＡＲ ｉｎｎｏｖａｔｉｏｎ,喜屋武 良太,901-2412,中頭郡中城村,字奥間９６５－４、２Ｆ,098-959-7556,5500,法人,解,,R040603,0,その他専門工事,1
47015466,知事,（合）ゼアッタ,平 義也,904-1106,うるま市,石川２－１９－１２－１Ｆ,098-979-7775,3000,法人,電解,,R070926,0,電気・設備工事,1
47014137,知事,（株）誠鋭電気,又吉 重教,901-2131,浦添市,牧港１－９－１１ ２０３,098-987-6299,5000,法人,電,,R020918,5,電気・設備工事,1
47006748,知事,（有）成華開発,高嶺 馨,901-0332,糸満市,字宇江城５２５,098-997-2936,42000,法人,土建大左と石屋タ鋼筋舗し板ガ塗防内絶具水解,1,R040416,28,建設業（総合）,1
47014420,知事,（株）正鴻,友利 真也,904-0203,中頭郡嘉手納町,字嘉手納４８６,098-989-8110,5000,法人,土と石鋼舗し園水,,R030730,0,建設業（総合）,1
47013970,知事,成功沖縄コンストラクション（株）,リュウ ケン ウン,904-0411,国頭郡恩納村,字恩納５６８６,098-982-3232,227600,法人,土建大左と石屋電管タ鋼筋舗し板ガ塗防内機絶具水清,1,R071002,5,建設業（総合）,
47006293,知事,（有）正光機械,棚原 善則,901-2203,宜野湾市,野嵩３－２１－６,098-892-0681,10000,法人,管機,,R040126,28,電気・設備工事,1
47008647,知事,（有）清光建設,石川 満,904-1107,うるま市,石川曙２－２３－２５,098-964-4503,5000,法人,土建大左と石屋タ鋼筋舗板ガ塗防内絶具水解,,R061108,20,建設業（総合）,1
47014731,知事,（株）清光商事,宮里 清,901-0405,島尻郡八重瀬町,字伊覇８５－３,098-996-3846,1000,法人,内,,R040916,0,内装工事,1
47015106,知事,清光商事,米須 清光,901-2423,中頭郡中城村,字北上原４２１－６,098-895-9155,,個人,内,,R060419,0,内装工事,1
47012066,知事,（有）正光電気,山内 正弘,904-2311,うるま市,勝連南風原４０５０－１,098-978-7446,5000,法人,電管,,R040319,12,電気・設備工事,1
47013897,知事,（株）セイコー,平岡 功士,901-2211,宜野湾市,宜野湾３－１９－３７,098-943-5172,5000,法人,電管,,R070221,5,電気・設備工事,1
47015453,知事,（株）ＳＥＩＪＵ ＳＹＳＴＥＭ,盛島 洋樹,901-2214,宜野湾市,我如古３－１５－２３,098-914-0174,3000,法人,電管通消,,R070919,0,電気・設備工事,1
47011505,知事,（有）成祥,仲宗根 明香,901-2121,浦添市,内間５－４－７－１０１号室,098-879-1725,20000,法人,電,1,R040701,12,電気・設備工事,1
47001537,知事,（有）星城建設,伊礼 進,901-2312,中頭郡北中城村,字和仁屋２７５ カレブＪ１階,098-895-4900,10000,法人,土建大左と石屋タ鋼筋舗板ガ塗防内絶具水,,R050605,35,建設業（総合）,1
47015219,知事,（合）成上建設工業,上原 秀雄,904-2221,うるま市,字平良川２９７－３,098-974-2678,5000,法人,土と石鋼舗し水,,R061004,0,建設業（総合）,1
47015171,知事,（株）成城プランテック,比屋根 敬矢,904-0022,沖縄市,園田１－３－３９（２０２）,098-989-8538,1000,法人,管機,,R060726,0,電気・設備工事,1
47010088,知事,（有）正真工業,伊保 義正,904-2224,うるま市,字大田２８０－１,098-974-2876,7000,法人,土建と石管舗水,,R041010,15,建設業（総合）,1
47008694,知事,（有）誠進産業,饒平名 真由美,904-2143,沖縄市,知花６－１－２,098-937-0375,5000,法人,消,,R070403,20,電気・設備工事,1
47010763,知事,（有）セイシン住興,平川 清,901-0243,豊見城市,字上田５６９,098-850-4688,30000,法人,土建大左と石屋管タ鋼筋舗し板ガ塗防内絶具水解,1,R060625,15,建設業（総合）,1
47008355,知事,（株）正太商事工業,當眞 正次,903-0807,那覇市,首里久場川町２－２８－１,098-887-5853,10000,法人,土と石電管鋼舗し水消,,R031105 R040301,20,建設業（総合）,1
47014178,知事,（株）成道建設,前田 正己,901-2223,宜野湾市,大山１－１２－９,098-870-2513,1000,法人,土建と石鋼舗し水,,R021023,5,建設業（総合）,1
47003757,知事,（有）盛徳組,喜友名 剛,904-0321,中頭郡読谷村,字上地４０８番地の１,098-958-3772,3000,法人,建大屋タ内,,R020724,35,建設業（総合）,1
47015205,知事,（株）星南実業,古謝 厚,901-2226,宜野湾市,嘉数１－２１－１１ ２Ｆ,098-943-1308,2000,法人,土と石鋼舗し水,,R060913,0,建設業（総合）,1
47011256,知事,（有）成武,知花 武弘,905-0015,名護市,大南２－２－３,0980-52-7509,8000,法人,土建大左と石屋タ鋼筋舗し板ガ塗防内絶具水,,R040727,15,建設業（総合）,
47010858,知事,（有）清風開発工業,久貝 千枝美,907-0004,石垣市,字登野城８１６番地の２,0980-83-6587,5000,法人,土と石鋼舗し塗園水,,R070726,15,建設業（総合）,
47007759,知事,（有）西部技建,渡慶次 奈月,901-0243,豊見城市,字上田３１５－１、１０１,098-850-4537,20000,法人,土と石電管鋼舗し水,,R070823,28,建設業（総合）,1
47009802,知事,（有）セイモリ電器,生盛 孫幸,903-0802,那覇市,首里大名町１－２５８,098-884-7488,6000,法人,土と石電管鋼舗し水,,R070217,20,建設業（総合）,1
47008904,知事,（有）成友興業,德山 純英,907-0021,石垣市,字名蔵２４３－４４７,0980-82-2617,35000,法人,土と石鋼舗し塗水,,R061101,20,建設業（総合）,
47008498,知事,（有）成和,古謝 泰一,904-0204,中頭郡嘉手納町,字水釜１２９,098-956-8627,15000,法人,土と石舗し水,,R040530,20,建設業（総合）,1
47009082,知事,（有）成和,池原 隆康,904-2172,沖縄市,泡瀬２－２８－２３,098-939-9385,3000,法人,土建大と石タ鋼筋舗し水,,R030725,20,建設業（総合）,1
47014944,知事,（合）成和,田場 盛仁,901-1302,島尻郡与那原町,字上与那原４７４,090-1942-8504,300,法人,土と舗内,,R050714 R061202,0,建設業（総合）,1
47011187,知事,（株）正和建設,玉城 正和,904-2316,うるま市,勝連比嘉１５００,098-977-7279,3000,法人,土と石鋼舗し水,,R040312,15,建設業（総合）,1
47012886,知事,（株）誠和工業,平良 誠,901-2132,浦添市,伊祖５－８－１４,098-879-3078,6000,法人,建と,,R021217,12,建設業（総合）,1
47013523,知事,（合）成和工業,呉屋 正弘,904-2151,沖縄市,松本５－６－３６,090-2512-6661,1000,法人,絶,,R050803,8,その他専門工事,1
47014996,知事,星和産業（合）,砂川 こずえ,906-0204,宮古島市,上野字上野２９３,0980-79-9958,1000,法人,土と石鋼舗し塗水解,,R051027,0,建設業（総合）,
47013979,知事,（有）誠和実業,平良 真裕,901-2224,宜野湾市,真志喜５－２０－１２,098-864-2354,3000,法人,具,,R070525,5,その他専門工事,1
47013423,知事,（株）政和重機工業,神里 和彦,901-2111,浦添市,字経塚８１１－６５,098-879-2292,5000,法人,土建と石鋼舗し塗水,,R050322,8,建設業（総合）,1
47004948,知事,清和電水工事社,嘉数 清,902-0074,那覇市,仲井真３２０,098-854-5412,,個人,電消,,R040330,35,電気・設備工事,1
47012887,知事,（株）セーク,石川 秀志,904-1106,うるま市,石川１丁目２６番３６号 シャトレマリン３０１号,098-911-1749,2400,法人,大,,R021217,12,その他専門工事,1
47009115,知事,（株）ゼーゲン・カンパニー,玉城 かおり,901-2226,宜野湾市,嘉数３－２－６,098-917-2781,10000,法人,土建と石舗水,,R031114,20,建設業（総合）,1
47010585,知事,（有）セーフテイ探査,翁長 隆,900-0012,那覇市,泊２－９－２,098-862-5282,3000,法人,土と石鋼舗し水,,R051211,15,建設業（総合）,1
47012745,知事,（株）セキグチ,堰口 太郎,905-0019,名護市,大北１－１０－２－３０１号ベル・アビタシオン＊,0980-53-7179,5000,法人,左,,R070525,12,その他専門工事,
47007953,知事,（有）積和組,多和田 一夫,901-2202,宜野湾市,普天間２－１－９,098-892-7837,3000,法人,土建大と石鋼舗塗水解,,R041016,28,建設業（総合）,1
47011557,知事,セコム琉球（株）,井口 郁,900-0015,那覇市,久茂地１－７－１,098-862-2221,76250,法人,電通消,,R051009,12,電気・設備工事,1
47011910,知事,セジマ建設,上間 覚,905-0227,国頭郡本部町,字瀬底２６９,0980-47-5760,,個人,土建左と石鋼舗し水,,R030307,12,建設業（総合）,
47013537,知事,瀬底工務店（株）,瀬底 正邦,901-1402,南城市,佐敷字手登根５６５－１,098-947-1233,9000,法人,土建大左と石屋管タ鋼筋舗し板ガ塗防内絶園具水解,,R050816,8,建設業（総合）,1
47008076,知事,（株）瀬底産業,仲榮眞 光史,905-0227,国頭郡本部町,字瀬底２９８－５,0980-47-5991,35000,法人,土建大左と石屋管タ鋼筋舗し板ガ塗防内絶園具水解,1,R070502,20,建設業（総合）,
47001485,知事,（株）瀬底土建,瀬底 元,901-0231,豊見城市,字我那覇２２９番地,098-850-0740,39500,法人,土建と石鋼舗し塗水解,1,R031002,35,建設業（総合）,1
47009558,知事,（株）セゾン沖縄,上原 文浩,904-2205,うるま市,字栄野比８２－１,098-969-2461,10000,法人,大内,,R040925,20,内装工事,1
47007500,知事,（有）セゾン社,瑞慶覧 俊也,901-1111,島尻郡南風原町,字兼城５８６－８,098-889-6002,10000,法人,建大屋タ内,,R030406,28,建設業（総合）,1
47008290,知事,（株）設備技研,平良 智,904-2172,沖縄市,泡瀬１－１０－１３,098-934-1313,34500,法人,土建と石管鋼舗し機水消,1,R070918,20,建設業（総合）,1
47014619,知事,（株）瀨塗工業,瀨底 佑太,901-1301,島尻郡与那原町,字板良敷７４２,090-5470-5053,5000,法人,建大左と石屋タ鋼筋板ガ塗防内絶具解,,R040502 R070423,0,建設業（総合）,1
47005451,知事,（有）瀬名波重機,山内 定信,904-0325,中頭郡読谷村,字瀬名波２０５,098-958-5212,5000,法人,土と石舗水,,R040629,35,建設業（総合）,1
47002652,知事,（株）ゼネラル電設,新川 秀盛,903-0802,那覇市,首里大名町１－１２６－６,098-887-3012,23000,法人,電,1,R070512,35,電気・設備工事,1
47014195,知事,勢理客工業,染井 武泰,901-2226,中頭郡西原町,字小那覇１４７３番地,098-946-7329,,個人,土大と鋼筋,,R021113,5,建設業（総合）,1
47015323,知事,（株）ゼロベース,諸見 哲矢,901-2214,宜野湾市,我如古二丁目４番１７号ー１０２,098-953-9372,5000,法人,建大左と石屋タ鋼筋板ガ塗防内絶具,,R070404,0,建設業（総合）,1
47012929,知事,（合）Ｓｅｎ,棚原 良裕,901-2204,宜野湾市,上原２－１４－１,098-8291-0969,1000,法人,大,,R030328,8,その他専門工事,1
47006234,知事,（株）全沖産業,佐渡山 聖,901-2131,浦添市,牧港５－６－８,098-876-4612,20000,法人,土建大左と石屋電管タ鋼筋舗し板ガ塗防内機絶具水解,1,R040322,28,建設業（総合）,1
47004925,知事,善功組,柴引 善功,904-2151,沖縄市,松本４－７－１２,098-937-3747,,個人,建大,,R040530,35,建設業（総合）,1
47014919,知事,（株）善幸建設,平良 真由美,904-0002,沖縄市,城前町５－８ １Ｆ,098-979-9901,2000,法人,建大と,,R050622,0,建設業（総合）,1
47011639,知事,閃光社,長田 益博,901-0302,糸満市,字潮平６３－５,098-992-5809,,個人,土と石電鋼舗し水,,R061120,12,建設業（総合）,1
47014079,知事,（株）全志建設,具志堅 智和,904-2223,うるま市,字具志川６４１－１,098-989-0947,1000,法人,大と,,R070731,5,その他専門工事,1
47001428,知事,（有）全勝組,島袋 一郎,905-0211,国頭郡本部町,字東４６７－９,0980-47-3449,41000,法人,土建大左と石屋管タ鋼筋舗し板ガ塗防内絶園具水解,1,R060606,35,建設業（総合）,
47015202,知事,（株）ゼンシン,前田 敏和,901-0334,糸満市,字大度３０９－２７,090-1519-0445,5000,法人,と解,,R060830,0,その他専門工事,1
47000509,知事,（株）善太郎組,翁長 恵子,901-0156,那覇市,字田原１９３,098-857-1023,33855,法人,土建大左と石屋タ鋼筋舗し板ガ塗防内絶具水解,1,R070526,35,建設業（総合）,1
47011992,知事,選電設（株）,島袋 正男,904-2162,沖縄市,海邦２－２－５,098-934-5751,23000,法人,電,1,R040422,12,電気・設備工事,1
47013985,知事,（株）セント,平田 誠,904-2231,うるま市,字塩屋２７０,080-6498-0635,5000,法人,土建大左と石屋タ鋼筋舗し板ガ塗防内絶具水,,R070525,5,建設業（総合）,1
47010252,知事,全也組,具志堅 善也,903-0128,中頭郡西原町,字森川９８－１,098-955-4151,,個人,建大と屋タ内,,R040208,15,建設業（総合）,1
47014112,知事,（株）善林堂,仲嶺 剛,901-2122,浦添市,勢理客１－１－６,098-878-6565,15000,法人,大左石屋タ板ガ塗防内絶具,,R070828,5,塗装・防水,1
47014343,知事,（株）ＳＯＩＬ,與古田 諒,904-2173,沖縄市,比屋根２－８－３１,098-931-1128,20000,法人,と,,R030528,5,その他専門工事,1
47013533,知事,ソイルワークス（株）,並木 敏郎,901-0155,那覇市,金城３－４－１４,098-996-2897,35000,法人,土と石鋼舗し塗水解,1,R050813,8,建設業（総合）,1
47013033,知事,（株）創,松本 奈美,901-2221,宜野湾市,伊佐３－３－７－６０１ フラワーキャッスル宜野湾,098-897-5127,2000,法人,建,,R030818,8,建設業（総合）,1
47007295,知事,（有）創永電気工業,與儀 永伸,904-0103,中頭郡北谷町,字桑江５８５－２７,098-936-6437,27800,法人,電消,1,R031003,28,電気・設備工事,1
47015378,知事,装苑,平田 優斗,901-0224,豊見城市,字与根２７０,080-8567-4232,,個人,大内,,R070620 R070905,0,内装工事,1
47013365,知事,（株）創機設,佐和田 達,906-0007,宮古島市,平良字東仲宗根５５５－１ １階,0980-79-0063,2000,法人,土と石管鋼舗し水,,R041205,8,建設業（総合）,
47005942,知事,創建（株）,森元 義和,904-2161,沖縄市,古謝３－２０－９,098-929-3311,10000,法人,土と石電管鋼舗し水消解,,R030819,35,建設業（総合）,1
47007495,知事,（有）双建,今出 輝重,902-0068,那覇市,真嘉比３－４－２６,098-885-0022,8000,法人,土建大と石屋タ鋼舗内水,,R030625,28,建設業（総合）,1
47010736,知事,（株）総検エンジニア,上地 聡,904-2155,沖縄市,美原２－１５－１,098-929-0727,6500,法人,機,,R061007,15,電気・設備工事,1
47006382,知事,（株）宗建設,仲宗根 初枝,906-0505,宮古島市,伊良部字国仲６４５－１,0980-78-3100,25000,法人,土建と石管舗し水解,1,R070724,28,建設業（総合）,
47012409,知事,綜建トラスト（株）,福田 憲一,904-2165,沖縄市,宮里４－３２－８,098-937-6186,8880,法人,建,,R051217,12,建設業（総合）,1
47006687,知事,総合インテリア マツヤ,松田 理,900-0014,那覇市,松尾１－１５－６,098-914-1192,,個人,内,,R031015,28,内装工事,1
47012374,知事,総合インテリア スペース,中谷 和則,901-2203,宜野湾市,野嵩１－１２－２,098-893-1313,,個人,内,,R051028,12,内装工事,1
47009754,知事,（有）総合計画,田本 進,907-0013,石垣市,浜崎町２－６－１１,0980-84-1126,5000,法人,土建大左と石屋タ鋼筋舗し板ガ塗防内絶具水,,R061124,20,建設業（総合）,
47008388,知事,（有）宗幸建設,濱比嘉 宗徳,904-1302,国頭郡宜野座村,字宜野座３８１－１,098-968-5402,30000,法人,土建と石管鋼舗し塗水,,R070519,20,建設業（総合）,
47008335,知事,（有）総合シークレット,久高 国光,906-0503,宮古島市,伊良部字伊良部１４３３,0980-78-5753,3000,法人,土建大左と石屋管タ鋼舗し板ガ塗防内絶具水,,R030909,20,建設業（総合）,
47012044,知事,総合設備優建,田場 繁春,904-2245,うるま市,字赤道３２８－３,098-973-9650,,個人,土と管鋼舗塗水,,R040116,12,建設業（総合）,1
47005410,知事,（株）総合土木,金城 佳孝,901-0361,糸満市,字糸満１９６１－１９,098-992-3900,40000,法人,土建大と石鋼舗し塗防内水解,1,R070313,35,建設業（総合）,1
47015286,知事,総合プラン（株）,山内 淳,900-0023,那覇市,楚辺２－３５－１４ 古波津商事ビル１階,090-9788-2936,1000,法人,土と石鋼舗し水解,,R070221,0,建設業（総合）,1
47014046,知事,総合包装（株）,川上 好永,903-0103,中頭郡西原町,字小那覇１１８１,098-946-5411,20000,法人,電管機,,R070710,5,電気・設備工事,1
47009676,知事,総合リフォーム（株）,上原 健裕,901-2225,宜野湾市,大謝名１－３－１５,098-898-6622,20000,法人,土建大左と石屋タ鋼筋舗板ガ塗防内絶具水解,1,R050508,20,建設業（総合）,1
47011382,知事,（有）創作室アンカーサー,川北 信一,901-2133,浦添市,城間２－１５－２ブルックハイム３０１,098-875-1104,3000,法人,内,,R050617,12,内装工事,1
47012075,知事,（株）ＳＯＵＳＩＮ ＨＯＭＥ,山本 照夫,904-0035,沖縄市,南桃原４－３１－４,098-923-0286,5000,法人,建大左と石屋タ鋼筋板ガ塗防内絶具,,R040425,12,建設業（総合）,1
47010884,知事,（有）創伸企画,上地 宏樹,903-0804,那覇市,首里石嶺町３－１３６－６,098-996-1552,3000,法人,建大と石屋タ鋼内,,R070830,15,建設業（総合）,1
47010066,知事,（株）創新工業,仲村渠 幸雄,901-2206,宜野湾市,愛知２－１５－１１,098-893-8561,48000,法人,電具,,R030507,15,電気・設備工事,1
47014094,知事,（株）創進コンクリート,知念 敏治,907-0003,石垣市,字平得７４１,0980-82-1830,29000,法人,土と舗,,R070814,5,建設業（総合）,
47010234,知事,（株）創設備,當山 みゆき,904-0203,中頭郡嘉手納町,字嘉手納３１２－１１,098-921-5508,10000,法人,土と石管舗水,,R070708,15,建設業（総合）,1
47011435,知事,（株）創造社,森根 清充,903-0804,那覇市,首里石嶺町２－９３－１３,098-887-4792,4000,法人,大左石屋タ板ガ塗防内絶具,,R030519,12,塗装・防水,1
47009190,知事,（有）創電通,宮平 仁,901-2225,宜野湾市,大謝名２－２７－３,098-898-1337,3000,法人,電通,,R060316,20,電気・設備工事,1
47010117,知事,（有）送友設備,知念 智則,901-1202,南城市,大里字大城１７９９－１,098-943-5313,4000,法人,管,,R030702,15,電気・設備工事,1
47009675,知事,（有）総販,玉城 一夫,904-0302,中頭郡読谷村,字喜名２１７－１,098-956-8164,8000,法人,土建大と石屋タ鋼舗し内水,,R050528,20,建設業（総合）,1
47012314,知事,（株）創木工所,大城 創玄,901-0306,糸満市,西崎町５－１０－１０,098-996-3797,2000,法人,内具,,R050701,12,内装工事,1
47012573,知事,（株）創和開発,伊佐 健,904-1112,うるま市,石川楚南３８７－１,098-989-6173,3000,法人,と,,R060901,12,その他専門工事,1
47015176,知事,（合）総和空設,満名 敦史,901-0153,那覇市,宇栄原１－５－８,098-995-9046,5000,法人,管,,R060802,0,電気・設備工事,1
47009006,知事,（有）総和工業,知念 辰幸,907-0024,石垣市,字新川２３７８－１,0980-82-0828,10000,法人,土と舗水,,R030724,20,建設業（総合）,
47010101,知事,（有）創和テクノ,儀間 朝常,901-1505,南城市,知念字久原６３－４,098-917-0455,5000,法人,土と石電管鋼舗水解,,R061219,15,建設業（総合）,1
47011173,知事,（株）添空調設備,添盛 恭充,901-0244,豊見城市,宜保２－５－８,098-894-8450,3990,法人,電管,,R040109,15,電気・設備工事,1
47004005,知事,（株）祖慶電設工業,平良 愛子,901-0152,那覇市,小禄３－１０－３,098-857-5724,21000,法人,土と石電舗水,1,R041216,35,建設業（総合）,1
47011935,知事,祖堅工業,祖堅 竜樹,904-2204,うるま市,字西原１９７－３,098-972-7883,,個人,具,,R030513,12,その他専門工事,1
47015002,知事,（株）ｓｏｔｏｒｉａ,大石 博智,905-1152,名護市,字伊差川２７９,0980-43-8092,5000,法人,建解,,R051102,0,建設業（総合）,
47005588,知事,（有）楚南海事,楚南 武晴,906-0005,宮古島市,平良字西原４２２－５,0980-72-0024,40000,法人,土建と石鋼舗し水,1,R031221,35,建設業（総合）,
47013286,知事,ソノエ工業（株）,又吉 聡,901-2417,中頭郡中城村,字伊集１３４－３,098-942-3936,3000,法人,板具,,R040823,8,その他専門工事,1
47013624,知事,大空木工,比嘉 恒弘,904-0304,中頭郡読谷村,字楚辺１９５３－２,098-956-9226,,個人,建内,,R060117,8,建設業（総合）,1
47012816,知事,（株）ソリューション琉球,金盛 勝文,902-0061,那覇市,古島１－９－１５,098-917-4530,3000,法人,電消,,R070821,12,電気・設備工事,1
47007857,知事,（株）ソルテック,福田 宜久,900-0002,那覇市,曙３－１８－２６,098-866-3411,30000,法人,土建大左と石屋管タ鋼筋舗し板ガ塗防内絶具水解,1,R040118,28,建設業（総合）,1
47014611,知事,（合）ソルテック沖縄,桃原 薫,905-0005,名護市,為又５２０－１ Ｙコーポラス１０２,0980-43-0290,700,法人,土と石鋼舗し水,,R040408,0,建設業（総合）,
47014288,知事,孫光（株）,名城 明広,902-0071,那覇市,繁多川１－１７－６ユートピア繁多川Ａ－１,098-894-6652,500,法人,土と石鋼舗し水解,,R030312,5,建設業（総合）,1
47010661,知事,（有）ターフメンテナンス・ヒガ,比嘉 斉,904-2143,沖縄市,知花５－１８－６,098-934-6060,3000,法人,土と石鋼舗し塗園水,,R060508,15,建設業（総合）,1
47010268,知事,（有）大,大濵 達也,907-0022,石垣市,字大川１４２５－８,0980-88-8380,10000,法人,土と石鋼舗し園水,,R040227,15,建設業（総合）,
47013183,知事,（株）第一アルミ建材,金城 隆紀,901-0404,島尻郡八重瀬町,字高良２５２－２,098-998-8421,5000,法人,建大屋タ内,,R040323,8,建設業（総合）,1
47011841,知事,（株）第一機行,大城 政敏,900-0033,那覇市,久米１－１６－１０,098-867-6408,20000,法人,管機,,R071007,12,電気・設備工事,1
47003532,知事,（株）第一建設,照屋 正明,901-0223,豊見城市,字翁長７５６－７,098-850-4075,30000,法人,土建大左と石屋タ鋼筋舗し板ガ塗防内絶具水解,1,R030925,35,建設業（総合）,1
47013719,知事,（合）ダイイチ建設,喜屋武 一郎,904-0034,沖縄市,山内２－２６－６Ｂ－５,098-989-6192,5000,法人,大,,R030519,5,その他専門工事,1
47003734,知事,第一工業（株）,上里 幸春,904-2155,沖縄市,美原３－１８－１３,098-934-9801,66000,法人,電管通,1,R040222,35,電気・設備工事,1
47010944,知事,（株）第一三興建設,亀谷 善史,900-0015,那覇市,久茂地２－８－１－１階,098-917-6190,48000,法人,土と石鋼舗し塗水,1,R040718,15,建設業（総合）,1
47000720,知事,（資）第一設備,武村 健,902-0076,那覇市,与儀２－１２－２５,098-832-9617,30000,法人,土と石管鋼舗し機水,,R070206,35,建設業（総合）,1
47014341,知事,（株）第一設備,新垣 真一,904-2226,うるま市,字仲嶺６８６－１,098-989-0304,3000,法人,土と石管鋼舗し塗水解,,R030528,5,建設業（総合）,1
47008199,知事,（有）大市内装工業,大城 健市,901-2316,中頭郡北中城村,字安谷屋１３４８－１ジ・オーシャンハウスビル４Ｆ,098-935-4166,25000,法人,建大左と石屋タ鋼筋板ガ塗防内絶具解,1,R070704,20,建設業（総合）,1
47014270,知事,第一生コンクリート（株）,前盛 勝仁,907-0022,石垣市,字大川１５３６,0980-82-1021,18800,法人,と,,R030226,5,その他専門工事,
47010776,知事,第一農薬（株）,宮城 武人,904-2162,沖縄市,海邦町３－１１,098-934-1112,36600,法人,土と石鋼舗し水,,R070202,15,建設業（総合）,1
47011438,知事,第一リフォーム沖縄,友寄 隆治,902-0071,那覇市,繁多川４－８－３,098-836-5685,,個人,防,,R051106,12,塗装・防水,1
47015103,知事,（株）大栄,島袋 孝之,901-0305,糸満市,西崎１－７－１,098-992-1077,3000,法人,と,,R060405,0,その他専門工事,1
47005598,知事,（株）大永開発,新川 むつみ,902-0073,那覇市,字上間３８９－１,098-894-6720,23000,法人,土建と石鋼舗し塗水,,R030411 R060604,35,建設業（総合）,1
47005774,知事,（有）大栄開発,島尻 孝,906-0013,宮古島市,平良字下里１３２８－９,0980-72-3430,5000,法人,土と石管鋼舗し塗園水,,R070702,35,建設業（総合）,
47015066,知事,大栄組,金城 猛光,901-1304,島尻郡与那原町,字東浜７８－２ Ｃａｓａはなあい２０２,070-5697-8118,,個人,と,,R060216,0,その他専門工事,1
47007571,知事,（有）大永建設,當銘 幸和,907-0021,石垣市,字名蔵２４３－６０,0980-83-3041,8000,法人,土建と石鋼舗水,,R040112,28,建設業（総合）,
47003103,知事,大永建設工業（株）,大城 哲也,904-0204,中頭郡嘉手納町,字水釜３６２－１１,098-956-6492,36000,法人,土建大と石屋タ鋼舗内水解,1,R021224,35,建設業（総合）,1
47009511,知事,大栄工業,川満 美千子,906-0503,宮古島市,伊良部字伊良部６０,0980-78-4707,,個人,土と石鋼舗水,,R050925,20,建設業（総合）,
47011300,知事,（有）ダイエイ工業,真栄城 兼佑,904-0035,沖縄市,南桃原３－３５－１２,098-933-7832,3000,法人,土と石管鋼舗し塗水,,R041129,15,建設業（総合）,1
47003900,知事,（有）大栄土建,大城 由香,901-0315,糸満市,字照屋１２９９,098-994-6921,30000,法人,土と石鋼舗し塗水解,1,R040919,35,建設業（総合）,1
47010417,知事,（有）大栄物産,新里 幸吉,901-2101,浦添市,西原３－１－６,098-874-5665,8000,法人,内,,R041212,15,内装工事,1
47003061,知事,（有）大旺産業,新垣 詩織,904-0202,中頭郡嘉手納町,字屋良９５０－２,098-956-3437,20000,法人,土建と石舗内水解,,R030131,35,建設業（総合）,1
47014485,知事,（合）大沖工業,新里 一仁,904-2215,うるま市,みどり町４－１０－１グリーンライフＣ－１,098-987-8401,1000,法人,と,,R031008,0,その他専門工事,1
47008368,知事,タイガー産業（株）,島袋 盛義,904-2234,うるま市,字州崎１２－１１,098-982-1888,30000,法人,土建と石鋼舗水,,R050602,20,建設業（総合）,1
47013673,知事,（株）大海設備,伊吉 政樹,901-0512,島尻郡八重瀬町,字具志頭１１５８,098-851-3670,1000,法人,管,,R060509,8,電気・設備工事,1
47014318,知事,（合）大開発,新垣 利光,901-2225,宜野湾市,大謝名３－５－１７,098-975-7067,1000,法人,土解,,R030430,5,建設業（総合）,1
47007780,知事,（有）大我組,来間 重博,904-2241,うるま市,字兼箇段１５１７,098-989-3994,40000,法人,土建大と石屋タ鋼舗し塗内水解,1,R070512,28,建設業（総合）,1
47013375,知事,（株）タイカ工業,國頭 あゆみ,901-1403,南城市,佐敷字佐敷３５４番地,098-947-6235,5000,法人,土と管舗水,,R041221,8,建設業（総合）,1
47000553,知事,（株）大寛組,大濵 均,900-0034,那覇市,東町１６－９,098-868-1015,30000,法人,土建大左と石屋タ鋼筋舗し板ガ塗防内絶具水解,1,R031207,35,建設業（総合）,1
000029013,大臣,（株）大輝,平良 正,901-0231,豊見城市,字我那覇４４５－１２,098-856-6482,20000,法人,土建大左と石屋電タ鋼筋舗板ガ塗防内絶通具水,1,R051121,,建設業（総合）,1
47012591,知事,（株）大気,玉寄 優,901-1414,南城市,佐敷字津波古２３８６－４（１階）,098-894-8220,3000,法人,管,,R061008,12,電気・設備工事,1
47009162,知事,（株）大輝,砂川 隆子,901-2214,宜野湾市,字我如古３７１－２,098-897-8939,10000,法人,土と石舗水解,,R051202,20,建設業（総合）,1
47012841,知事,（株）大貴,棚原 忠司,904-2233,うるま市,字豊原７５３－１,098-911-7588,5000,法人,建と解,,R071015,12,建設業（総合）,1
47013908,知事,（合）大喜技建,上門 喜秀,904-2171,沖縄市,高原６－１２－１４,098-933-3328,2200,法人,土建大と石屋タ鋼舗し内水解,,R051204,5,建設業（総合）,1
47005312,知事,（有）太基建設,瀬長 雄次,907-0024,石垣市,字新川２３７８－９,0980-83-3192,19000,法人,土建と石舗水,,R030920,35,建設業（総合）,
47009812,知事,（株）大樹建設,翁長 盛榮,901-2102,浦添市,前田１－１１－５－１０１,098-875-7069,21000,法人,土建大左と石屋タ鋼筋舗し板ガ塗防内絶具水解,1,R070315,20,建設業（総合）,1
47012704,知事,（有）大起建設,平良 良子,901-0224,豊見城市,字与根７７－７,098-987-7133,5000,法人,土と石鋼舗水,,R070309,12,建設業（総合）,1
47003001,知事,（有）大喜建設,喜舎場 正,907-0023,石垣市,字石垣東嵩原７３２ー１,0980-83-2423,10000,法人,土建と石管鋼舗し水,,R070430,35,建設業（総合）,
47011770,知事,大樹興業,照屋 武三,901-2121,浦添市,内間５－６－１島マンション３０２号,098-875-4969,,個人,と,,R070611,12,その他専門工事,1
47001293,知事,（有）ダイキ産業,金城 純子,905-1631,名護市,字屋我３３番地,0980-52-8401,5000,法人,土と石管舗水,,R030516,35,建設業（総合）,
47014230,知事,タイキスチール工業,大城 秀喜,901-2312,中頭郡北中城村,字和仁屋２１２,090-1941-0041,,個人,内,,R021218,5,内装工事,1
47014367,知事,（有）大輝ホーム,平安座 唯輝,901-2215,宜野湾市,真栄原２－２－３,098-894-8345,3000,法人,建大屋タ内,,R030618,5,建設業（総合）,1
47005288,知事,（株）大協開発,大屋 聡,901-0302,糸満市,字潮平３４８－１,098-994-3371,21000,法人,土と石電管鋼舗し塗水解,1,R040428,35,建設業（総合）,1
47014882,知事,（株）大協技研,榎 繁智,901-0361,糸満市,糸満２４２５－５ ビビットハウス１０１,098-851-3548,1000,法人,通,,R050512,0,電気・設備工事,1
47014172,知事,大京組（株）,酒村 京,902-0063,那覇市,三原３－５－４０,098-855-9751,1000,法人,と,,R021016,5,その他専門工事,1
47000038,知事,（有）大協建設,宮城 亮,904-0323,中頭郡読谷村,字高志保１５０８－１,098-958-2910,31500,法人,土建大左と石屋タ鋼筋舗し板ガ塗防内絶具水解,1,R031005,35,建設業（総合）,1
47003129,知事,大鏡建設（株）,平良 修一,901-0152,那覇市,字小禄９１２－１,098-857-7117,20000,法人,土建大左と石屋タ鋼筋舗し板ガ塗防内絶具水解,1,R030605,35,建設業（総合）,1
47011275,知事,大協建設,川満 広秋,906-0203,宮古島市,上野字宮国１５７０－２,0980-72-6900,,個人,土建と,,R040907,15,建設業（総合）,
47001872,知事,大協電気工事（株）,上村 勝,903-0802,那覇市,首里大名町３－１７－６,098-887-3951,20000,法人,電通,1,R040906,35,電気・設備工事,1
47006412,知事,（有）ダイキン,下地 金榮,906-0015,宮古島市,平良字久貝１０５２－１８,0980-72-4824,5000,法人,土建大と石タ鋼舗水,,R070725,28,建設業（総合）,
47008698,知事,ダイキンＨＶＡＣソリューション沖縄（株）,岸本 直也,901-0155,那覇市,金城５－３－４,098-859-4154,40000,法人,管,,R070830,20,電気・設備工事,1
47013618,知事,（資）大空,比嘉 泉,904-1111,うるま市,石川東恩納９５０－１,098-964-3980,10,法人,管,,R060109,8,電気・設備工事,1
47015169,知事,大工沖縄工房舎（合）,増井 清,905-0013,名護市,城１－１２－１６山里貸事務所１階,0980-43-1980,100,法人,建大屋タ鋼内,,R060719,0,建設業（総合）,
47009264,知事,（株）大慶産業,入川 重男,900-0002,那覇市,曙１－９－２２,098-866-3783,11200,法人,土と舗水,,R040711,20,建設業（総合）,1
47004205,知事,（有）太建開發,宮城 豊,902-0073,那覇市,字上間４２９－１,098-853-8318,10000,法人,土建大と石屋タ鋼舗し塗内水解,,R070615,35,建設業（総合）,1
47004996,知事,（有）大建興業,大宜見 司,905-1202,国頭郡東村,字宮城３０３－２,0980-43-2451,20000,法人,土建と石管鋼舗園水解,1,R040902 R071003,35,建設業（総合）,
47001462,知事,大源畳店,大城 源次,900-0003,那覇市,字安謝２５４,098-861-3524,,個人,内,,R030725,35,内装工事,1
47000780,知事,（有）Ｔａｉｋｏｕ,津波古 則志,901-2126,浦添市,宮城４－１－８－３０２号,098-877-2044,10000,法人,土建大と石屋タ鋼筋舗し塗内水,,R030531,35,建設業（総合）,1
47010442,知事,大宏インテリアサービス,下里 光宏,906-0007,宮古島市,平良字東仲宗根８９７－３,0980-73-7355,,個人,建内,,R050204,15,建設業（総合）,
47014576,知事,大光仮設,名嘉 淳,901-2121,浦添市,内間１－１３－７－２０３号,098-969-0273,,個人,と,,R040304,0,その他専門工事,1
47014086,知事,（株）大工業,崎原 大地,904-0106,中頭郡北谷町,字玉上２０５－１５,090-9786-0974,5000,法人,と,,R040701,5,その他専門工事,1
47000157,知事,（株）太閤建設,浦﨑 家三,900-0006,那覇市,おもろまち４－２０－１６,098-951-0885,20000,法人,土建大と石屋管タ鋼舗し塗内機水消解,1,R050430,35,建設業（総合）,1
47000304,知事,（株）大興建設,島袋 利貞,904-0204,中頭郡嘉手納町,字水釜３６４－２,098-956-5111,86000,法人,土建大左と石屋タ鋼筋舗し板ガ塗防内絶園具水解,1,R030709,35,建設業（総合）,1
47003067,知事,（有）大康建設,砂川 広行,906-0012,宮古島市,平良字西里１３３１－２１,0980-72-4443,20000,法人,土と石舗水,,R041211,35,建設業（総合）,
47011586,知事,（株）大興鋼業,澤＊ 努,903-0103,中頭郡西原町,字小那覇１４９１,098-944-0858,32000,法人,土と石鋼舗し塗水,1,R060824,12,建設業（総合）,1
47008018,知事,（有）大皓設備,大城 浩一,901-0213,豊見城市,字高嶺３６３－１,098-850-4828,25000,法人,土と石管鋼舗機水,1,R070212,20,建設業（総合）,1
47014366,知事,（株）大光総建,久場川 哲,901-0224,豊見城市,字与根１２８－３,098-850-8575,3000,法人,建,,R030618,5,建設業（総合）,1
47013783,知事,（合）大興電子設備,大川 功,901-2203,宜野湾市,野嵩１－９－１０,098-892-7668,1100,法人,通,,R050715,5,電気・設備工事,1
47004812,知事,（株）大幸電設,大城 幸也,902-0075,那覇市,字国場１１７６－２,098-853-7447,20000,法人,電消,1,R070328,35,電気・設備工事,1
47015124,知事,（株）大洸冷熱,渡慶次 大悟,901-2131,浦添市,牧港３－１７－６,098-943-6546,5000,法人,管,,R060510,0,電気・設備工事,1
47014839,知事,（株）大興業,＊安 光大,901-0234,豊見城市,字田頭１０３－２,098-850-8426,1000,法人,土建と石鋼筋舗し塗水,,R050310,0,建設業（総合）,1
47004097,知事,（株）大悟開發,大城 智幸,901-1204,南城市,大里字稲嶺１９０１－５,098-946-8747,40000,法人,土建大左と石屋タ鋼筋舗し板ガ塗防内絶具水,,R030209,35,建設業（総合）,1
47011594,知事,大悟建設（株）,与那覇 悟,906-0013,宮古島市,平良字下里１７５４－１,0980-73-0709,5000,法人,土建と石鋼舗し水,,R060902,12,建設業（総合）,
47014002,知事,（合）大悟建設,比嘉 悟,901-2226,宜野湾市,嘉数２－１－１４－１０２,098-960-7678,1000,法人,土と石鋼舗塗園水,,R070626,5,建設業（総合）,1
47009011,知事,（有）大三建装工業,砂川 博稔,904-0112,中頭郡北谷町,字浜川１６９－５,098-926-4062,10000,法人,土と石鋼舗水,,R040902,20,建設業（総合）,1
47006340,知事,（有）大三電設,大石 明日香,907-0003,石垣市,字平得３９９－７,0980-82-1764,25000,法人,土と石電管舗水,1,R041111,28,建設業（総合）,
47015363,知事,（株）大志,志村 恵次,901-2202,宜野湾市,普天間二ー３１－１１ 恵アパート２０１,098-963-5407,3000,法人,土建大と石屋タ鋼舗し塗内水,,R070530,0,建設業（総合）,1
47012442,知事,大資工業,亀濱 大資,904-1101,うるま市,石川東山本町１－３－１６,098-964-2353,,個人,と,,R060217,12,その他専門工事,1
47006939,知事,（株）大志土木,志喜屋 利正,907-0023,石垣市,字石垣４３０－１６,0980-83-0258,35000,法人,土建と石鋼舗し塗水,1,R031227,28,建設業（総合）,
47010572,知事,（株）大修建設,謝花 裕文,901-2133,浦添市,城間１－２９－７,098-874-2827,40000,法人,土建大左と石屋タ鋼筋舗し板ガ塗防内絶具水解,,R041104,15,建設業（総合）,1
47006600,知事,大樹環境開発（資）,棚原 茂樹,906-0013,宮古島市,平良字下里１１９０－３,0980-72-6836,3000,法人,土と石鋼舗し園水,,R030615,28,建設業（総合）,
47012222,知事,（株）大勝,饒平名 敏之,904-2172,沖縄市,泡瀬３－１６－２５,098-989-7917,5000,法人,筋,,R030910,12,その他専門工事,1
47014131,知事,大翔,金城 良祐,900-0005,那覇市,字天久１１６４－３,070-5278-9906,,個人,通,,R070918,5,電気・設備工事,1
47010401,知事,（株）大匠アーキプロ,與儀 裕司,900-0004,那覇市,字銘苅２６９－１,098-951-3821,35000,法人,土建大左と石屋タ鋼筋舗し板ガ塗防内絶具水解,1,R030817,15,建設業（総合）,1
47008548,知事,（有）大翔建設,高良 泰地,905-0602,島尻郡伊是名村,字諸見５００３－１,0980-45-2357,21000,法人,土と石管鋼舗し水解,,R060205,20,建設業（総合）,
47012963,知事,（株）大一上建設,伊敷 操,901-0235,豊見城市,字名嘉地２５０ バイパスビル２０６号,098-851-9528,1000,法人,建大左と石屋タ鋼筋板ガ塗防内絶具,,R030506,8,建設業（総合）,1
47013272,知事,大翔工業（株）,砂川 正弘,906-0013,宮古島市,平良字下里１４７０－１２,0980-73-8088,1000,法人,建塗防,,R040802,8,建設業（総合）,
47014205,知事,大翔工業,比嘉 貴範,901-1207,南城市,大里字古堅７６２,098-946-4009,,個人,鋼,,R021127,5,その他専門工事,1
47014915,知事,（株）大奨興業,石川 奨士,902-0064,那覇市,寄宮１－６－１４ 石川アパート１０１,098-851-8550,2000,法人,建大屋タ内,,R050622,0,建設業（総合）,1
47009809,知事,（株）大翔電気,吉田 秀典,904-2234,うるま市,字州崎７－５,098-983-4722,3000,法人,電,,R070307,20,電気・設備工事,1
47009346,知事,（有）大翔電工,瀬名波 譲,905-2264,名護市,字三原３６０－２,0980-55-8475,10000,法人,土と石電鋼舗水,,R041120,20,建設業（総合）,
47013766,知事,（有）大将電設,新川 秀樹,903-0801,那覇市,首里末吉町２－９７,098-884-1081,5000,法人,電通,,R060830,5,電気・設備工事,1
47013440,知事,（株）大奨電設,屋嘉部 大輔,904-0411,国頭郡恩納村,字恩納６４９７,098-927-4899,1000,法人,電,,R050418,8,電気・設備工事,
47014964,知事,（株）大翔土建,本永 好人,901-2102,浦添市,前田３－１５９５－１,098-878-3004,3000,法人,土と石鋼舗し水解,,R050818,0,建設業（総合）,1
47006945,知事,（有）タイシン,羽地 大,906-0012,宮古島市,平良字西里１１１０,0980-79-5173,5000,法人,土建と石鋼舗水解,,R040905,28,建設業（総合）,
47014785,知事,大進,大城 良太,901-2131,浦添市,牧港１－５８－１４エルドールＭ４０２,098-988-4220,,個人,土建と石鋼舗し塗水,,R041202,0,建設業（総合）,1
47014945,知事,（株）大進,山内 和樹,904-2153,沖縄市,美里１－１０－２４,090-9656-7276,1500,法人,建大解,,R050714,0,建設業（総合）,1
47013957,知事,大伸組,赤嶺 伸伍,901-2132,浦添市,伊祖１－１５－１５,090-8662-6323,,個人,と,,R070428,5,その他専門工事,1
47001649,知事,大晋建設（株）,大城 壮司,900-0024,那覇市,古波蔵３－６－５,098-831-7777,46100,法人,土建大左と石屋タ筋舗し板ガ塗防内具水解,1,R040519,35,建設業（総合）,1
47003241,知事,（有）大眞建設,諸見里 真,901-0504,島尻郡八重瀬町,字後原５２６－１,098-998-8005,10000,法人,土建大と石屋タ鋼舗し内水,,R070418,35,建設業（総合）,1
47004535,知事,（株）大進建設,石垣 進,907-0004,石垣市,字登野城６７１,0980-82-5743,48000,法人,土建大左と石屋タ鋼筋舗し板ガ塗防内絶具水解,1,R070426,35,建設業（総合）,
47010599,知事,（株）大進建設,前原 進,901-0146,那覇市,具志３－２３－２１,098-840-9663,40000,法人,土建大左と石屋タ鋼筋舗し板ガ塗防内絶園具水解,1,R040925,15,建設業（総合）,1
47000118,知事,（資）大進工業,宜野座 砂子,900-0012,那覇市,泊１－２４－１４,098-867-5862,20000,法人,土と管舗水,1,R040330,35,建設業（総合）,1
47004131,知事,（有）大進工業,西江 喜伴,905-0702,島尻郡伊平屋村,字前泊１９５－１,0980-46-2133,10000,法人,土建と石電管舗園水,,R031221,35,建設業（総合）,
47013239,知事,（株）大進興業,大浦 大介,906-0014,宮古島市,平良市字松原５２１－６,0980-72-4722,40000,法人,土建左と石鋼舗し塗水解,1,R051222 R060911,8,建設業（総合）,
47013491,知事,大真工業,大嶺 真一,901-1206,南城市,大里字仲間１０６３－３,098-975-7027,,個人,土と石鋼舗し水,,R050622,8,建設業（総合）,1
47013888,知事,（株）大信鋼業,佐藤 一信,901-2225,宜野湾市,大謝名１－３－１４－２０３号 ビジュアルサンセット,098-927-3159,100,法人,筋,,R070207,5,その他専門工事,1
47013920,知事,（有）大進鉱業,比嘉 秀一,901-3806,島尻郡南大東村,字池之沢２６９,09802-2-2912,3000,法人,土と石鋼舗し塗水,,R070319,5,建設業（総合）,
47015440,知事,（株）大新工業,新垣 寿,904-1111,うるま市,石川東恩納５７,090-8620-7622,1000,法人,具,,R070905,0,その他専門工事,1
47008853,知事,（有）大仁工務店,大城 仁,900-0004,那覇市,銘苅３－８－１１,098-866-7784,3000,法人,建大左と石屋タ鋼筋板ガ塗防内絶具,,R021019,20,建設業（総合）,1
47008338,知事,（株）大伸重機建設,名嘉眞 章,904-1301,国頭郡宜野座村,字松田２１９４－２,098-968-8312,15000,法人,土建と石管舗水,,R030909,20,建設業（総合）,
47009253,知事,（株）大進商会,新垣 善久,902-0067,那覇市,字安里４１６大進ビル,098-894-9856,25000,法人,土建と石鋼筋舗し塗水,,R040703,20,建設業（総合）,1
47007164,知事,（有）泰伸電気,大城 泰夫,904-0323,中頭郡読谷村,字高志保２５０,098-958-1000,10000,法人,電,,R070303,28,電気・設備工事,1
47009955,知事,大進電設,大城 勇進,901-0301,糸満市,阿波根１４０６番地１２６,098-992-5752,,個人,電,,R021024,20,電気・設備工事,1
47003819,知事,（株）大新電設工業,池上 秀一,902-0074,那覇市,字仲井真４００－１,098-834-5331,9800,法人,電,,R070107,35,電気・設備工事,1
47009090,知事,（有）大伸電設工業,大城 正俊,905-0019,名護市,大北５－１９－２９,0980-54-2438,10000,法人,土と石電管鋼舗水消,,R070210,20,建設業（総合）,
47005441,知事,（株）大真木材,大城 匠,900-0003,那覇市,字安謝２２０－１,098-861-2206,15400,法人,建大屋タ内,,R021129,35,建設業（総合）,1
47009517,知事,大水産業,水津 信之,901-2302,中頭郡北中城村,字渡口２０５８－１,098-935-1613,,個人,屋,,R051008,20,その他専門工事,1
47013775,知事,（株）タイズリフォーム,赤嶺 雄一郎,901-1303,島尻郡与那原町,字与那原１１１８,098-975-7815,9000,法人,建大左と石屋タ鋼筋板ガ塗防内絶具,,R060906,5,建設業（総合）,1
47009775,知事,（株）大成,名嘉眞 貞子,904-2242,うるま市,字高江洲１０４４,098-974-9248,5000,法人,土と石管鋼舗し水解,,R040725 R061222,20,建設業（総合）,1
47009875,知事,（株）大成,吉田 直樹,901-1203,南城市,大里字大城５３８－８,098-946-8383,20000,法人,電,1,R050729,20,電気・設備工事,1
47011587,知事,（株）大成,屋嘉比 康暢,901-3805,島尻郡南大東村,字在所２６９－２,09802-2-2331,3000,法人,土と舗,,R060825,12,建設業（総合）,
47014983,知事,（株）たいせい,荻堂 盛星,901-2102,浦添市,前田１－４８－２（２０２）,070-5693-7129,1000,法人,筋,,R050929,0,その他専門工事,1
47015062,知事,（株）大生,山内 妃幸,901-0201,豊見城市,字真玉橋２７４－３ 赤嶺ビル２０５号室,098-996-7353,1000,法人,土建大と石屋タ鋼舗し内水解,,R060209 R061023,0,建設業（総合）,1
47007963,知事,（株）大成開発,名嘉原 トモ子,901-1206,南城市,大里字仲間１０００,098-943-0118,26000,法人,建大左と石屋タ鋼筋板ガ塗防内絶具,1,R040904,28,建設業（総合）,1
47013784,知事,大成企業（株）,大城 幸成,903-0117,中頭郡西原町,字翁長５５８－２,098-943-8511,5000,法人,土と石電管鋼舗し水解,,R030818 R060301,5,建設業（総合）,1
47013454,知事,（株）大成技研,宜保 成彦,901-0353,糸満市,字束里７５－６,098-996-1265,5000,法人,土大と石鋼舗し水,,R050516,8,建設業（総合）,1
47014012,知事,（合）大成基礎開発,古堅 寛,900-0003,那覇市,安謝１－１－１６,098-867-6289,2000,法人,井,,R070612,5,その他専門工事,1
47014463,知事,大誠組,大宜見 誠,904-2174,沖縄市,与儀１－１－１０,080-9102-0769,,個人,土と石鋼舗し水解,,R030917,0,建設業（総合）,1
47000770,知事,（有）大政建設,島尻 典子,906-0506,宮古島市,伊良部字長浜１３９１－３,0980-78-4001,30000,法人,土建と石電管鋼舗し塗園水解,1,R050201,35,建設業（総合）,
47013058,知事,大誠建設工業（株）,村井 誠,901-2123,浦添市,西洲２－１－１,098-943-0726,1000,法人,と,,R030923,8,その他専門工事,1
47014116,知事,大成工業,奥平 広満,901-2126,浦添市,宮城６－１２－６ 比嘉ビル４Ｆ Ａ－７,090-9783-6074,,個人,と,,R020911,5,その他専門工事,1
47012845,知事,大成興産（株）,仲地 松雄,901-2226,宜野湾市,嘉数３－４－８,090-3794-9443,30000,法人,土建大と石屋タ鋼舗し内水,,R021023,12,建設業（総合）,1
47005895,知事,（有）タイセイ産業,大城 清,901-0306,糸満市,西崎町５－１２－１６,098-994-4892,30000,法人,土建と石鋼舗ガ塗具水,,R070201,35,建設業（総合）,1
47009723,知事,（有）大成住託,山城 長吉,904-1107,うるま市,石川曙２－１－１５－１０１号室,098-964-5438,3000,法人,土建と石鋼舗し水,,R060804,20,建設業（総合）,1
47011871,知事,（株）大生商事,砂辺 長吉,902-0071,那覇市,繁多川２－７－１７,098-836-1116,10000,法人,建,,R021215,12,建設業（総合）,1
47005733,知事,大成設備工業（株）,狩俣 吉信,903-0804,那覇市,首里石嶺町４－４４４－６,098-871-4031,25000,法人,土と石電管鋼舗し塗機水解,1,R030911,35,建設業（総合）,1
47005180,知事,（株）大生通信,與那國 隆,901-0241,豊見城市,字豊見城３１８－１,098-850-2330,39000,法人,電管通消,,R050628,35,電気・設備工事,1
47002079,知事,大成土建（株）,砂川 昌則,906-0013,宮古島市,平良字下里１５６１－４,0980-72-0156,30000,法人,土建大左と石屋タ鋼筋舗し板ガ塗防内絶具水解,1,R040901 R060513,35,建設業（総合）,
47012852,知事,大成塗装工業（株）,照屋 勝己,906-0007,宮古島市,平良字東仲宗根６９３－１６,0980-72-7983,5000,法人,塗防,,R021030,12,塗装・防水,
47007989,知事,（有）大星土木,下地 秀明,906-0105,宮古島市,城辺字長間２９－１,0980-77-2877,15000,法人,土と石管舗水,,R021019,28,建設業（総合）,
47010821,知事,（有）大成プラン,大城 学,901-2132,浦添市,伊祖２－１－２タバビル３－Ｂ,098-879-7408,3000,法人,建大と内,,R070511,15,建設業（総合）,1
47011316,知事,（有）大生防災設備,比嘉 盛治,901-2131,浦添市,牧港１－８－５,098-876-4131,5000,法人,消,,R050104,12,電気・設備工事,1
47007727,知事,（株）大成ホーム,喜名 景秀,901-2131,浦添市,牧港３－３９－１１,098-877-7756,50000,法人,土建大と石屋タ鋼舗し塗内水解,1,R030914,28,建設業（総合）,1
47005793,知事,（株）大設,大兼久 健,901-2221,宜野湾市,伊佐３－１８－３,098-897-8924,20000,法人,土と石管鋼舗し塗機水,1,R031127,35,建設業（総合）,1
47007787,知事,（有）大設工業,大城 正一,901-0224,豊見城市,字与根２０９－２,098-856-0611,25000,法人,土と石管舗水,,R040313,28,建設業（総合）,1
47014724,知事,大善（合）,名嘉 善朗,905-1311,国頭郡大宜味村,字塩屋１３０６－４４,0980-44-1902,2010,法人,建,,R040909,0,建設業（総合）,
47009509,知事,（有）ダイゼン空調設備,大城 善和,904-2245,うるま市,字赤道６０８－６,098-974-1050,5000,法人,土建大左と石屋管タ鋼筋舗し板ガ塗防内絶具水,,R030621 R060808,20,建設業（総合）,1
47008907,知事,大拓建設,根間 政幸,906-0007,宮古島市,平良字東仲宗根２２,0980-73-5910,,個人,土と石鋼舗水,,R021227,20,建設業（総合）,
47009243,知事,（株）大智,屋嘉比 康暢,901-3805,島尻郡南大東村,字在所２６４－４,09802-2-2825,40000,法人,土建と石鋼舗し塗園水解,1,R061029,20,建設業（総合）,
47012637,知事,（株）大地クリア,山入端 豊,901-0152,那覇市,字小禄９１２－１,098-859-2522,10000,法人,土建大左と石屋タ鋼筋舗し板ガ塗防内絶具水解,,R070130,12,建設業（総合）,1
47008623,知事,（有）大地建設,神里 保,900-0024,那覇市,古波蔵２－１７－１６,098-836-9687,20000,法人,土建大左と石屋タ鋼筋舗し板ガ塗防内具水解,1,R040615,20,建設業（総合）,1
47008676,知事,大地建設（株）,有嶋 隆司,907-0024,石垣市,字新川２３１８－１６,0980-82-5382,10000,法人,土建と石管鋼舗し塗水,,R070308,20,建設業（総合）,
47007651,知事,（有）大地造園,下地 カツ子,906-0012,宮古島市,平良字西里１０３５,0980-73-1405,3000,法人,土と石鋼舗園水,,R041205,28,建設業（総合）,
47009729,知事,（有）大地造園,砂川 政行,907-0004,石垣市,字登野城５２５－４,0980-84-1660,5000,法人,土と石鋼舗し園水,,R040524,20,建設業（総合）,
47013680,知事,大地防水,島袋 英勝,904-2204,うるま市,字西原４２１－２－３０２,098-972-6877,,個人,防,,R060522,8,塗装・防水,1
47007046,知事,（株）大展,大新垣 好展,906-0502,宮古島市,伊良部字池間添６８３－２,0980-78-5678,30000,法人,土と石電鋼舗し水,,R060423,28,建設業（総合）,
47014836,知事,（合）大電工,大泊 用立,901-2224,宜野湾市,真志喜２－２－１９－５０１,098-800-2443,2000,法人,電,,R050310,0,電気・設備工事,1
47003123,知事,大同建設（株）,大嶺 英治,905-1416,国頭郡国頭村,字鏡地１０,0980-41-5524,20000,法人,土と石管鋼舗し塗園水解,1,R030825,35,建設業（総合）,
47008245,知事,（有）大登工業,大濱 幸則,904-2215,うるま市,みどり町６－５－１０－１０５,098-972-7511,4000,法人,と,,R030519,20,その他専門工事,1
47000893,知事,（有）大都建設,上地 一都,905-0228,国頭郡本部町,字伊野波２０７－６,0980-47-2746,40000,法人,土建大と石鋼舗し内水,1,R070222,35,建設業（総合）,
47014710,知事,（株）ダイナ沖縄,野原 一将,901-0342,糸満市,字糸洲３３７－１,098-851-9730,2000,法人,大左石屋タ板ガ塗防内絶具,,R040826,0,塗装・防水,1
47005959,知事,（有）大南建設工業,大城 清,901-0612,南城市,玉城字當山６１,098-948-2610,9000,法人,土建と石管舗水,,R060608,35,建設業（総合）,1
47007519,知事,（株）ダイナン産業,大城 信仁,904-2162,沖縄市,海邦町３－３０,098-934-1114,41500,法人,建大左と石屋タ鋼筋板ガ塗防内絶具,1,R050724,28,建設業（総合）,1
47011602,知事,大南装美,大嶺 勇,901-0412,島尻郡八重瀬町,字上田原４２－２,098-840-7420,,個人,塗,,R060911,12,塗装・防水,1
47014783,知事,（株）大日商会,平井 良治,900-0005,那覇市,字天久９５５－５,098-917-4004,3000,法人,土と石鋼舗し水,,R041202,0,建設業（総合）,1
47004459,知事,（有）大日土木,平川 悟,901-2216,宜野湾市,字佐真下８３,089-898-5233,22000,法人,土建大と石屋鋼筋舗し塗防内水解,1,R041102,35,建設業（総合）,1
47014374,知事,（株）大日本工業,金城 兼正,901-1103,島尻郡南風原町,字与那覇２７７－８－１０３,098-996-1861,1000,法人,土と石電管鋼舗し水,,R030625,5,建設業（総合）,1
47003873,知事,大発工業（株）,玉城 出人,901-2221,宜野湾市,伊佐３－１３－６,098-897-0321,20000,法人,土と石電管鋼舗塗機水解,1,R040930 R050803,35,建設業（総合）,1
47003905,知事,（有）大番総業,寄川 裕美,906-0006,宮古島市,平良字西仲宗根５５１－１,0980-73-7133,8000,法人,土建と石舗水,,R040201,35,建設業（総合）,
47005955,知事,（有）大福建設,友利 直次,901-2114,浦添市,安波茶１－２２－１６,098-876-4089,27000,法人,土建大左と石屋タ鋼筋舗し板ガ塗防内絶園具水解,1,R040821,35,建設業（総合）,1
47003483,知事,大平建設,大城 守平,901-0619,南城市,玉城字屋嘉部４９,098-948-3341,,個人,建,,R070508,35,建設業（総合）,1
47006442,知事,太平建設（株）,池間 信治郎,906-0012,宮古島市,平良字西里１３３７,0980-73-1144,40000,法人,土建大と石管鋼舗し塗内水解,1,R050706,28,建設業（総合）,
47011978,知事,大平総業（株）,松原 敬周,900-0002,那覇市,曙２－１７－６,098-951-0702,12000,法人,土と石鋼舗し水,,R030817,12,建設業（総合）,1
47011158,知事,（資）太平木工所,宮里 善作,902-0067,那覇市,安里１－７－１,098-867-3620,4880,法人,大具,,R031207,15,その他専門工事,1
47006981,知事,（株）太平洋開発,手登根 久雄,901-2213,宜野湾市,志真志４－２－２,098-898-7800,20000,法人,土建と石鋼舗し塗水,,R040806,28,建設業（総合）,1
47005707,知事,（有）大豊建産,仲村 真一,901-0152,那覇市,小禄４－１０－５,098-858-6168,30000,法人,土と石舗園水,,R030416,35,建設業（総合）,1
47003703,知事,（有）大豊建設,仲田 豊文,904-1201,国頭郡金武町,字金武８０３４－１,098-968-2228,27000,法人,土建大左と石屋管タ鋼筋舗し板ガ塗防内絶具水解,1,R061015,35,建設業（総合）,
47008424,知事,大豊建設（株）,豊里 友和,904-2172,沖縄市,泡瀬１－３６－６,098-934-2137,38000,法人,土建大左と石屋タ鋼筋舗し板ガ塗防内絶園具水解,1,R060712,20,建設業（総合）,1
47011971,知事,大宝建設（株）,野原 辰則,901-2104,浦添市,当山２－２７－１２ ２階,098-975-7197,20000,法人,土建大左と石屋電管タ鋼舗し板ガ塗防内絶具水消解,1,R030402 R030725 R040302,12,建設業（総合）,1
47014896,知事,（合）大豊建設,嘉手苅 豊,902-0067,那覇市,字安里１５－４,098-835-2355,1000,法人,建大屋タ内,,R050602,0,建設業（総合）,1
47013724,知事,（合）大宝工建,砂川 靖,906-0012,宮古島市,平良字西里４７９,0980-75-5266,5000,法人,建大屋タ内,,R060628,5,建設業（総合）,
47006509,知事,（有）大松産業,松田 政次,902-0072,那覇市,字真地３４１－１ 上間アパート１０１,098-996-3066,20000,法人,土建大左と石屋管タ鋼筋舗板ガ塗防内絶具水解,1,R021225,28,建設業（総合）,1
47004779,知事,（株）大丸建設,大城 清,901-0212,豊見城市,字平良１１５,098-850-5555,39000,法人,土建と石鋼舗塗水解,1,R040110,35,建設業（総合）,1
47006378,知事,大丸重機（株）,山里 啓文,900-0001,那覇市,港町３－７－６６,098-862-2843,10000,法人,土と石鋼舗し塗水,,R041102,28,建設業（総合）,1
47012844,知事,（有）大丸設備,兼城 聡,904-2161,沖縄市,古謝２－１５－８,098-911-9015,5000,法人,土と石管鋼舗水,,R071015,12,建設業（総合）,1
47014132,知事,（株）大明建設,親盛 大克,907-0002,石垣市,字真栄里２３３－４,0980-87-9916,5000,法人,土建と石管鋼舗し水,,R070911,5,建設業（総合）,
47011845,知事,（有）大門,宮國 太樹,901-2114,浦添市,安波茶３－２１－１０,090-3793-2513,9500,法人,土と石鋼舗水解,,R071018,12,建設業（総合）,1
47011229,知事,（株）太祐,比嘉 稔,904-2242,うるま市,字高江洲６６１－１,098-974-0150,3000,法人,土建大左と石屋タ鋼筋舗し板ガ塗防内絶具水解,,R040604,15,建設業（総合）,1
47012657,知事,（株）大雄,伊佐 政雄,900-0002,那覇市,曙１－４－８,098-951-2407,5000,法人,土と舗,,R070218,12,建設業（総合）,1
47004072,知事,（株）ダイユウ建設,下地 勇榮,906-0012,宮古島市,平良字西里１４６８－３,0980-72-2658,25000,法人,土と石鋼舗し園水,1,R051113,35,建設業（総合）,
47008669,知事,大裕建設,大城 盛裕,900-0002,那覇市,曙１－９－３,098-867-9177,,個人,土建大と石屋タ鋼舗し内水,,R070207,20,建設業（総合）,1
47006391,知事,（有）大優工業,阿波根 庸優,904-0313,中頭郡読谷村,字大湾７０２,098-956-1495,3197,法人,土と石管水,,R021117,28,建設業（総合）,1
47013509,知事,（株）ダイユウ設備,大嶺 自雄,904-2165,沖縄市,宮里４－３０－１５,098-929-2243,1500,法人,土と石管鋼舗し水,,R050705,8,建設業（総合）,1
47013622,知事,（株）大優設備,富村 亮,901-2241,宜野湾市,宜野湾市我如古３－８－６,098-943-1580,1000,法人,管,,R060117,8,電気・設備工事,1
47013893,知事,（株）大宥鉄筋工業,玉城 正則,904-0112,中頭郡北谷町,字浜川１１７－５５、２０１,098-875-3933,1000,法人,筋,,R070207,5,その他専門工事,1
47004460,知事,（株）大雄土木,大城 貞雄,901-0221,豊見城市,字座安３３２－４,098-856-4555,44000,法人,土建と石管鋼舗し水解,,R070524,35,建設業（総合）,1
47002913,知事,（有）大洋アルミ工業,佐喜眞 修,901-2405,中頭郡中城村,字屋宜７００,098-895-2436,7500,法人,具,,R030610,35,その他専門工事,1
47014561,知事,大洋開発,大里 洋平,906-0006,宮古島市,平良市西仲宗根１５９８－１,0980-79-5313,,個人,土と石鋼舗水,,R040128,0,建設業（総合）,
47000696,知事,（有）太陽建設,吉本 光吉,906-0013,宮古島市,平良字下里３１０７－２６（２Ｆ）,0980-73-7555,5000,法人,土建大左と石屋タ舗ガ塗防内具水,,R041003,35,建設業（総合）,
47005038,知事,（有）大洋建設,新城 顕治,904-2211,うるま市,字宇堅９０１－２,098-974-3474,40000,法人,土建大と石屋タ鋼舗し塗防内絶具水解,1,R071105,35,建設業（総合）,1
47012580,知事,（合）たいよう建装,新垣 政幸,901-1503,南城市,知念字知名１２４８,098-947-6920,5000,法人,内,,R060918,12,内装工事,1
47012155,知事,（株）太陽工業所,名嘉 史明,901-1113,島尻郡南風原町,字喜屋武５３２－１,098-882-6690,5000,法人,土と石鋼舗水,,R040910,12,建設業（総合）,1
47012785,知事,（株）太陽コーポレーション,北本 一彦,904-2172,沖縄市,泡瀬３－１６－２３,098-938-5611,10000,法人,土大左と石屋管タ鋼舗し板ガ塗防内絶具水,,R070708,12,建設業（総合）,1
47012909,知事,（株）たいようスチール,金城 勝也,901-0306,糸満市,西崎町５－６－２１,098-995-6225,9000,法人,内,,R030215,8,内装工事,1
47010348,知事,太陽電設産業,友利 喜和,906-0107,宮古島市,城辺字友利１４３７,0980-79-0576,,個人,土と石電鋼舗し水,,R040722,15,建設業（総合）,
47009263,知事,（有）太陽土木,高良 進,907-0002,石垣市,字真栄里８４２－１,0980-83-3755,10000,法人,土建と石管鋼舗し水解,,R070615,20,建設業（総合）,
47015303,知事,太陽内装,金城 陽平,901-1103,島尻郡南風原町,与那覇９９番地,098-987-0191,,個人,内,,R070228,0,内装工事,1
47010370,知事,（有）太陽ハウス,千葉 誠之,901-2132,浦添市,伊祖３－１０－９,098-878-0988,4000,法人,建大屋タ鋼内,,R040926 R070129,15,建設業（総合）,1
47013193,知事,太陽ホーム,又吉 邦久,904-2215,うるま市,みどり町５－２５－６,098-975-6163,,個人,土建大と石屋電タ鋼舗し塗内水解,,R040501 R060517,8,建設業（総合）,1
47009607,知事,（有）大與設備管理,與座 ケイ子,901-2216,宜野湾市,字佐真下５４,098-897-5864,3000,法人,管,,R060325,20,電気・設備工事,1
47011183,知事,（株）大米建設,下地 辰倫,901-0145,那覇市,高良３－１－１,098-975-9090,100000,法人,土建大と鋼舗し内水解,1,R040306,15,建設業（総合）,1
47012160,知事,（株）大米工業,米須 良久,904-0303,中頭郡読谷村,字伊良皆６５７,098-956-4966,8000,法人,土建大と石屋タ鋼舗内具水,,R040918,12,建設業（総合）,1
47005299,知事,（有）平良技建工業,平良 博之,901-2112,浦添市,字沢岻１１３５－１,098-877-8000,3000,法人,建大左と石屋タ鋼筋板ガ塗防内絶具,,R041212,35,建設業（総合）,1
47006963,知事,（有）平良組,平良 博,901-2215,宜野湾市,真栄原３－２３－７,098-898-1747,3000,法人,土と石鋼舗塗水,,R040224,28,建設業（総合）,1
47013275,知事,平良組,平良 毅,901-0501,島尻郡八重瀬町,字長毛３３－１,090-6633-6645,,個人,大,,R040808,8,その他専門工事,1
47014096,知事,（合）平良組,平良 広貴,906-0015,宮古島市,平良字久貝９７９－１４,090-8290-3621,1000,法人,と,,R070814,5,その他専門工事,
47000966,知事,（有）平良建設,源古 恭成,904-2172,沖縄市,泡瀬４－２３－２０,098-939-2379,10000,法人,土建大と石屋タ鋼舗し内水,,R030619,35,建設業（総合）,1
47001605,知事,（有）平良建設,平良 秀晃,901-0514,島尻郡八重瀬町,字安里７１０,098-998-2248,10000,法人,土建大と石屋タ舗内水,,R031209,35,建設業（総合）,1
47009412,知事,（有）タイラ建設,平良 昌路,901-2102,浦添市,字前田１２７２－２,098-879-2021,10000,法人,建大と屋タ内,,R050316,20,建設業（総合）,1
47006815,知事,（有）平建設工業,平 登,905-1144,名護市,字仲尾次３５－１,0980-58-2737,3000,法人,土と石鋼舗水,,R070608,28,建設業（総合）,
47006319,知事,（有）平良工業,楚南 美佳,906-0012,宮古島市,平良字西里１０３４－１０,0980-72-2929,20000,法人,土建大と石管タ鋼筋舗し水,,R040228,28,建設業（総合）,
47015177,知事,平良工業,平良 知之,901-1117,島尻郡南風原町,字津嘉山１６０９マルトミアパート１１１,090-7297-4619,,個人,筋,,R060809,0,その他専門工事,1
47011301,知事,（有）平良工務店,平良 慶,901-2416,中頭郡中城村,字和宇慶７９２－４,098-988-4936,3000,法人,建大左石屋タ板ガ塗防内絶具,,R041204,12,建設業（総合）,1
47013370,知事,（合）たいら工務店,平良 栄基,906-0006,宮古島市,平良字西仲宗根１５９９番地９,0980-79-5417,5000,法人,内,,R041212,8,内装工事,
47013589,知事,平良左官,平良 信幸,904-1107,うるま市,石川曙３－２－６１－２Ｆ,098-964-5506,,個人,左,,R051122,8,その他専門工事,1
47014019,知事,平良左官工業沖縄,平良 昌晃,904-1115,うるま市,石川伊波９１４－１,098-965-7390,,個人,左,,R070619,5,その他専門工事,1
47013013,知事,（合）平良産業,平良 健治,904-1111,うるま市,石川東恩納３７－６,098-964-6127,3000,法人,大とタ鋼筋解,,R030721,8,その他専門工事,1
47006644,知事,（株）平商事,山本 敦子,904-0305,中頭郡読谷村,字都屋１７,098-956-0384,6000,法人,建大と塗防内絶具,,R040927,28,建設業（総合）,1
47003104,知事,（有）平良設備工業,平良 哲治,905-0011,名護市,宮里７－３－１１,0980-53-7283,40000,法人,土建と石電管鋼舗し塗水解,1,R030226 R050509,35,建設業（総合）,
47014713,知事,平良創建,平良 悟,906-0011,宮古島市,平良字東仲宗根添２６１２－７,090-2583-3593,,個人,左,,R040826,0,その他専門工事,
47003439,知事,（株）平良断熱防水工業,平良 一郎,901-1104,島尻郡南風原町,字宮平５６６,098-889-7915,10000,法人,防絶,,R040908,35,塗装・防水,1
47010861,知事,平良鉄工,平良 等,905-1151,名護市,字振慶名２１１,0980-58-2063,,個人,大とタ鋼筋,,R070727,15,その他専門工事,
47011330,知事,平良電工（株）,平良 浩章,906-0007,宮古島市,平良字東仲宗根８６４－１,0980-72-4007,7000,法人,通,,R050214,12,電気・設備工事,
47011305,知事,（株）平電水設備,平良 彰啓,904-1111,うるま市,石川東恩納６４７,098-964-2944,1000,法人,土と石電管鋼舗し塗水解,,R041217,12,建設業（総合）,1
47006921,知事,（有）平電設,平良 巖,904-0117,中頭郡北谷町,字北前２７９－５,098-936-2904,10000,法人,電管消,,R070710,28,電気・設備工事,1
47000630,知事,（株）平良土建,平良 聡,906-0008,宮古島市,平良字荷川取２５６－１,0980-72-1918,30000,法人,土と石舗し水解,1,R070829,35,建設業（総合）,
47008142,知事,平良塗装,平良 孝,901-1302,島尻郡与那原町,字上与那原１１４－６,098-945-5606,,個人,塗,,R070903,20,塗装・防水,1
47014127,知事,平良ペイント興業,平良 智,901-2214,宜野湾市,我如古１－３９－１７ ２Ｆ,098-898-1850,,個人,塗防,,R070918,5,塗装・防水,1
47012191,知事,大琉電気,大城 斉,901-0314,糸満市,字座波１２８８－３,098-994-2888,,個人,電,,R041127,12,電気・設備工事,1
47009163,知事,（有）太輪,島尻 勝也,901-2114,浦添市,安波茶２－１－６,098-875-0348,20000,法人,土建大左と石屋タ鋼筋舗し板ガ塗防内絶具水解,1,R031130 R040926,20,建設業（総合）,1
47013695,知事,ＤＡＩＲＩＮ（株）,大城 盛哲,901-2415,中頭郡中城村,字南浜１４２,098-895-9277,7000,法人,筋,,R060606,8,その他専門工事,1
47007568,知事,（有）大倫産業,砂川 広一,906-0013,宮古島市,平良字下里１５６２－２,0980-72-2405,30000,法人,土建と石鋼舗園水解,1,R030215 R031020,28,建設業（総合）,
47012187,知事,ダイワ企画,上原 新吉,901-0152,那覇市,小禄５丁目１６番５号,098-857-7138,,個人,土建大と石屋タ鋼舗し塗内水,,R030913,12,建設業（総合）,1
47013590,知事,（株）大和空調,大城 正和,904-0304,中頭郡読谷村,字楚辺２０３３－１,098-923-2828,7000,法人,管,,R051122,8,電気・設備工事,1
47005850,知事,大和建設（株）,下地 克三,906-0012,宮古島市,平良字西里１２７５－１５,0980-73-3868,10000,法人,土建と石電管舗園水,,R040817,35,建設業（総合）,
47008000,知事,（有）大和工業,宜保 正盛,901-0503,島尻郡八重瀬町,字新城１９１９,098-998-4161,5000,法人,土建大と石屋タ鋼舗し内水解,,R050609,28,建設業（総合）,1
47009456,知事,（株）大和工業,島田 吾朗,901-2402,中頭郡中城村,字泊４３３,098-895-5565,20000,法人,建大屋管タガ内具,1,R050615,20,建設業（総合）,1
47011332,知事,（有）大和産業,大城 博,901-0243,豊見城市,字上田５１５－８,098-856-2779,3500,法人,建大屋タ内,,R050220,12,建設業（総合）,1
47012184,知事,大和産業（株）,豊里 友二三,904-2172,沖縄市,泡瀬１－３６－６,098-938-7890,5000,法人,土建と石鋼舗し水解,,R041116,12,建設業（総合）,1
47008118,知事,（有）大和住宅産業,大城 和則,901-2114,浦添市,安波茶１－３１－２,098-876-1232,20000,法人,土建大と石屋タ鋼舗し塗内水解,1,R030827,20,建設業（総合）,1
47014582,知事,ダイワ装建（株）,玉城 浩一,901-1203,南城市,大里大城１８４９－１,098-988-8233,20000,法人,建大左と石屋タ鋼筋板ガ塗防内絶具,1,R070121,0,建設業（総合）,1
47015226,知事,（株）大和テック,石原 亮栄,901-1204,南城市,大里字稲嶺１８２８－２,098-987-6974,5000,法人,塗,,R061025,0,塗装・防水,1
47000386,知事,大和電工（株）,宮里 敏彦,900-0031,那覇市,若狭３－４５－１０,098-869-4048,40000,法人,土と石電管鋼舗水消,1,R060820,35,建設業（総合）,1
47004943,知事,（有）大和電設,棚原 惠三,902-0075,那覇市,字国場１３５－１,098-854-8050,9500,法人,土と石電管鋼舗機水,,R061227,35,建設業（総合）,1
47010264,知事,（有）大和土木,外間 常孝,904-1111,うるま市,石川東恩納７１４－６,098-964-4162,20000,法人,土と石鋼舗し塗水解,1,R051019,15,建設業（総合）,1
47007486,知事,（有）ダイワ冷熱システム,大城 治雄,901-0302,糸満市,字潮平６３２－３,098-994-6190,5000,法人,電管,,R040522,28,電気・設備工事,1
47011548,知事,（株）＊江洲工機,稲福 大吾,904-2142,沖縄市,字登川４３－１,098-989-3875,2000,法人,土と石管鋼舗水,,R060626,12,建設業（総合）,1
47011347,知事,高江洲タタミ店,高江洲 盛親,904-1201,国頭郡金武町,字金武７８６４－４,098-968-3713,,個人,内,,R050319,12,内装工事,
47014429,知事,（合）高江洲たたみ店,高江洲 幸治,906-0007,宮古島市,平良字東仲宗根７６３－１４,0980-72-2732,500,法人,内,,R041201,0,内装工事,
47015030,知事,タカケン,＊里 朝実,904-1303,国頭郡宜野座村,字惣慶１７１３－２,080-6487-3659,,個人,土と石鋼舗し水解,,R051222,0,建設業（総合）,
47003606,知事,（株）タカケン開発,城田 吉広,901-1105,島尻郡南風原町,字新川４３番地,098-888-0788,10000,法人,塗防,,R070811,35,塗装・防水,1
47009635,知事,（有）貴建設,島袋 貴之,903-0115,中頭郡西原町,字池田４４２,098-946-7918,5000,法人,土と石鋼舗し塗水,,R060507,20,建設業（総合）,1
47011128,知事,（株）孝建設,西野 義孝,901-2102,浦添市,前田３－２－１９,098-878-8373,5000,法人,土建大左と石屋タ鋼筋舗し板ガ塗防内絶具水,,R031003,15,建設業（総合）,1
47014543,知事,孝建装（株）,棚原 孝博,904-2215,うるま市,みどり町１－１１－４,098-923-3995,3000,法人,内,,R040107,0,内装工事,1
47012913,知事,（株）鷹工業,仲里 薫,901-2214,宜野湾市,我如古二丁目１８番１７号,098-917-0286,5000,法人,建大と屋タ内,,R030216,8,建設業（総合）,1
47014981,知事,峻興業,與那嶺 峻介,901-1104,島尻郡南風原町,字宮平８０５－７,070-5812-1916,,個人,と解,,R050922,0,その他専門工事,1
47015433,知事,（株）孝工業,田中 孝尚,901-2111,浦添市,字経塚３８２ ＢｌｉｓｓＨｉｌｌｓ１０１,080-1750-2405,7000,法人,土と石鋼舗し塗水,,R070822,0,建設業（総合）,1
47012348,知事,（株）高里エンジニアリング,高里 順,901-1303,島尻郡与那原町,字与那原１０９１－６,098-945-4818,5000,法人,電,,R031101,12,電気・設備工事,1
47015423,知事,隆工業,久高 隆,904-1113,うるま市,石川山城１７０３－１９,090-7390-0782,,個人,具,,R070815,0,その他専門工事,1
47011818,知事,（株）貴嶋工業,山城 房子,901-2111,浦添市,字経塚８１１－６４,098-874-0092,20000,法人,土建と石管鋼舗し水,,R070819,12,建設業（総合）,1
47014449,知事,（株）貴潜水,大城 郁,904-0323,中頭郡読谷村,字高志保１２２２－１,098-958-1992,1900,法人,土建大左と石屋タ鋼舗し板ガ塗防内絶具水,,R030903,0,建設業（総合）,1
47014135,知事,高田鉄筋,高田 清教,901-1207,南城市,大里字古堅１８７－１,098-943-2992,,個人,筋,,R070911,5,その他専門工事,1
47008099,知事,高千穂産業（株）,由浅 太,901-2131,浦添市,牧港５－７－２,098-879-3794,30000,法人,土と石管舗機水,1,R070707,20,建設業（総合）,1
47014165,知事,（株）貴塗装,宮城 由貴,901-2125,浦添市,仲西３－９－１９,098-878-5990,2000,法人,塗,,R071009,5,塗装・防水,1
47015383,知事,＊橋型枠,＊橋 満,904-0011,沖縄市,照屋２－２３－４ Ｖテラス３０３,090-8914-0813,,個人,大と,,R070627,0,その他専門工事,1
47000381,知事,（株）高橋土建,新垣 隆行,900-0016,那覇市,前島３－１３－１１,098-862-5188,85000,法人,土建大左と石屋タ鋼筋舗し板ガ塗防内絶具水解,1,R040619,35,建設業（総合）,1
47004821,知事,（有）高原建設,伊波 昂紀,903-0117,中頭郡西原町,字翁長５５６－７,098-946-6122,20000,法人,土建と石舗し水解,1,R031108,35,建設業（総合）,1
47014711,知事,高原設備,頂 慎太郎,904-0011,沖縄市,照屋１－６－７,098-939-0950,,個人,土と石管鋼舗し水,,R040826 R051220,0,建設業（総合）,1
47006747,知事,（有）高平建設,喜納 康貴,901-1205,南城市,大里字高平５６３－９,098-945-2131,10000,法人,土と石鋼舗し水,,R040827,28,建設業（総合）,1
47014910,知事,孝松電設,仲松 孝弥,901-1414,南城市,佐敷字津波古５８３－２,098-911-3320,,個人,電,,R050616,0,電気・設備工事,1
47011738,知事,（株）タカミ,高嶺 健次,901-0235,豊見城市,字名嘉地１９０－１－１０１,098-996-1363,3000,法人,土建大左と石屋タ鋼筋舗し板ガ塗防内絶具水,,R070506,12,建設業（総合）,1
47011133,知事,（有）高道,高道 昆夫,907-0004,石垣市,字登野城６４９,0980-84-1234,3000,法人,土建と石鋼舗し塗水,,R031017,15,建設業（総合）,
47008677,知事,（有）高光建設工業,高安 光男,901-0234,豊見城市,字田頭１０３－２,098-850-8426,10000,法人,土建と石鋼筋舗水,,R070303,20,建設業（総合）,1
47001463,知事,（株）高安工務店,高安 勇,901-0223,豊見城市,字翁長７９６－５,098-987-0390,36000,法人,土建大左と石屋タ鋼筋舗し板ガ塗防内絶具水解,1,R070704,35,建設業（総合）,1
47011421,知事,（株）高安地質,＊安 恒夫,901-0224,豊見城市,字与根５３０－５,098-856-2399,3000,法人,土と石鋼舗し塗水,,R050911,12,建設業（総合）,1
47013017,知事,（有）孝之興業,比嘉 恵美子,907-0024,石垣市,字新川２３５７－１２５,0980-83-7091,5000,法人,土建と石鋼舗し水,,R030721,8,建設業（総合）,
47013476,知事,たから硝子店,高良 康,902-0067,那覇市,安里１３３,098-867-7878,,個人,ガ,,R050607,8,その他専門工事,1
47015115,知事,タカラ技建,高良 恵介,905-0207,国頭郡本部町,字備瀬２１２－１,090-3795-8105,,個人,建大,,R060510,0,建設業（総合）,
47014253,知事,（合）高良組,高良 秀人,905-0224,国頭郡本部町,字辺名地５１６－１,0980-43-7132,1000,法人,大,,R070515,5,その他専門工事,
47001236,知事,（株）高良建設,高良 武男,901-3113,島尻郡久米島町,字銭田５２２－１,098-985-8924,50000,法人,土建と石鋼舗し水解,1,R030907,35,建設業（総合）,
47008457,知事,（有）タカラ建設,高良 富三,905-0602,島尻郡伊是名村,字諸見４９５２－３,0980-45-2200,20000,法人,土建と石鋼舗し園水解,1,R040319,20,建設業（総合）,
47015314,知事,（株）＊良工業,＊良 大祐,901-2102,浦添市,前田１－１４－１５,098-879-2034,5000,法人,土と石鋼舗し塗水解,,R070314,0,建設業（総合）,1
47013632,知事,宝産業,花城 雅昭,906-0601,宮古郡多良間村,字塩川５０７,0980-79-5566,,個人,土建と石鋼舗し塗水,,R060204,8,建設業（総合）,
47013926,知事,（株）タカラ産業,高良 忍,904-2245,うるま市,字赤道１－４,098-973-8920,9000,法人,土建と石鋼舗し水解,,R070319,5,建設業（総合）,1
47006249,知事,（株）タカラ住建,冨岡 昌文,901-0231,豊見城市,字我那覇６４８－１,098-856-0002,20000,法人,土建大左と石屋タ鋼舗し板ガ塗防内絶具水解,1,R070619,28,建設業（総合）,1
47014514,知事,高良鉄筋工業,高良 厚詞,901-0152,那覇市,小禄５－２－１０ 高良ハウス２Ｆ,098-858-4011,,個人,筋,,R031119,0,その他専門工事,1
47012385,知事,（有）高良電設産業,高良 哲生,903-0116,中頭郡西原町,字幸地１２２－５,098-945-9087,5000,法人,電,,R051114,12,電気・設備工事,1
47015007,知事,＊良内装,＊良 毅,907-0024,石垣市,字新川２４２６－４,0980-83-8886,,個人,内,,R051117,0,内装工事,
47015241,知事,託一（株）,石川 貞則,902-0067,那覇市,字安里３６１－３４,098-882-2018,70000,法人,建大屋タ鋼内,1,R061119,0,建設業（総合）,1
47013856,知事,託一建設（株）,上原 政人,902-0067,那覇市,字安里３６１－３４,098-894-8307,25000,法人,建大屋タ鋼内,,R070110,5,建設業（総合）,1
47012975,知事,大工廻組,大工廻 潤,901-2101,浦添市,西原５－１８－１８ グリーンサトレ１０２号,090-8291-4336,,個人,と,,R030525,8,その他専門工事,1
47005586,知事,（有）たくし塗装店,澤岻 昌彦,903-0117,中頭郡西原町,字翁長２７８,098-945-5111,5000,法人,土と鋼塗防絶水,,R030412,35,建設業（総合）,1
47014933,知事,卓真,赤嶺 卓耶,901-1204,南城市,大里字稲嶺２３０５－１,098-959-2252,,個人,内,,R050707,0,内装工事,1
47015127,知事,（株）拓信,佐次田 智,904-0001,沖縄市,越来３－１５－３１,098-989-0960,1000,法人,建大屋タ内,,R060510,0,建設業（総合）,1
47014656,知事,（株）澤電,澤岻 安史,901-1105,島尻郡南風原町,字新川２０８－８,098-894-6015,1000,法人,電管消,,R040610,0,電気・設備工事,1
47015131,知事,（株）タクデン,比嘉 佑,900-0024,那覇市,古波蔵４－３－１０,098-851-7642,10000,法人,電,,R060524,0,電気・設備工事,1
47006508,知事,（有）拓電エンジニアリング,金城 正弘,903-0804,那覇市,首里石嶺町４－１６３－１,098-885-8275,5000,法人,電,,R070816,28,電気・設備工事,1
47012826,知事,（株）拓電工,赤嶺 拓哉,900-0024,那覇市,古波蔵４－３－１０,098-851-7642,30000,法人,電管通消,1,R070527,12,電気・設備工事,1
47015188,知事,（株）拓渡建築,中野 拓海,906-0012,宮古島市,平良字西里８４０ ビジュー八城２００９,090-2697-5706,770,法人,大,,R060920,0,その他専門工事,
47012858,知事,（株）拓人ＣＯＲＰＯＲＡＴＩＯＮ,喜友名 龍治,906-0015,宮古島市,平良字久貝１０００－５,0980-73-2201,5000,法人,建大屋タ内,,R021106,12,建設業（総合）,
47010921,知事,（有）拓南開発,新里 正人,906-0006,宮古島市,平良字西仲宗根５４９－６,0980-73-2553,5000,法人,土と石舗園水,,R021014,15,建設業（総合）,
47002706,知事,拓南製作所（株）,奥平 勉,901-2403,中頭郡中城村,字伊舎堂３５４,098-895-6455,100000,法人,土建大と屋管鋼機水解,1,R040830,35,建設業（総合）,1
47009580,知事,（有）匠,島袋 千寿子,901-0342,糸満市,字糸洲８４－１,098-997-2902,8000,法人,土と石電管鋼舗し塗内具水,,R040605,20,建設業（総合）,1
47014168,知事,（株）タクミ,野原 拓海,901-0403,島尻郡八重瀬町,字世名城７９３－１,080-1780-5424,1000,法人,大,,R021016,5,その他専門工事,1
47015134,知事,匠アトリエ,北田 匠,906-0013,宮古島市,平良下里１１１７－２－１,080-5550-4102,,個人,建,,R060524,0,建設業（総合）,
47010573,知事,（有）匠開発,照屋 賢二,901-2127,浦添市,屋富祖２－８－２コーポＭ２０２,098-878-2113,10000,法人,土と舗塗解,,R050904,15,建設業（総合）,1
47014182,知事,（合）巧工業,眞玉橋 均,904-2165,沖縄市,宮里２丁目３番３３号,098-923-3207,200,法人,と解,,R021023,5,その他専門工事,1
47014787,知事,（合）巧工業,安座間 功,901-2133,浦添市,城間２－１２－１１,098-917-0004,1500,法人,管,,R041202,0,電気・設備工事,1
47012782,知事,（有）匠設備工業,大城 弘,904-2213,うるま市,字田場１８３７－１,098-973-3984,5000,法人,土と石電管鋼舗し水,,R070703,12,建設業（総合）,1
47013267,知事,（合）匠電気設備,新屋 桂子,901-2133,浦添市,城間２－５－１４,098-875-2720,2700,法人,電,,R040801,8,電気・設備工事,1
47014219,知事,（株）巧電工,波平 巧,901-0361,糸満市,字糸満２０８９,090-3199-0258,5000,法人,電,,R021211,5,電気・設備工事,1
47015280,知事,匠ノ創（合）,砂川 竜太郎,906-0014,宮古島市,平良字松原１５９,0980-79-7990,5000,法人,土建と石鋼舗水,,R070128,0,建設業（総合）,
47011656,知事,（株）匠プランニング,松川 美佳子,905-1152,名護市,字伊差川１９－１,0980-43-7373,1000,法人,土と石鋼舗し塗水,,R061225,12,建設業（総合）,
47011743,知事,拓宮工業,宮里 昌幸,907-0023,石垣市,字石垣１４０３－１１,0980-83-9171,,個人,板,,R070510,12,その他専門工事,
47006820,知事,（有）武一建設,伊波 豪,904-1105,うるま市,石川白浜１－１－９,098-965-3001,5000,法人,建大,,R031108,28,建設業（総合）,1
47012390,知事,竹尾内装店,名城 幸男,900-0006,那覇市,おもろまち４－１０－１３,098-861-3577,,個人,内,,R051120,12,内装工事,1
47003474,知事,（株）武国建設,金城 秀樹,905-1146,名護市,字親川１０５－１,0980-58-3107,51000,法人,土建大と石屋タ鋼舗し塗内園水解,1,R030928,35,建設業（総合）,
47010985,知事,（有）竹建設,棚原 譲,901-2126,浦添市,宮城３－９－１２,098-874-4331,3000,法人,土と石鋼舗し水,,R030301,15,建設業（総合）,1
47007792,知事,（有）健開発,德村 健,901-0306,糸満市,西崎町３－１７６メゾン光陽４階Ｒ－１,098-851-7735,5000,法人,土建と石舗水,,R040408,28,建設業（総合）,1
47006125,知事,（有）竹下土建,竹下 太志,904-2171,沖縄市,高原７－２４－１８,098-933-2577,20000,法人,土建と石管鋼舗し塗園水解,1,R021012,28,建設業（総合）,1
47014360,知事,（株）竹島組,竹島 泰幸,904-2314,うるま市,勝連平敷屋２７２,080-3963-8836,2000,法人,大と,,R050828,5,その他専門工事,1
47010102,知事,（有）武田組,武田 治,904-2141,沖縄市,池原１－１９－１４,098-939-1367,3000,法人,土と石鋼舗し水,,R030614,15,建設業（総合）,1
47012121,知事,武鉄筋工業,城間 武治,901-1303,島尻郡与那原町,字与那原３６５２－２,098-946-1134,,個人,筋,,R040710,12,その他専門工事,1
47007657,知事,武西建設,金城 勝久,901-0413,島尻郡八重瀬町,字志多伯６２－１,098-911-6032,,個人,土と石舗園水,,R051116,28,建設業（総合）,1
47010532,知事,武則運送,池間 武則,906-0301,宮古島市,下地字川満５５８－２８,0980-74-7277,,個人,土と石鋼舗し水,,R050731,15,建設業（総合）,
47015412,知事,（有）岳原空調設備,宇久田 朝雄,903-0115,中頭郡西原町,字池田７０－２,098-882-0775,7000,法人,管,,R070808,0,電気・設備工事,1
47012531,知事,（株）嵩原土建,嵩原 靖史,902-0075,那覇市,字国場１１８６－４,098-851-3636,5000,法人,土と石鋼舗し塗水解,,R060627,12,建設業（総合）,1
47000114,知事,（株）武村石材建設,武村 茂,902-0073,那覇市,字上間４８５番地の１,098-831-8825,25000,法人,土と石舗水,1,R040725,35,建設業（総合）,1
47009619,知事,（株）武山建設,武村 隆,901-1101,島尻郡南風原町,字大名２３１－１０,098-888-1516,35000,法人,土建と石鋼舗し塗水,1,R060419,20,建設業（総合）,1
47009427,知事,（有）武善組,岡崎 正信,902-0068,那覇市,真嘉比３－４－７,098-886-1771,3000,法人,と,,R050708,20,その他専門工事,1
47008587,知事,田崎アルミ,田崎 盛行,904-2245,うるま市,字赤道８１６,098-974-2050,,個人,具,,R041004,20,その他専門工事,1
47014560,知事,田崎左官工業,田崎 稔,906-0105,宮古島市,城辺字長間７３－２,090-3793-2159,,個人,左,,R040204,0,その他専門工事,
47014533,知事,（株）タスイチ,眞榮城 守春,901-1204,南城市,大里字稲嶺５７、１０２,098-943-6843,1000,法人,電管,,R031210,0,電気・設備工事,1
47009652,知事,（有）輔建設,仲里 辰枝,901-0618,南城市,玉城字船越９８０,098-949-1055,5000,法人,土と石鋼舗水,,R060602,20,建設業（総合）,1
47014806,知事,たすくホーム（株）,山城 孝平,904-1106,うるま市,石川１－３８－５－２Ｆ,098-975-6263,5000,法人,建,,R050113,0,建設業（総合）,1
47015441,知事,忠組,上原 忠,901-0325,糸満市,字大里２０６２－７９,098-840-8147,,個人,内,,R070905,0,内装工事,1
47005623,知事,（株）タダシ建設,川満 匡,901-2103,浦添市,仲間３－１１－７,098-878-5449,30000,法人,土建大と石屋タ鋼舗し内水,1,R050326,35,建設業（総合）,1
47015091,知事,正設備,呉屋 正,901-2214,宜野湾市,字我如古３７４,090-7587-9871,,個人,管,,R060322,0,電気・設備工事,1
47013368,知事,（株）正内装,前竹 康貴,903-0117,中頭郡西原町,字翁長１８－１,098-945-1939,5000,法人,建大屋タ内,,R041130,8,建設業（総合）,1
47011106,知事,畳工房マルシバ,渡慶次 常男,901-2214,宜野湾市,我如古１－４－１,098-890-5100,,個人,内,,R030823,15,内装工事,1
47012997,知事,（株）立神鐵工所,上江洲 正直,901-0204,豊見城市,字金良３４２－１,098-856-4546,5000,法人,土建と石鋼舗し塗水,,R030705,8,建設業（総合）,1
47012444,知事,橘工業（株）,橘 誠,904-1201,国頭郡金武町,字金武８２０番地,098-983-2322,10000,法人,管機,,R060219,12,電気・設備工事,
47000853,知事,（有）辰雄組,金城 正,905-0226,国頭郡本部町,字健堅１０８９－３,0980-47-2909,20000,法人,土建大左と石屋タ鋼筋舗し板ガ塗防内絶具水,1,R071013,35,建設業（総合）,
47000739,知事,（有）辰雄建設,安里 繭子,901-0147,那覇市,宮城１－１６－１９、１階,098-840-1877,30000,法人,土建大左と石屋タ鋼舗し塗内具水解,1,R030927,35,建設業（総合）,1
47014557,知事,（株）ＤＵＣＫＹ ＣＯＭＰＡＮＹ,古謝 寿幸,904-2225,うるま市,字喜屋武６－１０,098-989-7823,3000,法人,電,,R040121,0,電気・設備工事,1
47006601,知事,（株）達輝産業,島袋 達也,901-1203,南城市,大里字大城６６０－１,098-946-8141,10000,法人,具,,R030615,28,その他専門工事,1
47010898,知事,（有）辰組,上地 徳良,901-2111,浦添市,字経塚４４１,098-875-4987,10000,法人,大,,R070908,15,その他専門工事,1
47014676,知事,辰工業,宮城 祐作,901-0311,糸満市,武富５１,098-992-0876,,個人,管,,R070620,0,電気・設備工事,1
47015443,知事,辰工業,長濱 辰夫,904-2243,うるま市,字宮里３６０－２,090-9573-9714,,個人,具,,R070905,0,その他専門工事,1
47009890,知事,（有）龍設備工業,長田 利矢,901-2222,宜野湾市,喜友名２－２１－８,098-917-6445,3000,法人,管,,R070726,20,電気・設備工事,1
47009452,知事,（有）竜土建,百名 竜也,901-0618,南城市,玉城字船越１１４,098-949-7759,5000,法人,土と石鋼舗水,,R060518,20,建設業（総合）,1
47015109,知事,たつみ総合防災（株）,玉城 朝弘,901-2114,浦添市,安波茶２－２１－８,098-943-0007,3000,法人,消,,R060419,0,電気・設備工事,1
47012804,知事,（株）辰吉組,平田 勝彦,904-2142,沖縄市,登川３－２６－１,098-988-5901,5000,法人,大,,R070806,12,その他専門工事,1
47013708,知事,立山建設（合）,照屋 賢,903-0825,那覇市,首里山川町１－１４１－１－３０２,098-996-5395,1000,法人,土と石鋼舗し塗水,,R060614,5,建設業（総合）,1
47006746,知事,（有）田仲建設,田仲 康仁,904-0402,国頭郡恩納村,字安富祖１６０６－４,098-967-8037,38000,法人,土建大左と石屋管タ鋼筋舗しガ塗防内具水解,1,R060105,28,建設業（総合）,
47012372,知事,（株）田中工業,田中 広三,901-2114,浦添市,安波茶３－７－８－２０５,098-943-7258,20000,法人,土と石鋼舗し塗水解,1,R071030,12,建設業（総合）,1
47015424,知事,田名装建,田名 正樹,900-2125,浦添市,仲西３－５－１０－２Ｆ,098-917-2373,,個人,塗防,,R070815,0,塗装・防水,1
47015253,知事,（株）棚原架設工業,棚原 一,901-2413,中頭郡中城村,字津覇３８９,080-8397-6791,5000,法人,と,,R061216,0,その他専門工事,1
47001454,知事,（株）棚原組,棚原 良裕,901-2101,浦添市,西原６－９－３,098-877-2310,20000,法人,土建大左と石屋タ鋼筋舗し板塗防内水解,1,R040809,35,建設業（総合）,1
47009224,知事,棚原工業,棚原 盛喜,901-2214,宜野湾市,我如古２－３－１９,098-897-7790,,個人,大左石屋タガ塗防内具,,R040430,20,塗装・防水,1
47011940,知事,（合）棚原工務店,棚原 修,904-2173,沖縄市,比屋根４－１５－１３,098-933-7702,3000,法人,筋,,R030530,12,その他専門工事,1
47012774,知事,（株）棚原重機,棚原 育代,902-0062,那覇市,字松川３２１,098-885-9656,3000,法人,土と石鋼舗し水,,R070626,12,建設業（総合）,1
47008442,知事,棚原総業,棚原 久蔵,904-2223,うるま市,字具志川２７８７,098-974-2662,,個人,建大屋タ鋼ガ内,,R040404,20,建設業（総合）,1
47002154,知事,（有）棚原電気工事店,棚原 明,901-2221,宜野湾市,伊佐３－１１－６,098-898-4870,3000,法人,電,,R031119,35,電気・設備工事,1
47000924,知事,（有）田場組,伊佐 幸子,905-1206,国頭郡東村,字有銘２７－３,0980-43-2259,30000,法人,土建と石管鋼舗し塗水解,,R040307,35,建設業（総合）,
47012606,知事,田場組,田場 典利,904-2301,うるま市,与那城照間９０３,098-978-4232,,個人,と解,,R061105,12,その他専門工事,1
47010651,知事,田場工業,田場 剛,904-2223,うるま市,具志川２８３５－８,098-973-5135,,個人,と,,R060420,15,その他専門工事,1
47011989,知事,田場工設,具志堅 敏光,904-2213,うるま市,字田場１８１５－１,098-973-8987,,個人,管,,R030826,12,電気・設備工事,1
47014755,知事,（株）田畑工業,田畑 良,904-0022,沖縄市,園田１－１６－８ 照屋ビル１Ｆ,098-989-1417,3000,法人,土と石鋼舗し水解,,R041028 R050417,0,建設業（総合）,1
47003779,知事,（有）田端設備工業,田端 智,901-1302,島尻郡与那原町,字上与那原４０８－２,098-946-3691,20000,法人,土と石管鋼舗機水消,1,R021220 R060423,35,建設業（総合）,1
47012246,知事,田場はつり工業,田場 盛徳,900-0024,那覇市,古波蔵４－７－１９－１,098-834-2752,,個人,土と舗,,R050327,12,建設業（総合）,1
47014433,知事,（株）タフネス,奥平 良育,901-1302,島尻郡与那原町,字上与那原２９４－９,098-882-8141,3000,法人,内,,R030820,0,内装工事,1
47013579,知事,（株）Ｗ・Ｓ・Ｃ,平良 仁志,900-0002,那覇市,曙２－２５－３８大景ビル２階,098-988-8581,7500,法人,建大左と石屋タ鋼筋板ガ塗防内絶具解,,R051109,8,建設業（総合）,1
47014941,知事,（株）Ｗプラント,當眞 宏宗,904-2142,沖縄市,登川３－７－２８,098-989-3114,5000,法人,機,,R050714,0,電気・設備工事,1
47008101,知事,（有）玉井建設,座安 徹,901-0153,那覇市,字宇栄原９４７,098-858-3245,8000,法人,土建と石舗水,,R070721,20,建設業（総合）,1
47010967,知事,（株）タマイチ,諏訪園 匠,901-2131,浦添市,牧港４－４－３,098-876-0139,10000,法人,内,,R030111,15,内装工事,1
47011768,知事,（株）玉一探査土木,玉城 ヨシ,901-0362,糸満市,字真栄里３７６－１,098-992-4871,1000,法人,土と石鋼舗し水,,R070610,12,建設業（総合）,1
47013513,知事,（株）玉栄左官業,玉栄 健吾,904-2162,沖縄市,海邦２－５－１２ ２,098-923-2521,5000,法人,大左石屋タ板ガ塗防内絶具,,R050713,8,塗装・防水,1
47012793,知事,（株）玉栄鉄筋工業,小林 真一,904-2231,うるま市,字塩屋４９２－１,098-911-9901,5000,法人,筋,,R070727,12,その他専門工事,1
47015435,知事,玉栄電気,玉榮 健二,901-0503,島尻郡八重瀬町,字新城９４７,098-998-6465,,個人,電,,R070822,0,電気・設備工事,1
47007376,知事,（有）玉栄冷機住設,玉榮 秀光,904-2244,うるま市,字江洲１－５,098-973-9890,3000,法人,土と石電管鋼舗し水,,R070526,28,建設業（総合）,1
47007280,知事,（株）タマキ,玉城 進一,904-1303,国頭郡宜野座村,字惣慶１６９６－１,098-968-8808,20000,法人,土建大左と石屋電管タ鋼筋舗し板ガ塗防内絶具水解,1,R031220,28,建設業（総合）,
47011566,知事,（株）タマキ硝子,玉城 豊久,901-2134,浦添市,港川２－１１－９,098-876-1426,10000,法人,ガ,,R060715,12,その他専門工事,1
47000659,知事,（株）玉城組,玉城 邦彦,901-0362,糸満市,字真栄里３７６－１,098-992-2038,40000,法人,土建大と石屋タ鋼舗し内園水解,1,R070519,35,建設業（総合）,1
47013126,知事,（株）玉城組,玉城 彰,905-0014,名護市,港２－１０－１０,0980-53-4813,5000,法人,土建と石鋼舗し水,,R021008,8,建設業（総合）,
47013222,知事,玉城組,玉城 和義,904-0305,中頭郡読谷村,字都屋１３４－２,098-956-0503,,個人,土建大と石鋼舗水,,R040613,8,建設業（総合）,1
47013424,知事,（株）玉城組,玉城 信悟,904-2172,沖縄市,泡瀬６－２４－２４,098-937-3115,5000,法人,土大と石タ鋼筋舗水,,R050322,8,建設業（総合）,1
47014027,知事,玉城組,玉城 陽一,904-1202,国頭郡金武町,字伊芸２２０,080-1713-9071,,個人,土建と石鋼舗し水,,R070626,5,建設業（総合）,
47013153,知事,（株）玉城工業,玉城 学,901-2214,宜野湾市,我如古１－５５－７,098-959-4055,5000,法人,土建と石鋼舗し塗水解,,R040222,8,建設業（総合）,1
47015403,知事,（株）タマキ工業,玉城 拓也,901-2214,宜野湾市,我如古２－１０－５,090-9785-9102,2000,法人,と,,R070725,0,その他専門工事,1
47007351,知事,（有）タマキ産業,玉城 則雄,905-0401,国頭郡今帰仁村,字仲宗根２７,0980-56-4522,20000,法人,土建と石管鋼舗し塗水解,1,R071007,28,建設業（総合）,
47006504,知事,（有）玉城電工,玉城 真巡,904-0313,中頭郡読谷村,字大湾５８９,098-956-0806,10000,法人,土と石電舗水,,R041017,28,建設業（総合）,1
47011455,知事,タマキハウジング（株）,玉城 英之,900-0024,那覇市,古波蔵３－５－４３ ウィングシャトー那覇リバーガーデン（１Ｆ）,098-831-9296,40000,法人,建大左と石タ鋼筋板ガ塗防内絶具解,1,R051205,12,建設業（総合）,1
47014801,知事,環ハウス（株）,玉城 貴之,900-0025,那覇市,壺川１－１２－８,098-831-9293,49500,法人,建,,R041223,0,建設業（総合）,1
47013839,知事,タマキホーム（株）,玉城 公之,900-0025,那覇市,壺川１－１２－８,098-831-9285,100000,法人,建大左と石屋タ鋼筋板ガ塗防内絶具解,1,R061129,5,建設業（総合）,1
47001631,知事,（有）玉清組,玉那覇 清繁,901-2413,中頭郡中城村,字津覇５４３－１,098-895-6865,6000,法人,土建大と石屋タ鋼舗し内水解,,R030907,35,建設業（総合）,1
47015276,知事,（株）玉建設,玉城 幸恵,904-0313,中頭郡読谷村,字大湾４１５番地１,098-927-8616,1000,法人,と,,R070121,0,その他専門工事,1
47015461,知事,（合）玉将工業,玉城 将人,905-0209,国頭郡本部町,字北里１１４４－１,090-7587-1408,1000,法人,と,,R070926,0,その他専門工事,
47014502,知事,（株）玉城・工業,玉城 大輔,901-0313,糸満市,字賀数１８０－１,098-911-0699,5000,法人,鋼,,R031105,0,その他専門工事,1
47015214,知事,（株）玉城空調設備,玉城 博,901-0364,糸満市,潮崎町３－１５－１９,098-987-1398,5000,法人,管,,R061004,0,電気・設備工事,1
47000397,知事,（有）玉城建設,知念 悦子,905-0502,国頭郡伊江村,字東江前２０２,0980-49-2959,30000,法人,土建大左と石屋管タ鋼筋舗し板ガ塗防内絶園具水解,1,R030706,35,建設業（総合）,
47002069,知事,（有）たましろ建設,玉城 弘一,901-0306,糸満市,西崎町５－６－３,098-992-3728,30000,法人,土建大左と石屋管タ鋼筋舗し板ガ塗防内絶具水解,1,R070416,35,建設業（総合）,1
47011848,知事,玉城重機,玉城 治,905-1144,名護市,字仲尾次２４０番地,0980-58-2001,,個人,と,,R071025,12,その他専門工事,
47013862,知事,玉城畳店,玉城 和明,900-0031,那覇市,若狭１－４－１,098-868-4712,,個人,内,,R061226,5,内装工事,1
47014126,知事,玉城鉄筋工業,玉城 良治,904-0303,中頭郡読谷村,伊良皆１３８－３,098-957-0188,,個人,筋,,R070911,5,その他専門工事,1
47002711,知事,（有）玉城土建,玉城 惠子,905-0023,名護市,字数久田１０９,0980-52-3994,7500,法人,土と舗水,,R040309,35,建設業（総合）,
47000873,知事,（株）玉新建設,當間 仁,900-0025,那覇市,壺川２－１３－１５,098-835-4200,40000,法人,土建大左と石屋タ鋼筋舗し板ガ塗防内絶具水解,1,R071009,35,建設業（総合）,1
47000346,知事,（株）玉清組,金城 富美夫,901-0306,糸満市,西崎町５－６,098-992-2859,45000,法人,土建と石管舗し園水解,1,R030410,35,建設業（総合）,1
47014743,知事,（株）玉装美,玉寄 悟,901-1101,島尻郡南風原町,字大名３５６－３,090-9784-2160,1000,法人,塗防,,R041007,0,塗装・防水,1
47006983,知事,（有）たまてつ,玉城 榮子,904-0324,中頭郡読谷村,字長浜１４３６,098-958-0189,20000,法人,土建大左と石屋管タ鋼筋舗板ガ塗防内絶園具水解,1,R070917,28,建設業（総合）,1
47000071,知事,玉鐵建設（株）,玉城 道好,904-2143,沖縄市,知花３－４－２５,098-938-3244,40000,法人,土建大左と石屋管タ鋼筋舗し板ガ塗内機絶具水,1,R060224,35,建設業（総合）,1
47008876,知事,（有）玉電エンジニア,玉城 智也,901-1203,南城市,大里字大城１９９５－２,098-946-0286,5000,法人,電管消,,R021029,20,電気・設備工事,1
47010953,知事,（有）玉那覇組,玉那覇 忠雄,901-2413,中頭郡中城村,字津覇４８１－１,098-895-7490,3000,法人,土と石鋼舗し水,,R021214,15,建設業（総合）,1
47012763,知事,（株）玉那覇組,玉那覇 隆,902-0075,那覇市,字国場２６０－２,098-836-2922,20000,法人,建大左と石屋タ鋼筋板ガ塗防内絶具,1,R070612,12,建設業（総合）,1
47014408,知事,（株）玉那覇工業,玉那覇 盛純,901-0325,糸満市,字大里１１３０－１,098-995-0545,5000,法人,建大と屋タ鋼筋内,,R030726,0,建設業（総合）,1
47014925,知事,（株）玉那覇シーリング,玉那覇 健太,901-2134,浦添市,港川２－２１－３,098-911-2474,5000,法人,防,,R050630,0,塗装・防水,1
47012762,知事,玉光産業（株）,島村 剛,901-0306,糸満市,西崎町５－６－３,098-992-0300,3000,法人,土建と石管鋼舗し塗防水解,,R070422,12,建設業（総合）,1
47011942,知事,（株）たまや,玉木 紀之,903-0116,中頭郡西原町,字幸地１２１,098-943-4145,2500,法人,建,,R030601,12,建設業（総合）,1
47000754,知事,（株）玉吉建設,玉吉 秀庸,907-0023,石垣市,字石垣１３６－１,0980-82-4161,51500,法人,土建と石鋼舗園水解,1,R030802 R050104,35,建設業（総合）,
47010237,知事,タマン開発,玉城 薫,901-0305,糸満市,西崎町３－３８５,098-994-6554,,個人,土と石電管鋼舗し水,,R040111,15,建設業（総合）,1
47011315,知事,田港開発,田港 朝賢,903-0802,那覇市,首里大名町２－３３－１,098-855-5199,,個人,と解,,R041228,12,その他専門工事,1
47011739,知事,（株）タム,伊藝 博,901-0305,糸満市,西崎町５－１２－２２,098-852-3120,10000,法人,土建大左と石屋タ鋼筋舗し板ガ塗防内絶具水,,R070127,12,建設業（総合）,1
47002790,知事,（有）タモト工業,田本 進,907-0013,石垣市,浜崎町２－６－２８,0980-82-9218,3000,法人,土建と石舗水,,R021027,35,建設業（総合）,
47014978,知事,達磨工業（株）,具志堅 達也,900-0022,那覇市,樋川１－３５－１３,098-987-5450,3000,法人,と解,,R050922 R061121,0,その他専門工事,1
47013648,知事,多和田組,多和田 真正,901-2213,宜野湾市,志真志１－１２－１５,098-892-8841,,個人,建大内,,R060314,8,建設業（総合）,1
47010342,知事,（有）多和田建材,多和田 真二郎,901-2406,中頭郡中城村,字当間７８８,098-895-2955,14500,法人,建大屋タ筋内,,R040712,15,建設業（総合）,1
47011851,知事,多和田建設,多和田 真二,901-2213,宜野湾市,志真志１－１２－６,098-893-0551,,個人,建,,R021102,12,建設業（総合）,1
47015089,知事,（株）たわだ工業,多和田 哲也,901-1304,島尻郡与那原町,字東浜８９－５９,098-946-2039,1000,法人,管,,R060322,0,電気・設備工事,1
47015470,知事,段鉄筋工業,兼箇段 智秀,901-2227,宜野湾市,宇地泊１－１－１２ ＭＩＮＥ ＨＯＵＳＥ ＧＩＮＯＷＡＮ ５０５号,090-4581-4995,,個人,筋,,R071003,0,その他専門工事,1
47012833,知事,（株）ダンテック,高橋 一二,901-2101,浦添市,西原２－２３－１４,098-943-5369,5000,法人,土と石管鋼舗し水解,,R071002,12,建設業（総合）,1
47002009,知事,地域開発（有）,河野 英樹,906-0008,宮古島市,平良字荷川取２１４－１,0980-72-8297,10000,法人,土と石舗し園水解,,R021105,35,建設業（総合）,
47015065,知事,（有）ＴＥＡＭ・ＮＥＯ,西岡 一,906-0006,宮古島市,平良字西仲宗根１５９７－４,0980-79-5408,5000,法人,大,,R060216,0,その他専門工事,
47015419,知事,ｔｅａｍブルーオーシャンズ（株）,恩納 基,901-2314,中頭郡北中城村,字大城４４９－１,098-989-8277,7000,法人,建大左石屋タ板ガ塗防内絶具解,,R070808,0,建設業（総合）,1
47014063,知事,（有）地下計測,外間 寿,900-0032,那覇市,松山１－１７－４４ ４０６,098-880-0589,5000,法人,土と石鋼舗し塗水,,R070717,5,建設業（総合）,1
47008440,知事,（有）力開発,伊敷 明夫,900-0014,那覇市,松尾１－９－３４,098-917-2803,10000,法人,土建と石管鋼舗塗水解,,R040315,20,建設業（総合）,1
47008788,知事,（有）築良建設,ラム 翔子,901-2405,中頭郡中城村,字屋宜１２８,098-895-6646,15000,法人,土建大と屋タ鋼舗内水,,R070927,20,建設業（総合）,1
47015172,知事,（合）チセデザイン一級建築士事務所,奥山 健二,904-0204,中頭郡嘉手納町,字水釜３６２番地３３,098-956-4049,300,法人,建大屋タ鋼内,,R060726,0,建設業（総合）,1
47014818,知事,知名興業,知名 哲也,904-2213,うるま市,字田場１９３９－７,090-6864-5455,,個人,と,,R050127,0,その他専門工事,1
47012633,知事,知名左官工業,知名 朝数,904-2171,沖縄市,高原６－７－１６,098-934-9259,,個人,左,,R070107,12,その他専門工事,1
47011320,知事,（株）知名通信,知名 定次郎,901-2412,中頭郡中城村,字奥間９２３,098-895-6342,3000,法人,電通,,R050107,12,電気・設備工事,1
47013366,知事,知念ガラス店,知念 豊,901-2102,浦添市,前田１－５０－８－２Ｆ,098-873-1518,,個人,ガ,,R041205,8,その他専門工事,1
47003274,知事,知念建設,知念 武,904-0101,中頭郡北谷町,字上勢頭６５２－７,098-936-6147,,個人,建,,R040818,35,建設業（総合）,1
47014001,知事,（株）知念建設,知念 正人,904-2166,沖縄市,古謝津嘉山町４－８ ドリームハウス３０５号室,098-988-7080,1000,法人,土と舗,,R030426 R070908,5,建設業（総合）,1
47015189,知事,（合）知念建設,知念 聡,907-0002,石垣市,字真栄里３４５－２０,0980-87-8515,5000,法人,大と,,R060823,0,その他専門工事,
47006453,知事,知念工業,知念 光雄,904-0204,中頭郡嘉手納町,水釜６－１６－３０,098-956-5014,,個人,土と石舗水,,R021216,28,建設業（総合）,1
47009175,知事,（有）知念重機産業,知念 祐子,906-0601,宮古郡多良間村,字塩川２１９,0980-79-2838,20000,法人,土建と石鋼舗し水,,R060224,20,建設業（総合）,
47014188,知事,知念住設,知念 良正,904-2163,沖縄市,大里１－２５－１４,098-938-1085,,個人,管,,R021106,5,電気・設備工事,1
47014842,知事,（株）知念住設,知念 英和,901-0201,豊見城市,字真玉橋２３５－８,098-856-5562,3000,法人,内,,R050317,0,内装工事,1
47013837,知事,知念設備,知念 一明,901-0401,島尻郡八重瀬町,字東風平３１２－９,098-998-3139,,個人,土と石管鋼舗し水,,R061129,5,建設業（総合）,1
47009983,知事,（有）知念造園土木,知念 真二,901-2222,宜野湾市,喜友名１－５－１６,098-892-3173,5000,法人,土と石舗園水,,R040319,20,建設業（総合）,1
47015228,知事,知念総業（株）,知念 助,904-2174,沖縄市,与儀１－４－２７,098-923-1828,1000,法人,土と舗,,R061021,0,建設業（総合）,1
47010906,知事,知念建具,知念 文安,904-2241,うるま市,字兼箇段９２４－６,098-974-5998,,個人,具,,R020928,15,その他専門工事,1
47012232,知事,（株）チネン通信,知念 義秀,902-0064,那覇市,寄宮１－１２－１７,098-894-9876,5000,法人,電通,,R050226 R050613,12,電気・設備工事,1
47006478,知事,（有）知念鉄筋工業,知念 宏,904-2226,うるま市,字仲嶺５９１－１,098-974-1458,3000,法人,筋,,R051105,28,その他専門工事,1
47008066,知事,（有）知念電気工事社,知念 幸信,904-0011,沖縄市,照屋５－１８－１４,098-938-2833,3000,法人,電,,R070427,20,電気・設備工事,1
47010487,知事,知念電工,知念 真吉,904-0202,中頭郡嘉手納町,字屋良８８６－１９,098-957-3048,,個人,電,,R050515,15,電気・設備工事,1
47000344,知事,知念土建（株）,知念 美香,907-0014,石垣市,新栄町７５－４０,0980-83-6880,35000,法人,土建と石舗し水解,1,R030910,35,建設業（総合）,
47011934,知事,（株）知念土木,知念 三雄,906-0601,宮古郡多良間村,字塩川２２０,0980-79-2588,3000,法人,土と石鋼舗し水,,R070706,12,建設業（総合）,
47015351,知事,知念内装,知念 武作,904-0326,中頭郡読谷村,字渡慶次３７,090-6865-1581,,個人,内,,R070509,0,内装工事,1
47014961,知事,知念パネル,知念 兼秀,901-0336,糸満市,字真壁１１９５－７,090-7587-5732,,個人,大左石屋タ板ガ塗防内絶具,,R050818,0,塗装・防水,1
47011076,知事,（有）知念木工,知念 信一,901-1117,島尻郡南風原町,字津嘉山１５３４,098-888-2738,3000,法人,具,,R030712,15,その他専門工事,1
47007061,知事,知花建設,知花 徹,901-0606,南城市,玉城字糸数８７,098-948-3201,,個人,土建大と石タ鋼舗し水,,R041212,28,建設業（総合）,1
47013655,知事,（株）知花工務店,知花 典,904-2243,うるま市,字宮里７９０－２（１Ｆ）,098-960-4712,5000,法人,土建大左と石屋タ鋼筋舗し板ガ塗防内絶具水,,R060405,8,建設業（総合）,1
47012881,知事,（株）知花造林土木,知花 郁夫,905-1411,国頭郡国頭村,字辺士名３９－２階,0980-41-2556,2000,法人,土と石鋼舗し園水解,,R021214 R050720,12,建設業（総合）,
47012081,知事,知花鉄筋工業,知花 昌仁,901-2112,浦添市,沢岻１－３３－５,098-975-5632,,個人,筋,,R040501,12,その他専門工事,1
47014024,知事,（株）知花電設,知花 新太,904-0324,中頭郡読谷村,字長浜１３２３－１,098-989-8088,20000,法人,建大左と石屋電管タ鋼筋板ガ塗防内絶具消解,1,R061122,5,建設業（総合）,1
47007750,知事,（有）北谷造園土木,大城 守,901-2131,浦添市,牧港２－４９－１２,098-871-3602,10000,法人,土と石舗園水,,R040205,28,建設業（総合）,1
47007024,知事,北谷電機工業,比嘉 潔,904-0105,中頭郡北谷町,字吉原６４５－３,098-936-2173,,個人,電,,R041117,28,電気・設備工事,1
47006754,知事,北谷ペイント,花城 可眞,904-0032,沖縄市,諸見里３－４３－３３,098-932-3362,,個人,土と石舗塗防水,,R031215,28,建設業（総合）,1
47015052,知事,Ｃｈｕ．Ｃｈｕ．企画,鬼塚 晶子,901-2101,浦添市,西原６－１－１－３０１,080-4283-5447,,個人,建大左と石屋タ鋼筋板ガ塗防内絶具,,R060119,0,建設業（総合）,1
47010248,知事,（有）中央環境サービス公社,眞壁 隆,902-0072,那覇市,字真地１５７,098-862-2930,42000,法人,土と石電管鋼舗し水,,R040125,15,建設業（総合）,1
47002815,知事,（株）中央設備,知念 道生,900-0024,那覇市,古波蔵１丁目３２番７号,098-854-1970,10000,法人,土と石管舗水消,,R030210,35,建設業（総合）,1
47008443,知事,（有）中央電工,久保田 悦夫,903-0103,中頭郡西原町,字小那覇１４１８－１,098-946-4453,3000,法人,電,,R040404,20,電気・設備工事,1
47002190,知事,（有）中央電水,新垣 起史,904-0203,中頭郡嘉手納町,字嘉手納４３９－１,098-956-2323,10000,法人,土と石電管舗水,,R070713,35,建設業（総合）,1
47009044,知事,（有）中央土建,大城 綾子,901-1203,南城市,大里字大城６２４－１,098-963-8472,20000,法人,土と石鋼舗し水,,R061027,20,建設業（総合）,1
47010073,知事,（有）中部技研,喜屋武 秋夫,904-0021,沖縄市,胡屋５－１２－１４,098-934-6200,9950,法人,土建大左と石屋管タ鋼筋舗し板ガ塗防内絶具水,,R060409,15,建設業（総合）,1
47015117,知事,（株）中部機設工,安次嶺 健汰,904-2234,うるま市,字州崎８－１６,098-989-8912,2000,法人,電管鋼,,R060524 R070827,0,電気・設備工事,1
47014913,知事,（株）中部建設,瑞慶覧 朝充,904-0022,沖縄市,園田３－４－１４,098-989-4638,5000,法人,建解,,R050616,0,建設業（総合）,1
47011370,知事,中部興産（株）,新垣 貴雪,904-0014,沖縄市,仲宗根町２４－９,098-937-5035,20000,法人,土建大左と石屋タ鋼筋舗し板ガ塗防内絶具水,1,R050116,12,建設業（総合）,1
47010730,知事,中部修繕センター,宮城 靖雄,901-2201,宜野湾市,新城２－３６－１１,098-893-1199,,個人,土建大と石屋管タ鋼舗塗内水,,R060927,15,建設業（総合）,1
47001589,知事,（有）中部大理石,荒井 俊吉,904-2213,うるま市,字田場１８４０－２,098-973-0599,20000,法人,土建大左と石屋タ鋼筋舗し板ガ塗防内絶具水解,,R060816,35,建設業（総合）,1
47001735,知事,（有）中部タイル,禰保 昭男,904-0013,沖縄市,室川２－１－８,098-937-3975,5000,法人,タ,,R070907,35,その他専門工事,1
47011665,知事,中部たたみ店,新城 忍,904-2151,沖縄市,松本２－１－１８,098-929-1116,,個人,内,,R070112,12,内装工事,1
47009505,知事,中部電機サービス,渡慶次 道彦,904-0105,中頭郡北谷町,字吉原８４０,098-936-8129,,個人,電,,R050910,20,電気・設備工事,1
47008875,知事,中部電子工業,比嘉 修,901-2401,中頭郡中城村,字久場７－１,098-895-6136,,個人,土建と石電鋼舗し通水,,R021019,20,建設業（総合）,1
47000228,知事,中部電水工事（株）,仲村 千博,901-2201,宜野湾市,新城１－４－１５,098-988-1291,20500,法人,土建と石電管舗通水,1,R030719,35,建設業（総合）,1
47003970,知事,中部緑化土木（株）,山川 伸幸,904-0101,中頭郡北谷町,字上勢頭７９２,098-936-3761,20000,法人,土と石鋼舗し塗園水解,1,R070609,35,建設業（総合）,1
47010931,知事,（有）美開発,西里 多恵子,906-0013,宮古島市,平良字下里１３６１－１０,0980-73-4935,5000,法人,土建大左と石屋管タ筋舗板ガ塗防内絶具水,,R051201,15,建設業（総合）,
47015097,知事,ちゅら建装,大城 一志,902-0076,那覇市,与儀１２５－２,098-835-9592,,個人,土建と石鋼舗し塗水解,,R060329,0,建設業（総合）,1
47014500,知事,美ら島環境開発（株）,崎濱 秀樹,900-0022,那覇市,樋川２－１６－９－１階,098-987-4638,8000,法人,土と石鋼舗し水解,,R031029,0,建設業（総合）,1
47012572,知事,（株）ちゅらしま産業,島袋 恵,905-0214,国頭郡本部町,渡久地２７７,0980-47-3285,6000,法人,土建と石電管鋼舗し塗水消解,,R060901,12,建設業（総合）,
47013699,知事,ちゅらら工房（株）,具志 直人,903-0104,中頭郡西原町,字兼久２６１－２,098-945-7170,5000,法人,建大屋タ塗防内,,R060531,8,建設業（総合）,1
47012391,知事,（株）朝栄,喜如嘉 悦子,901-2121,浦添市,内間３－７－５－１０１号 コートハウス知念,098-875-0236,150,法人,土と,,R051128,12,建設業（総合）,1
47007404,知事,（有）長吉組,目差 長吉,904-2245,うるま市,字赤道４－８,098-974-3055,10000,法人,と,,R030723,28,その他専門工事,1
47002623,知事,（有）長光電気空調設備,謝花 長光,900-0037,那覇市,辻１－１０－１,098-868-5741,8000,法人,電管消,,R040823,35,電気・設備工事,1
47006527,知事,（有）千代田開発,洌鎌 昌美,906-0015,宮古島市,平良字久貝１０４７－２２,0980-72-2260,40000,法人,土建と石鋼舗し水,1,R030210 R040901,28,建設業（総合）,
47013129,知事,（株）Ｔ．ＷＩＮ,玉城 常治,901-0306,糸満市,西崎町５－６－２７,098-895-7050,97550,法人,電,,R040112,8,電気・設備工事,1
47012884,知事,（株）司建設,大城 司,904-0411,国頭郡恩納村,字恩納２５２７番地,098-966-8535,3000,法人,土建大と石電管鋼舗し内水,,R021217,12,建設業（総合）,
47014300,知事,司左官業,宮里 司,904-1106,うるま市,字石川１９４４－５,098-972-8416,,個人,左,,R030409,5,その他専門工事,1
47000453,知事,（有）つかさ産業,小波本 教夫,907-0004,石垣市,登野城１２７６－５,0980-82-2167,20000,法人,土と石電管鋼舗し塗水,1,R021127,35,建設業（総合）,
47014080,知事,つかさ冷機サービス,伊芸 正司,901-1303,島尻郡与那原町,字与那原２８２７－１,098-944-4939,,個人,管,,R070731,5,電気・設備工事,1
47014923,知事,（資）つかざん,金城 太介,901-1208,南城市,大里字平良２５７８,098-889-7081,2700,法人,土と石鋼舗し水,,R050622,0,建設業（総合）,1
47014344,知事,（有）津嘉山ステンレス工業,津嘉山 正則,904-2143,沖縄市,知花４－３８－１,098-929-2129,10000,法人,建大左と石屋管タ鋼筋板ガ塗防内絶具解,,R030528 R050512,5,建設業（総合）,1
47010900,知事,津嘉山電水社,津嘉山 貴弘,904-1304,国頭郡宜野座村,字漢那１３８０,098-968-5489,,個人,電管,,R070921,15,電気・設備工事,
47008831,知事,（有）築建設,前里 浩,902-0064,那覇市,字寄宮１７１番地,098-832-8401,3000,法人,土建と石管鋼舗水,,R030221,20,建設業（総合）,1
47014641,知事,（株）ＴＳＵＧＵシステム,宮城 嗣久,901-2126,浦添市,宮城３－６－１５ メゾン中山１０３,080-8647-9145,3000,法人,建内,,R040603,0,建設業（総合）,1
47015204,知事,（株）ツクモ,村田 正之,901-2207,宜野湾市,神山１－１６－４０,098-959-8197,5000,法人,建電,,R060927 R070919,0,建設業（総合）,1
47010418,知事,（有）創,大西 孝司,901-2134,浦添市,港川２－２１－５,098-942-0806,5000,法人,土建大左と石屋タ鋼筋舗し板ガ塗防内絶具水解,,R041220,15,建設業（総合）,1
47014930,知事,（株）ＴｓｕＫｕＲｉＢａ,洲鎌 博昭,901-0152,那覇市,小禄４－７－１０ サンハイム万越５－Ｂ,090-7449-9979,5000,法人,建大屋タ内,,R050707,0,建設業（総合）,1
47009332,知事,（有）津堅工業,津堅 稿司,904-0033,沖縄市,山里３－５－７,098-933-2500,6000,法人,土建と石管鋼舗し塗機水解,,R070625,20,建設業（総合）,1
47013032,知事,津堅事務用品店,津堅 直樹,900-0021,那覇市,泉崎１－２２－６,098-866-4900,,個人,大左石屋タ板ガ塗防内絶具,,R030818,8,塗装・防水,1
47012202,知事,（株）津堅門工機,津堅門 大己,904-2222,うるま市,上江洲１６４－１,098-989-3365,6000,法人,土と石管鋼舗し塗機水,,R041225,12,建設業（総合）,1
47011687,知事,（有）津島工業,冨里 靖,904-2314,うるま市,勝連平敷屋３８０５,098-978-3668,3000,法人,土と石管鋼舗し機水,,R070203,12,建設業（総合）,1
47004477,知事,（有）津城電気工事,呉屋 賢,901-2413,中頭郡中城村,字津覇５４５,098-895-4416,40000,法人,土と石電管鋼舗し塗水解,1,R040725,35,建設業（総合）,1
47004682,知事,（有）津田建設,上原 勉,901-0241,豊見城市,字豊見城８２１,098-850-8933,33000,法人,土と石鋼舗し塗水,,R060205,35,建設業（総合）,1
47012938,知事,（株）つなぎ電気,中世古 千佳,901-2223,宜野湾市,大山４－１４－２０,098-917-4436,5000,法人,土と石電管鋼舗し水,,R030408,8,建設業（総合）,1
47006369,知事,（株）ツナミ組,津波 良隆,905-0005,名護市,字為又８６４－５,0980-52-6444,37000,法人,土建大と石管鋼舗し塗防内水解,1,R050828,28,建設業（総合）,
47006940,知事,（有）ツネダ塗装工業,常田 省三,903-0805,那覇市,首里鳥堀町４－１４３－１６、２Ｆ,098-885-5130,20000,法人,土建大左と石屋タ鋼筋舗し板ガ塗防内絶具水解,1,R030702,28,建設業（総合）,1
47013338,知事,（有）津波古開発,砂川 久伸,906-0507,宮古島市,伊良部字佐和田１４３４,0980-79-0860,9000,法人,土と石鋼舗し水,,R041018,8,建設業（総合）,
47011949,知事,津波古組,津波古 憲真,904-2312,うるま市,勝連平安名２８９５－３,090-3792-3965,,個人,大,,R030613,12,その他専門工事,1
47012888,知事,（株）津波古組,津波古 和己,904-2172,沖縄市,泡瀬３－４３－１３,098-979-9703,3000,法人,大,,R021224,12,その他専門工事,1
47014907,知事,（株）津波古塗装工業,津波古 朝成,901-0614,南城市,玉城字奥武２－２,090-6869-1227,1000,法人,塗防,,R050616,0,塗装・防水,1
47011714,知事,（合）翼空調設備,島袋 隆,901-0214,豊見城市,字保栄茂４９－５,098-856-6606,6000,法人,管,,R070319,12,電気・設備工事,1
47009731,知事,（株）翼電工,山城 建男,904-2173,沖縄市,比屋根７－７－１,098-930-0536,3000,法人,電,,R061005,20,電気・設備工事,1
47013621,知事,（株）ツハ設備,津波 靖師,903-0103,中頭郡西原町,字小那覇３２４－７,098-944-6510,3000,法人,土と石管鋼舗し水解,,R060117,8,建設業（総合）,1
47002641,知事,（有）燕建設,仲西 慶洋,903-0124,中頭郡西原町,字呉屋１００－３,098-944-1289,30000,法人,土建と石舗水解,1,R030926,35,建設業（総合）,1
47015216,知事,（株）つは山環境,生田 栄作,905-1318,国頭郡大宜味村,津波１９７１－７２７,0980-44-2423,95000,法人,土と石鋼舗し水解,,R061004,0,建設業（総合）,
47012951,知事,鶴岡設備,鶴岡 隆男,904-2153,沖縄市,美里５－１９－９,098-938-3105,,個人,管,,R030421,8,電気・設備工事,1
47010832,知事,鶴田左官工業,靏田 信弘,901-2213,宜野湾市,志真志１丁目１７番１号,098-893-3495,,個人,左,,R070606,15,その他専門工事,1
47013946,知事,（株）Ｔ＆Ｋカンパニー,渡久地 政国,904-2235,うるま市,字前原３７－２,098-937-1287,3000,法人,土と舗,,R070420,5,建設業（総合）,1
47014754,知事,（株）Ｔ＆Ｔ,比嘉 武,900-0004,那覇市,字銘苅３２２－５,098-867-0708,50000,法人,建大屋管タ内,,R041028,0,建設業（総合）,1
47013131,知事,（株）ディーアンド・ラボ,大村 邦雄,901-2131,浦添市,牧港２－５０－１１,098-987-6428,20000,法人,建大左と石屋タ鋼筋板ガ塗防内絶具,1,R070815,8,建設業（総合）,1
47011550,知事,ティーエスプラント（有）,友寄 喜隆,901-0205,豊見城市,字根差部５６－２３,098-851-2262,3000,法人,建大屋タ内機,,R060626,12,建設業（総合）,1
47015231,知事,ディーエスプレパーツ（株）,熊本 透,901-0306,糸満市,西崎町５－１２－４,098-840-8805,10000,法人,管,,R061108,0,電気・設備工事,1
47012541,知事,ＴＮＯコンセプト（株）,玉城 惠美子,900-0005,那覇市,天久１－８－１７ ２Ｆ,098-860-8739,25000,法人,建大左と石屋タ鋼筋板ガ塗防内絶具解,1,R040610,12,建設業（総合）,1
47014903,知事,（株）ＴＮＧ．ｔｓｕｎａｇｕ,朝倉 唯,901-2306,中頭郡北中城村,ライカム４６１,090-1945-6866,5000,法人,ガ具,,R050609 R070725,0,その他専門工事,1
47013059,知事,ＴＭ開発,玉城 雅健,901-0615,南城市,玉城字堀川５４０,098-988-4858,,個人,土と舗解,,R030920,8,建設業（総合）,1
47012593,知事,（株）ティーオーシー,山里 榮伸,902-0077,那覇市,長田１－４－９,098-831-6007,4000,法人,土と石鋼舗し塗水,,R061009,12,建設業（総合）,1
47014790,知事,（株）ＴＫＹ設備,奥間 喬弥,901-2214,宜野湾市,我如古２－３－７－１０１,090-9787-5317,5000,法人,管,,R041209,0,電気・設備工事,1
47011018,知事,（株）Ｄ・Ｃ・Ｒ,伊良波 尚,902-0072,那覇市,字真地３８８番地６,098-996-3161,10000,法人,土建大左と石屋管タ鋼筋舗し板ガ塗防内絶具水,,R030410,15,建設業（総合）,1
47014062,知事,（株）Ｔ．Ｃ．Ｓ,仲里 功一,901-1117,島尻郡南風原町,字津嘉山７７６－１,098-996-4193,3000,法人,大と,,R070717,5,その他専門工事,1
47014798,知事,（株）Ｄ．Ｃ．Ｓカンパニー,仲間 誠,904-0203,中頭郡嘉手納町,字嘉手納５２４－１５,098-957-5966,3000,法人,土と石鋼舗し塗水,,R041216,0,建設業（総合）,1
47012982,知事,（株）ティーダコーポレーション,森田 治,902-0075,那覇市,字国場８６５－５,098-943-0721,3000,法人,建大屋タ鋼内,,R021224,8,建設業（総合）,1
47012539,知事,（株）Ｔｅａｃｈ Ｐｌｕｓ,嶺井 政直,902-0069,那覇市,松島１－１５－５ メゾンシュエット１０１号室,098-882-1001,10000,法人,建,,R060704,12,建設業（総合）,1
47013166,知事,（株）ＴＤＳ,島袋 猛,904-2171,沖縄市,高原５－１１－３,098-989-7154,3000,法人,電,,R040224,8,電気・設備工事,1
47012757,知事,（株）ティーネット電気通信,吉山 盛広,904-1303,国頭郡宜野座村,字惣慶１８３０－１,098-968-6420,2000,法人,電通,,R070612,12,電気・設備工事,
47014277,知事,（株）ＴＰＷ,池宮城 哲也,900-0004,那覇市,銘苅２－５－１３－２０２,098-911-6239,5000,法人,消,,R030305,5,電気・設備工事,1
47015393,知事,（株）Ｄ’ＦＯＲＣＥ,小橋川 尚也,901-2402,中頭郡中城村,字泊３６０,098-989-8338,1000,法人,電,,R070711,0,電気・設備工事,1
47014767,知事,Ｔ ｈｏｍｅ（株）,棚原 彰悟,904-2174,沖縄市,与儀１－７－７ ミルコマンション沖縄市与儀グランパーク４０２,080-3957-7974,1220,法人,建大屋タ鋼内,,R041111,0,建設業（総合）,1
47012789,知事,（株）Ｔ－Ｒｉｓｅ,玉那覇 俊,901-2202,宜野湾市,普天間２－１５－１８,098-988-9608,6000,法人,土と石電管鋼舗し水,,R070716,12,建設業（総合）,1
47014795,知事,（有）ディー・ランド,平田 久雄,900-0002,那覇市,曙２－３－１,098-867-5088,10000,法人,建大屋タ内,,R041216,0,建設業（総合）,1
47014777,知事,（株）ＴＨＫ,玉城 正勝,901-0503,島尻郡八重瀬町,字新城２０３７－１,098-840-7200,5000,法人,土と石鋼舗し水,,R041118,0,建設業（総合）,1
47013987,知事,ＴＮエンジニア,仲田 進,905-0223,国頭郡本部町,字大嘉陽４４４－６,0980-51-6395,,個人,電管,,R070605,5,電気・設備工事,
47002235,知事,（有）Ｔ．Ｎ．Ｏ,富盛 清,901-2204,宜野湾市,上原２－４－６,098-892-4088,30000,法人,土建と石鋼舗し水,1,R040611,35,建設業（総合）,1
47010878,知事,（有）ティガネー,井上 俊夫,901-0146,那覇市,具志１－１３－１,098-943-3228,3000,法人,土と石鋼舗し塗水,,R070812,15,建設業（総合）,1
47009921,知事,Ｔ・Ｋ建設,幸喜 得秀,904-2214,うるま市,字安慶名９４７－１,098-972-4633,,個人,土と石鋼舗し水,,R070822,20,建設業（総合）,1
47014745,知事,（有）ディスプレイカンパニー,與那覇 龍治,901-2131,浦添市,牧港５－２１－２,098-871-2400,10000,法人,建内,,R041007,0,建設業（総合）,1
47002401,知事,（有）Ｄプラン開発,玉城 勝二,901-0364,糸満市,潮崎町３－１５－６,098-996-4681,10000,法人,土建大と石屋タ鋼舗内水,,R070602,35,建設業（総合）,1
47008733,知事,（株）テクノ技建,安里 秀光,901-2114,浦添市,安波茶２－５－３,098-875-8500,10000,法人,土と石電管鋼舗し水,,R070605,20,建設業（総合）,1
47009368,知事,（株）テクノ建設,玉城 俊一,901-2423,中頭郡中城村,字北上原５６５,098-895-7000,10000,法人,土大と石管タ鋼筋舗し水,,R060113,20,建設業（総合）,1
47007741,知事,（株）テクノ工業,新垣 敏哉,904-2161,沖縄市,古謝三丁目２６番１１号,098-938-0262,21000,法人,土と石電管鋼舗し機水消,1,R070819,28,建設業（総合）,1
47012620,知事,テクノスメタル工業（株）,川口 眞宏,901-1117,島尻郡南風原町,字津嘉山１７０１,098-888-5060,20000,法人,具,,R061205,12,その他専門工事,1
47010074,知事,（有）テクノ通信,大城 廣明,901-2417,中頭郡中城村,字伊集１４５－２,098-895-3330,3000,法人,通,,R030521,15,電気・設備工事,1
47014057,知事,（株）テクノリス,喜納 尚志,904-0204,中頭郡嘉手納町,字水釜６－１－１ 冨着アパート２０２,098-960-9934,5000,法人,土と石鋼舗し塗水解,,R070717,5,建設業（総合）,1
47013820,知事,（株）デザインスタジオ琉球樂団,伊佐 真吾,901-2127,浦添市,屋富祖１－３－１３,098-874-5600,10000,法人,建大屋タ鋼内,,R061105,5,建設業（総合）,1
47011882,知事,（有）デザインスポットウイング,深水 憲和,901-2132,浦添市,伊祖５－７－１４,098-870-4657,3000,法人,内,,R030105,12,内装工事,1
47013529,知事,（株）ｄｅｓｉｇｎ ｗｏｒｋ 五感 ｐｌｕｓ,新川 浩司,903-0117,中頭郡西原町,翁長８７２,098-927-4316,5550,法人,建大屋タ内,,R050813,8,建設業（総合）,1
47013764,知事,デザインワークス（株）,宮城 貴子,901-2225,宜野湾市,大謝名２－２７－１０リアライズ上大謝名１Ｆ,098-897-9011,5000,法人,建内解,,R060826 R070526,5,建設業（総合）,1
47014993,知事,ＤＥＳＩＧＮ ＷＯＲＫＳ（株）,菊地 真一郎,900-0023,那覇市,楚辺１－６－７,098-943-1448,2000,法人,内,,R051020,0,内装工事,1
47012333,知事,（株）デザインワークス・ｅ,東恩納 敏,903-0804,那覇市,首里石嶺町２－２４９,098-882-1290,5000,法人,土建大左と石屋タ鋼筋舗し板ガ塗防内絶具水,,R050830,12,建設業（総合）,1
47014198,知事,（有）デザインワークスオンリーワン,中島 明美,904-0004,沖縄市,中央１－３６－１４,098-894-7257,3000,法人,大左石屋タ板ガ塗防内絶具,,R021120,5,塗装・防水,1
47015068,知事,デジマコム（株）,前冨里 典正,901-2227,宜野湾市,宇地泊２－３８－２,098-897-8892,8000,法人,電通,,R060216,0,電気・設備工事,1
47010901,知事,（有）てだこ通信,大田 長由,901-2132,浦添市,伊祖１－４－５,098-878-1088,3000,法人,通,,R070916,15,電気・設備工事,1
47010564,知事,テックサービス（株）,仲宗根 基,904-2142,沖縄市,字登川１０４２－１,098-923-4500,30000,法人,土建大左と石屋タ鋼筋舗し板ガ塗防内絶具水解,1,R021012,15,建設業（総合）,1
47008906,知事,（有）テックダイユウ,押川 龍雄,901-2204,宜野湾市,上原１－２３－１２,098-893-2848,20000,法人,土と石鋼舗し水解,1,R021227 R030601,20,建設業（総合）,1
47014816,知事,（株）テックライズ,宮下 英明,901-0223,豊見城市,字翁長８２８－１０,098-995-8052,2000,法人,土と石鋼舗し水,,R050127,0,建設業（総合）,1
47011808,知事,鐵剛工業,比嘉 剛,901-2301,中頭郡北中城村,字島袋１０３７,098-932-6843,,個人,筋,,R070806,12,その他専門工事,1
47012941,知事,哲工務店（合）,砂川 哲夫,907-0002,石垣市,字真栄里２７４－３５,0980-83-3701,9000,法人,建大と,,R030419,8,建設業（総合）,
47015459,知事,（株）テツプランニングオフィス,米須 哲次,904-0417,国頭郡恩納村,字真栄田２７８０－１６,098-965-5610,1000,法人,内,,R070926,0,内装工事,
47014959,知事,哲弥工業,森田 哲弥,901-0502,島尻郡八重瀬町,大頓１４０２,098-998-8573,,個人,建大屋タ鋼内,,R050818,0,建設業（総合）,1
47014121,知事,（有）手水産業,国場 良計,905-0024,名護市,字許田１０６４－１０,0980-52-6391,3000,法人,土と石鋼舗し水解,,R070904,5,建設業（総合）,
47011290,知事,デム工業（株）,稲葉 靖規,901-0306,糸満市,西崎町５－６－７,098-992-7222,10000,法人,土と石鋼舗し水,,R041011,15,建設業（総合）,1
47012799,知事,デュアル・アイ・ティー（株）,徳永 義明,900-0033,那覇市,久米１－１－１３ プランビル久米４０１,098-863-5844,3000,法人,建大屋電管タ鋼内,,R070727,12,建設業（総合）,1
47000179,知事,（株）輝男建設,大城 由香利,905-0501,国頭郡伊江村,字東江上２３１,0980-49-2842,40000,法人,土建と石管鋼舗し塗水解,1,R061124,35,建設業（総合）,
47005745,知事,（有）照喜名建設,照喜名 健,904-1201,国頭郡金武町,字金武３３－３,098-968-2302,45000,法人,土建大左と石屋管タ鋼筋舗し板ガ塗防内絶園具水解,1,R060730,35,建設業（総合）,
47015129,知事,テルキナ左官,照喜名 隼,907-0004,石垣市,字登野城９８８－１７,0980-87-7299,,個人,左,,R060510,0,その他専門工事,
47011876,知事,輝工業,翁長 安輝,903-0116,中頭郡西原町,字幸地１０３８番地,098-945-7872,,個人,と,,R021224,12,その他専門工事,1
47015414,知事,輝工業,島袋 輝治,901-0303,糸満市,字兼城８３１－５ ＦＲＩＥＤＥ ＳＫＹ,080-3999-8522,,個人,大,,R070808,0,その他専門工事,1
47002579,知事,デルタ電気工業（株）,金城 保,901-2214,宜野湾市,我如古２－３６－１５,098-897-0513,30000,法人,土と石電管鋼舗し通水消,1,R040824 R060624,35,建設業（総合）,1
47000431,知事,（株）照正組,照屋 圭太,902-0075,那覇市,字国場１１７０－６,098-834-3783,40000,法人,土建大左と石屋タ鋼筋舗し板ガ塗防内絶具水解,1,R070722,35,建設業（総合）,1
47008086,知事,照正電気,照喜名 朝光,901-1503,南城市,知念字知名１２３１,098-947-6090,,個人,電,,R021227,20,電気・設備工事,1
47013254,知事,（株）てるや基工,川満 成勝,904-0314,中頭郡読谷村,字古堅７３－９,098-923-2712,5000,法人,土と石鋼舗し水,,R040719,8,建設業（総合）,1
47000742,知事,（株）照屋建設,照屋 健,906-0012,宮古島市,平良字西里７９４－９,0980-72-0128,30000,法人,土建大と石管鋼舗し水解,1,R030712,35,建設業（総合）,
47001240,知事,照屋建設（株）,照屋 晃,907-0014,石垣市,新栄町６－７,0980-82-2817,20000,法人,土建大左と石屋タ鋼筋舗板ガ塗防内絶具水,1,R040731,35,建設業（総合）,
47006419,知事,（有）照屋工業,照屋 盛安,901-0361,糸満市,字糸満２４３１－２,098-995-0825,20000,法人,土建と石管舗水,,R070613,28,建設業（総合）,1
47013333,知事,（株）照屋鉄筋工業,照屋 全和,904-2231,うるま市,字塩屋４９２－１,098-974-0257,5000,法人,筋,,R041017,8,その他専門工事,1
47000885,知事,照屋電気工事（株）,高江洲 昌太郎,903-0804,那覇市,首里石嶺町３－３２－３,098-886-2256,49000,法人,電管通消,1,R041118,35,電気・設備工事,1
47004379,知事,（株）照屋土建,照屋 正人,901-0306,糸満市,西崎町５－１４－７,098-992-5644,40000,法人,土建大左と石屋管タ鋼筋舗し板ガ塗防内絶具水解,1,R030901,35,建設業（総合）,1
47005966,知事,（有）照屋防蝕工業,照屋 隆哉,901-2111,浦添市,字経塚４５２（１０２）,098-878-2985,6000,法人,塗防,,R040626,35,塗装・防水,1
47015083,知事,照屋防水,照屋 誠,901-2317,中頭郡北中城村,字瑞慶覧４３６,098-927-2990,,個人,塗防,,R060308,0,塗装・防水,1
47003998,知事,（有）照屋木工所,照屋 博徳,901-0201,豊見城市,字真玉橋３１６－１,098-850-7505,5000,法人,具,,R041208,35,その他専門工事,1
47014732,知事,（合）輝喜重機,金城 一喜,905-1204,国頭郡東村,字平良８６３－７,090-3790-8424,300,法人,土と石鋼舗し塗水解,,R040916,0,建設業（総合）,
47011260,知事,（有）テレコムシステム,宮国 卓巳,901-2102,浦添市,前田３－４－３５,098-942-0202,8000,法人,電通,,R040808,15,電気・設備工事,1
47015398,知事,（株）ＴＥＮＯＨ,大城 知充,901-2125,浦添市,仲西３－８－１２ １Ｆ,098-876-3880,5000,法人,建大左と石屋タ鋼筋板ガ塗防内絶具解,,R070725,0,建設業（総合）,1
47013587,知事,（株）天願工業,天願 武蔵,904-2165,沖縄市,宮里２－３－２７,098-939-6531,5000,法人,と,,R051122,8,その他専門工事,1
47008405,知事,（株）電協エンジニアリング,伊計 徹,904-1111,うるま市,石川東恩納１４２６－１,098-964-6392,40000,法人,電機通,1,R050517,20,電気・設備工事,1
47013321,知事,（株）ＤＥＮ．ＣＲＥＡＴＥ,田場 栄作,901-2111,浦添市,経塚１－６－１６,098-943-9758,5000,法人,建大左と石屋タ鋼筋板ガ塗防内絶具,,R041002,8,建設業（総合）,1
47015191,知事,（合）電計サービス,大濵 健,907-0003,石垣市,字平得３４５－１,090-8293-7584,2000,法人,電,,R060913,0,電気・設備工事,
47009147,知事,（有）電研,具志堅 和也,905-0007,名護市,字屋部８１４,0980-52-4292,3000,法人,土と石電管鋼舗水,,R070121,20,建設業（総合）,
47011253,知事,（有）デンコ,嘉数 雄伍,903-0124,中頭郡西原町,字呉屋１００－３,098-946-6667,5000,法人,電,,R040726,15,電気・設備工事,1
47013880,知事,（株）電光,山城 学,901-2203,宜野湾市,野嵩３－３５－１０,098-893-4680,3000,法人,土と石電鋼舗し通水,,R070124,5,建設業（総合）,1
47014765,知事,（株）デンコウ工業,宮城 幸喜,901-2303,中頭郡北中城村,字仲順４０番地、座喜味ビル２０１,098-988-7768,5000,法人,筋,,R041118,0,その他専門工事,1
47012266,知事,電工設備・小倉塾（株）,小倉 大作,904-2153,沖縄市,美里５－１９－１７－１２０２,098-989-3276,5000,法人,電,,R050418,12,電気・設備工事,1
47014612,知事,（株）天慎,宇良 慎之介,901-2301,中頭郡北中城村,字島袋８０８－２,098-989-0013,5000,法人,内,,R040408,0,内装工事,1
47012790,知事,（株）天神技研,神谷 政成,903-0825,那覇市,首里山川町１－１２７－１,098-800-2958,5000,法人,建大左と石屋タ鋼筋板ガ塗防内絶具解,,R070716,12,建設業（総合）,1
47002950,知事,（株）天仁建設,宮城 洋平,905-1147,名護市,字田井等６６１－３,0980-58-1901,30000,法人,土建大と石屋タ鋼舗し塗防内園水解,1,R031225,35,建設業（総合）,
47005411,知事,電進工事社,當間 進,901-0214,豊見城市,字保栄茂５６６－１,098-856-0562,,個人,電,,R021014,35,電気・設備工事,1
47008667,知事,（有）天進電水工業,宮里 勉,901-2111,浦添市,字経塚２２０,098-874-1525,5000,法人,土建と石電鋼舗し水解,,R041031,20,建設業（総合）,1
47010575,知事,（有）デンセンドウ,大城 充,903-0804,那覇市,首里石嶺町４－３５－３１,098-884-6140,8550,法人,内,,R051119,15,内装工事,1
47009913,知事,（株）電装技研,渡慶次 道安,903-0113,中頭郡西原町,字安室４１,098-946-6591,10000,法人,電,,R070823,20,電気・設備工事,1
47014909,知事,（株）テンフィートプラン,大嶺 一馬,906-0015,宮古島市,平良字久貝８９７－３,0980-79-7563,3000,法人,土建大と石屋タ鋼舗し塗防内水解,,R050616 R070410,0,建設業（総合）,
47006055,知事,天馬屋,友利 明正,901-2103,浦添市,仲間３－２２－１,098-876-2133,,個人,土建大と石管タ舗内水,,R040307,28,建設業（総合）,1
47012773,知事,（合）テン・リフォーム,仲地 正,904-0034,沖縄市,山内４－１－１５,098-923-2715,3000,法人,内,,R070626,12,内装工事,1
47011209,知事,（株）砥板商会,砥板 芳治,907-0013,石垣市,浜崎町１－２－５,0980-82-2126,20000,法人,建大内,,R040424,15,建設業（総合）,
47011941,知事,十一電業,松根 秀夫,900-0024,那覇市,古波蔵４－１３－４８,098-854-2204,,個人,電,,R030601,12,電気・設備工事,1
47007096,知事,（有）東亜,黒坂 豊,904-0105,中頭郡北谷町,字吉原８４０,098-936-4148,3000,法人,左ガ塗防内,,R070201,28,塗装・防水,1
47013010,知事,當亜電設（合）,當山 勝敏,904-0404,国頭郡恩納村,字瀬良垣８２４－２,098-966-2897,6000,法人,土と石電管鋼舗し水解,,R030714,8,建設業（総合）,
47015011,知事,東亜貿易（株）,上原 大幸,904-2302,うるま市,与那城西原９９１,098-987-8863,10000,法人,内,,R051124,0,内装工事,1
47012016,知事,東壱住建（株）,東江 一二,901-1117,島尻郡南風原町,字津嘉山５００－５,098-988-0840,3000,法人,土建,,R031107,12,建設業（総合）,1
47006878,知事,（有）桃宇重機土木,桃宇 巧,901-0243,豊見城市,字上田８３－７,098-856-2254,40000,法人,土と石管鋼舗し塗水,1,R021027,28,建設業（総合）,1
47009785,知事,（株）トウエイ,東江 晴都,901-2121,浦添市,内間２－６－１６,098-878-3516,40000,法人,土建と石鋼舗し水解,,R070107,20,建設業（総合）,1
47005063,知事,（有）当栄建設,前盛 勝仁,907-0013,石垣市,浜崎町２－６－２０,0980-83-2110,3000,法人,土建大と石屋タ鋼舗し内水,,R040626,35,建設業（総合）,
47009818,知事,（有）東栄システム,比嘉 勝,903-0801,那覇市,首里末吉町１－１７３－１８,098-943-8653,3000,法人,電,,R070321,20,電気・設備工事,1
47013609,知事,（株）東栄製作所,荷川取 良夫,906-0301,宮古島市,下地字川満１２７３－５,0980-76-6410,5000,法人,建鋼,,R051227,8,建設業（総合）,
47000149,知事,（株）東栄塗装工業,仲嶺 真博,904-0204,中頭郡嘉手納町,水釜６－２１－８,098-956-7540,20000,法人,土建大左と石屋タ鋼筋舗し板ガ塗防内絶具水,1,R030825 R050210,35,建設業（総合）,1
47006175,知事,（有）當江電気工事,當江 明,903-0826,那覇市,首里寒川町２－６３－２,098-884-1205,5000,法人,電,,R040709,28,電気・設備工事,1
47015336,知事,（株）東海建設,砂川 惠永,906-0101,宮古島市,城辺字保良４８３－１,0980-79-5379,3000,法人,建大左と石屋タ鋼筋板ガ塗防内絶具解,,R070423,0,建設業（総合）,
47013172,知事,（合）東海工業,瑞慶山 博,904-1302,国頭郡宜野座村,字宜野座９０６－１,098-968-7333,2000,法人,土と石鋼舗水,,R040316,8,建設業（総合）,
47001115,知事,（有）東開鉱業建設,佐久川 昌信,901-3124,島尻郡久米島町,字仲泊１１６２,098-985-2455,40000,法人,土と石鋼舗し水,,R030619,35,建設業（総合）,
47005030,知事,（株）東海造園,金城 末幸,903-0113,中頭郡西原町,字安室２９４,098-945-0201,21000,法人,土と石舗園水,1,R060802,35,建設業（総合）,1
47008120,知事,東海電設（株）,城間 圭,904-2174,沖縄市,与儀３－１８－２５,098-989-0790,42000,法人,土と石電鋼舗し水,1,R030808,20,建設業（総合）,1
47010738,知事,（株）東海電設,山城 吉博,907-0242,石垣市,字白保２６８－１２１,0980-86-7502,5000,法人,土と石電管鋼舗し水消,,R060101,15,建設業（総合）,
47013269,知事,（株）東海土建,大宜見 薫,905-1202,国頭郡東村,字宮城３０３－１,0980-51-2811,5000,法人,土と石鋼舗し園水,,R040801,8,建設業（総合）,
47004617,知事,（有）道鬼左官工業,道鬼 正和,904-2166,沖縄市,古謝津嘉山町３３－１０,098-938-4094,5000,法人,左,,R030501,35,その他専門工事,1
47003065,知事,（有）東建,仲西 武光,901-0305,糸満市,西崎６－１８－７－２０２,098-994-5211,5000,法人,土建と石舗水,,R030420,35,建設業（総合）,1
47005710,知事,（株）東幸開発,東恩納 利幸,903-0802,那覇市,首里大名町１－１０７,098-884-4692,8000,法人,土建と石舗水解,,R070123,35,建設業（総合）,1
47009945,知事,（有）東幸建設,香村 幸男,904-2165,沖縄市,宮里３－１２－１９,098-939-1026,3000,法人,土と石鋼舗し水,,R071004,20,建設業（総合）,1
47013035,知事,東光電気（株）,洲鎌 勝彦,906-0304,宮古島市,下地字上地３６１,0980-76-6545,7000,法人,電,,R030818,8,電気・設備工事,
47006853,知事,（株）東興電設,川畑 聡,904-2164,沖縄市,桃原４－１３－３１,098-929-1772,21000,法人,電,1,R040527,28,電気・設備工事,1
47004148,知事,東西貿易,平 智彰,901-1303,島尻郡与那原町,字与那原２９１５－２,098-945-0851,,個人,機,,R021102,35,電気・設備工事,1
47009611,知事,（有）同志建設工業,島袋 敏,903-0117,中頭郡西原町,字翁長７４,098-946-6303,3000,法人,土と石管鋼舗水,,R060331,20,建設業（総合）,1
47010203,知事,（有）東志工業,東川平 勇人,901-0243,豊見城市,字上田９５－１,098-850-3922,5000,法人,土と石管鋼舗し水解,,R031115,15,建設業（総合）,1
47015349,知事,（株）東城組,東風平 常景,904-0004,沖縄市,中央１－３３－１ １階左,098-927-3633,6000,法人,土と石鋼舗し水,,R070509 R070625,0,建設業（総合）,1
47009685,知事,（株）東翔建設,新垣 一,904-1303,国頭郡宜野座村,惣慶１７２２－２,098-968-7551,10000,法人,土と石管鋼舗し水,,R060716,20,建設業（総合）,
47014712,知事,（株）東城建設,宮城 博之,904-1102,うるま市,石川東山２－１８－１０,098-965-2290,5000,法人,土建と石管鋼舗し塗水解,,R040826,0,建設業（総合）,1
47013070,知事,（株）道進,國吉 翼,906-0011,宮古島市,平良字東仲宗根添１３７４,0980-73-7787,5500,法人,土建と石鋼舗し水解,,R031004,8,建設業（総合）,
47009083,知事,（有）東信開発,新垣 翼,901-0615,南城市,玉城字堀川５７０－２,098-948-7202,30000,法人,土建大左と石屋管タ鋼筋舗し板ガ塗防内絶具水解,1,R070905,20,建設業（総合）,1
47010739,知事,（株）東真工業,與那嶺 真司,901-1303,島尻郡与那原町,字与那原１２２－２、２Ｆ,098-943-7431,5000,法人,と,,R030601,15,その他専門工事,1
47004419,知事,（株）東信興建,古波蔵 文信,901-0223,豊見城市,字翁長８４４－３８,098-856-5752,45000,法人,土建大左と石屋管タ鋼筋舗し板ガ塗防内絶具水解,1,R030817,35,建設業（総合）,1
47007876,知事,（有）東信電気,喜瀬 眞昌,904-2242,うるま市,字高江洲１０２２－２,098-973-1185,29000,法人,電,1,R071007,28,電気・設備工事,1
47014039,知事,（株）東誠,仲吉 誠,901-2134,浦添市,港川２－３２－２－１３０５号,098-878-5171,3000,法人,左,,R070703,5,その他専門工事,1
47011973,知事,（株）東都企画,安里 豊,902-0065,那覇市,壺屋２－１４－３２－３,098-951-3737,5000,法人,土建大左と石屋管タ鋼舗し塗防内具水解,,R030727 R040523 R050501,12,建設業（総合）,1
47013769,知事,（株）桃原組,桃原 茂利,904-0304,中頭郡読谷村,字楚辺２１５０－１,098-956-3927,1000,法人,と,,R060830,5,その他専門工事,1
47010300,知事,（有）桃原建材,伊藤 洋介,907-0022,石垣市,字大川４３３－１,0980-82-2038,10000,法人,建大内具,,R040426 R061008,15,建設業（総合）,
47015411,知事,桃原建装,桃原 肇,901-0618,南城市,玉城字船越７４３－４,098-975-5358,,個人,内,,R070808,0,内装工事,1
47015277,知事,桃原塗装,桃原 正実,904-2241,うるま市,字兼箇段１０８６番地メゾンロイヤル２０６,098-911-2908,,個人,塗,,R070121,0,塗装・防水,1
47000060,知事,（株）桃原農園,尚 努,900-0036,那覇市,西２－２５ー６,098-866-1086,40000,法人,土と石舗園水,1,R050506,35,建設業（総合）,1
47008786,知事,（有）東部重機,糸数 博昭,903-0105,中頭郡西原町,字東崎４－７,098-944-2611,40000,法人,土と石管鋼舗し塗水解,1,R050509,20,建設業（総合）,1
47002171,知事,（有）東部水道工事社,仲宗根 信義,904-2163,沖縄市,大里１－１１－３７,098-937-2253,20000,法人,土と石管鋼舗し塗水,1,R050818,35,建設業（総合）,1
47005039,知事,（有）東部通信建設,野原 智博,903-0103,中頭郡西原町,字小那覇７４－１８,098-945-1700,10000,法人,土と石電鋼舗し塗通水解,,R030522,35,建設業（総合）,1
47002474,知事,（株）東部電気土木,神谷 光准,901-1302,島尻郡与那原町,字上与那原３９８,098-945-2043,20000,法人,土と石電鋼舗し塗水,1,R040611,35,建設業（総合）,1
47002603,知事,（株）東部土建,古謝 強,901-1207,南城市,大里字古堅９９０,098-945-8735,35000,法人,土と石鋼舗し水,,R021027,35,建設業（総合）,1
47002788,知事,（株）東邦,照喜名 智,900-0001,那覇市,港町２－１６－７,098-863-1411,20000,法人,土建と石管鋼舗防機水,1,R030113,35,建設業（総合）,1
47009375,知事,（株）東豊,山里 秀夫,900-0012,那覇市,泊２－３－４,098-868-8368,10000,法人,電,,R041226,20,電気・設備工事,1
47002391,知事,東宝建設,大城 重弘,901-1116,島尻郡南風原町,字照屋２５３－１,098-889-4394,,個人,建,,R031228,35,建設業（総合）,1
47006996,知事,（有）東豊建設,比嘉 繁幸,905-0603,島尻郡伊是名村,字仲田３７２－１,0980-45-2799,19000,法人,土と石舗水解,,R040926,28,建設業（総合）,
47011966,知事,（株）とうほう工業,谷川 幸俊,900-0002,那覇市,曙１－９－２,098-861-6422,10000,法人,土と石鋼舗し塗水,,R030719,12,建設業（総合）,1
47010085,知事,（有）東北電工,渡嘉敷 斉,905-2171,名護市,字辺野古１３４－４,0980-55-2218,20000,法人,土建と石電管鋼舗し水解,,R030531 R030906,15,建設業（総合）,
47002962,知事,（有）當真組,當眞 剛,904-1301,国頭郡宜野座村,字松田６４３－１,098-968-8450,30000,法人,土建大左と石屋電管タ鋼筋舗し板ガ塗防内絶具水,1,R030605,35,建設業（総合）,
47007218,知事,（有）當間設備,當間 太郎,901-0152,那覇市,小禄５－１５－１３,098-858-8385,10000,法人,管,,R070727,28,電気・設備工事,1
47006572,知事,（有）當松組,當山 つか子,904-0404,国頭郡恩納村,字瀬良垣９３３,098-966-2832,3000,法人,土建と石管鋼舗し水解,,R050616,28,建設業（総合）,
47001268,知事,（株）當間電工,當間 幸雄,902-0072,那覇市,真地４７－１,098-833-4577,10000,法人,電,,R070409,35,電気・設備工事,1
47010791,知事,（合）當眞土木,當真 忍,904-1301,国頭郡宜野座村,字松田２４９６－１,098-968-6318,2000,法人,土と石鋼舗し水,,R070804,15,建設業（総合）,
47013690,知事,當間板金,當間 和夫,904-2203,うるま市,字川崎３４６－１,090-3326-1810,,個人,屋板,,R060527,8,その他専門工事,1
47014673,知事,（株）當銘工業,當銘 浩司,904-2226,うるま市,字仲嶺３３４、１Ｆ,090-7462-0706,5000,法人,筋,,R040708,0,その他専門工事,1
47012955,知事,（株）當銘左官工業,當銘 信成,901-0224,豊見城市,字与根１６３－１８,098-850-5143,1000,法人,土左と石鋼舗し水,,R030502,8,建設業（総合）,1
47011117,知事,（株）當銘水道工事社,當銘 直史,901-2203,宜野湾市,野嵩１－１４－８,098-892-3722,3000,法人,管,,R041101,15,電気・設備工事,1
47012952,知事,（合）当銘タタミ店,當銘 克子,901-0213,豊見城市,字高嶺３６５－１ コーポ大城１０１,098-850-7709,1000,法人,内,,R030421,8,内装工事,1
47013661,知事,當銘鉄筋,當銘 仁,901-2203,宜野湾市,野嵩１－１０－１１－４０８浩陽野嵩アパート,098-893-7370,,個人,筋,,R060412,8,その他専門工事,1
47006515,知事,（有）当銘ペイント商会,当銘 美彦,901-0242,豊見城市,字高安３１６－１,098-850-7418,5000,法人,建大屋タ塗内,,R030619,28,建設業（総合）,1
47014817,知事,東門組,東門 陽治,904-2314,うるま市,勝連平敷屋４０７７,090-9788-7277,,個人,大と,,R050127,0,その他専門工事,1
47012970,知事,（株）トウヤマ,當山 孝幸,901-2222,宜野湾市,喜友名１－６－２－５０１号 プレシャス喜友名,090-6862-7965,1000,法人,筋,,R031001,8,その他専門工事,1
47006207,知事,（有）当山瓦工場,当山 彰,901-1302,島尻郡与那原町,字上与那原４９５,098-945-2582,5000,法人,屋,,R050106,28,その他専門工事,1
47013767,知事,（株）トウヤマ建設工業,當山 貢,903-0125,中頭郡西原町,上原２－２３－２１,098-944-7422,5000,法人,具,,R060830,5,その他専門工事,1
47014822,知事,（株）當山建装,當山 智,904-0005,沖縄市,嘉間良１－１６－５,098-987-8811,500,法人,建大屋タ鋼内,,R050203,0,建設業（総合）,1
47014488,知事,（株）當山鋼業,當山 翔太,904-2155,沖縄市,美原１－２４－１０,098-989-1406,2000,法人,筋,,R031015,0,その他専門工事,1
47008486,知事,（有）當山設備興業,當山 孝明,904-0106,中頭郡北谷町,字玉上２２５－２,098-926-1900,3000,法人,土と石管舗水,,R040624,20,建設業（総合）,1
47015155,知事,（株）當山装會,當山 全亀,901-1303,島尻郡与那原町,字与那原２６６８－２,098-944-5023,1000,法人,内,,R060705,0,内装工事,1
47014563,知事,（合）當山想造舎,當山 光,901-0301,糸満市,字阿波根８８,090-1941-5426,1000,法人,土建と石管鋼舗し水,,R040204,0,建設業（総合）,1
47003207,知事,（株）当山土木,磨 涼子,904-0414,国頭郡恩納村,字前兼久２３－１,098-964-3421,20000,法人,土建と石鋼舗し園水,1,R031126,35,建設業（総合）,
47003731,知事,（資）東洋安全機材,屋我 嗣和,902-0077,那覇市,長田２－３４－１５サンライズ長田１０１,098-833-1423,10000,法人,土と石舗し水,,R021114,35,建設業（総合）,1
47005043,知事,東洋建機（株）,伊集 朝章,903-0104,中頭郡西原町,字兼久２１８,098-946-2754,30000,法人,土と石舗水,,R040918,35,建設業（総合）,1
47004222,知事,（有）東洋工業,後上里 洋一,907-0022,石垣市,字大川１３６７－１,0980-82-8289,30000,法人,土と石電管鋼舗し水消解,1,R061227,35,建設業（総合）,
47004448,知事,東洋コンクリート（株）,伊集 朝章,903-0104,中頭郡西原町,字兼久２１８,098-945-2762,73200,法人,土建大と石屋タ鋼舗板塗防内水解,1,R070521,35,建設業（総合）,1
47005826,知事,（株）東洋商会,仲里 敦雄,900-0036,那覇市,西２－８－１,098-861-1040,20435,法人,建管消,,R031210,35,建設業（総合）,1
47011697,知事,東陽制御,仲地 哲弘,901-2114,浦添市,安波茶１－２９－５,098-879-1304,,個人,電,,R070226,12,電気・設備工事,1
47000365,知事,（株）東洋設備,仲座 正,900-0005,那覇市,字天久１１２２,098-868-6831,33000,法人,土建と石電管鋼舗し塗機水消解,1,R030702,35,建設業（総合）,1
47000926,知事,東洋電気工事（株）,柴引 健,904-2165,沖縄市,宮里３－８－３７,098-937-4445,20000,法人,電消,1,R031117 R040909,35,電気・設備工事,1
47007332,知事,（資）東洋電機制御,石垣 永光,901-2417,中頭郡中城村,字伊集９５,098-870-3515,5000,法人,電消,,R021012,28,電気・設備工事,1
47007467,知事,東洋電子（株）,大城 淳志,903-0122,中頭郡西原町,字小橋川８８－６,098-945-9241,10000,法人,電通,,R030313,28,電気・設備工事,1
47007724,知事,（有）東洋電水,照屋 寛明,904-0202,中頭郡嘉手納町,字屋良８２５－５,098-957-0552,20000,法人,土と石電管鋼舗し通水消,1,R031225 R050529,28,建設業（総合）,1
47004917,知事,（有）東洋土建,並里 徳一,901-1303,島尻郡与那原町,字与那原３１３７,098-944-2739,10000,法人,土と石舗水,,R040210,35,建設業（総合）,1
47005551,知事,（株）東洋土木工業,赤嶺 武男,901-0224,豊見城市,字与根８９－５,098-850-3912,47000,法人,土建大と石屋管タ鋼舗し内園具水解,1,R030825,35,建設業（総合）,1
47010576,知事,（株）東洋ハウジング,金城 浩三,901-0205,豊見城市,字根差部５８７,098-850-4722,10000,法人,建,,R051120,15,建設業（総合）,1
47009888,知事,東洋防水工業,砂川 哲雄,903-0125,中頭郡西原町,上原２－１２－６,098-944-2615,,個人,大左石屋タ板ガ塗防内絶具,,R070714,20,塗装・防水,1
47015046,知事,（株）東羅青,屋宜 卓磨,904-1304,国頭郡宜野座村,字漢那６４－２,090-8294-6208,5000,法人,土建大左と石屋タ鋼筋舗し板ガ塗防内絶具水解,,R060112 R060321,0,建設業（総合）,
47008257,知事,（有）登竜土建,金城 竜,903-0801,那覇市,首里末吉町２－１１７,098-887-1881,15000,法人,土と石鋼舗水,,R030614,20,建設業（総合）,1
47011853,知事,（株）藤和開発,佐藤 大和,906-0013,宮古島市,平良字下里１４０８－８,0980-73-3976,5000,法人,土と石管鋼舗し塗水,,R021108,12,建設業（総合）,
47007610,知事,（有）東和技研,宮城 普己彦,901-0202,豊見城市,字嘉数６１２－２,098-851-1001,5000,法人,土と石管舗機水,,R030817,28,建設業（総合）,1
47012094,知事,桐和空調設備（株）,新垣 光博,900-0002,那覇市,曙１－８－１,098-861-1751,47000,法人,土と石管鋼舗し機水消,1,R030427,12,建設業（総合）,1
47005633,知事,東和建設（株）,東江 晴都,905-0007,名護市,字屋部１１０－２,0980-43-6001,25000,法人,土建と石管鋼舗し塗園水解,1,R070403,35,建設業（総合）,
47005252,知事,（有）十和通信,比嘉 佑貴,901-2101,浦添市,西原５－４８－２,098-878-5537,15000,法人,電通,,R060305,35,電気・設備工事,1
47014196,知事,（株）トーアコーポレーション,与那城 博,900-0002,那覇市,曙２－２５－３８ ３階,098-862-5211,9000,法人,防,,R021120,5,塗装・防水,1
47012013,知事,（株）トーエイ建設産業,山城 めぐみ,901-0401,島尻郡八重瀬町,字東風平３９１－５,098-851-3921,5000,法人,建,,R030621,12,建設業（総合）,1
47012401,知事,トーケン・システムコントロール,當山 健三,904-2143,沖縄市,知花４－２４－２,098-989-1556,,個人,電,,R051216,12,電気・設備工事,1
47014047,知事,トーシン装美工業,島田 洋一,903-0804,那覇市,首里石嶺町４－２６５,098-887-7781,,個人,塗,,R070710,5,塗装・防水,1
47013138,知事,（株）トータルアレンジ,奥田良 忠芳,901-2424,中頭郡中城村,字南上原５６２－２ ２７－３,080-3970-6883,5000,法人,左,,R031115,8,その他専門工事,1
47009261,知事,（有）トータル通信,波平 信夫,902-0078,那覇市,識名２－１３－２６,098-836-1885,5000,法人,電通,,R040711,20,電気・設備工事,1
47013389,知事,トータルネット産業,安座間 喜実,903-0125,中頭郡西原町,上原１－５－１５,098-945-0032,,個人,土建大左と石屋管タ鋼筋舗し板ガ塗防内園具水,,R050104,8,建設業（総合）,1
47012906,知事,トータルプランアルフ,眞栄田 健作,901-2127,浦添市,屋富祖３－２－２,098-875-7887,,個人,内,,R030202,8,内装工事,1
47013539,知事,ｔｏｔａｌ ｒｅｆｏｒｍ 琉創,長浜 真則,904-0301,中頭郡読谷村,字座喜味５２９－２,098-958-6288,,個人,土建大左と石屋タ鋼筋舗し板ガ塗防内絶具水,,R050823,8,建設業（総合）,1
47011951,知事,（有）トータルワークサービス,新里 繁,901-1208,南城市,大里字平良２５４９－１,098-946-0281,5000,法人,内,,R030615,12,内装工事,1
47008346,知事,トーマ金物・防水,當間 健誠,901-0231,豊見城市,字我那覇５４５－１,098-850-1560,,個人,防,,R030927,20,塗装・防水,1
47012367,知事,トーマ産業（株）,當眞 英治,901-1304,島尻郡与那原町,字東浜９０－１,098-944-3333,30000,法人,大左石屋タ板ガ塗防内絶具,,R040901,12,塗装・防水,1
47012803,知事,（株）トーマスアーキテクト,當眞 嗣史,901-2133,浦添市,城間３－３－１０,098-878-8555,24000,法人,建大屋タ鋼内,1,R070731,12,建設業（総合）,1
47006706,知事,（株）トーマ電子サービス,當間 榮信,901-2223,宜野湾市,大山２－３２－１０ 安仁屋マンション２０３,098-897-9041,10000,法人,土と石電管鋼舗し通水,,R030820,28,建設業（総合）,1
47013378,知事,（有）トーヨー建材,粟國 利枝子,901-2224,宜野湾市,真志喜２－２５－３,098-897-1096,5000,法人,建,,R041222,8,建設業（総合）,1
47012496,知事,トーラス（株）,福地 博之,900-0005,那覇市,天久７６２－１４ クリアスビル５－Ａ,098-988-8952,3000,法人,電,,R060507,12,電気・設備工事,1
47008986,知事,（有）トーワ,當眞 恵美,904-2224,うるま市,字大田１４７－１,098-974-5367,33700,法人,土建大左と石屋タ鋼筋舗し板ガ塗防内絶具水解,1,R050910,20,建設業（総合）,1
47015406,知事,（株）とき,新垣 翔大,904-0204,中頭郡嘉手納町,字水釜６－２３－７,070-5694-3028,1000,法人,と解,,R070725,0,その他専門工事,1
47012435,知事,トキエ翔福防水装美,崎山 英新,905-0005,名護市,字為又９４,0980-52-3105,,個人,塗防,,R060206,12,塗装・防水,
47013214,知事,（株）翔希建設,照屋 健順,904-2241,うるま市,字兼箇段１０４５,098-973-9701,6000,法人,建大,,R040608,8,建設業（総合）,1
47012967,知事,十黄進ホーム（株）,渡口 尚樹,901-2224,宜野湾市,真志喜二丁目１６－１１,098-898-3587,20000,法人,建大左と石屋タ鋼筋板ガ塗防内絶具解,1,R060614,8,建設業（総合）,1
47012976,知事,徳上興業,上原 淳,902-0076,那覇市,与儀１－１４－１０ マンションみやさと１－Ｃ,080-3188-5663,,個人,管板,,R030525,8,電気・設備工事,1
47014309,知事,（合）徳栄工業,山内 ゆりか,906-0006,宮古島市,平良字西仲宗根５６３－１０,0980-72-4572,1000,法人,土と石鋼舗し塗水,,R030416,5,建設業（総合）,
47015367,知事,（株）徳環,德田 勝秀,901-0503,島尻郡八重瀬町,字新城１４２８－４ｓｕｒ ｖｉｅｎｔｏ３０２,098-894-6861,1000,法人,管,,R070606,0,電気・設備工事,1
47010406,知事,徳工業,仲座 健市,901-0415,島尻郡八重瀬町,字小城２４５－２,098-992-3683,,個人,土建大と屋タ鋼舗内,,R060630,15,建設業（総合）,1
47004227,知事,（株）徳里産業,徳里 政人,904-0203,中頭郡嘉手納町,字嘉手納４７７,098-956-0789,40000,法人,土建大左と石屋管タ鋼筋舗し板ガ塗防内絶園具水解,1,R051205,35,建設業（総合）,1
47013981,知事,（株）特産商事,大宜味 朝雄,901-2122,浦添市,勢理客１－６－３,098-877-1110,10000,法人,土と石鋼舗し水解,,R070605,5,建設業（総合）,1
47002434,知事,（株）トクシュ,與那原 剛,902-0073,那覇市,字上間２１２－１,098-854-5331,24500,法人,土建大左と石管タ鋼舗し塗防内水,,R031224,35,建設業（総合）,1
47006169,知事,特殊建装工業（株）,名嘉眞 健,902-0061,那覇市,古島１－３０－８,098-887-4579,26500,法人,建大左と石タ鋼塗防内,1,R051110,28,建設業（総合）,1
47002164,知事,徳進設備工業（株）,徳里 恒雄,904-0105,中頭郡北谷町,字吉原１２０１－２,098-936-1385,40000,法人,土と石管舗水,,R030902,35,建設業（総合）,1
47010926,知事,（有）徳田塗装工業,徳田 勝則,901-2203,宜野湾市,野嵩１－３１－３,098-892-2478,3000,法人,建大左石屋タ板ガ塗防内絶具,,R061217,15,建設業（総合）,1
47013752,知事,（株）徳田内装,德田 和希,901-0306,糸満市,西崎町３－３５９,098-994-7333,5000,法人,内,,R060808,5,内装工事,1
47010952,知事,（有）トクダ美装プラン,德田 勝也,904-2173,沖縄市,比屋根７－２４－２３,098-931-1202,3000,法人,大左石屋タ板ガ塗防内絶具,,R021213,15,塗装・防水,1
47001452,知事,（有）渡久地硝子店,渡久地 康,901-1112,島尻郡南風原町,字本部４２１－２２Ｂ－２３,098-889-5405,5000,法人,ガ,,R030510,35,その他専門工事,1
47000192,知事,（株）渡久地組,渡久地 弘二,905-0214,国頭郡本部町,字渡久地１２５－１,0980-47-2457,40000,法人,土建と石管鋼舗園水解,1,R040929,35,建設業（総合）,
47004807,知事,（有）渡久地組,渡久地 洋美,901-1111,島尻郡南風原町,字兼城３１２,090-6867-5405,30000,法人,土建と石鋼舗水,,R071020,35,建設業（総合）,1
47001370,知事,（有）渡久地建設,渡久地 良,901-2412,中頭郡中城村,字奥間８２７－４,098-895-3554,10000,法人,土建大と石鋼舗し内水解,,R040711,35,建設業（総合）,1
47012267,知事,（有）渡久地工業,渡久地 淳,901-2132,浦添市,伊祖３－４５－１４,098-877-6388,3000,法人,土建と石鋼舗塗水,,R050423,12,建設業（総合）,1
47015258,知事,トグチ塗装（株）,渡具知 忍,905-1152,名護市,字伊差川１０３８－３,0980-43-0864,1000,法人,塗防,,R070106,0,塗装・防水,
47011864,知事,（株）徳原組,徳原 和史,904-2212,うるま市,字赤野７６４－１,098-989-8640,5000,法人,建大屋タ内,,R021130,12,建設業（総合）,1
47012426,知事,（株）徳平組,德平 透,904-2314,うるま市,勝連平敷屋３５７５－３,098-978-5991,5000,法人,大とタ鋼筋,,R060117,12,その他専門工事,1
47013519,知事,（株）德妃呂,德元 国弘,901-0214,豊見城市,字保栄茂６５０－１（アルモニア１０２号）,098-987-1489,3000,法人,土と石管鋼舗し塗水,,R050727,8,建設業（総合）,1
47010175,知事,（有）徳前屋,徳里 惇,901-0362,糸満市,字真栄里９４,098-992-3642,3000,法人,土建と石舗し水,,R030919,15,建設業（総合）,1
47009850,知事,（有）トクマサ工業,德里 政貴,904-2231,うるま市,字塩屋３０７－５,098-974-0967,3000,法人,土と石管鋼舗し塗機水,,R070512,20,建設業（総合）,1
47010548,知事,（有）トクミツ工業,比嘉 明美,904-0313,中頭郡読谷村,字大湾６７２番地,098-957-6111,5000,法人,と,,R050902,15,その他専門工事,1
47014796,知事,（株）徳元企画,德元 克彦,901-2424,中頭郡中城村,字南上原６４９－１ １０１街区８－４画地,098-943-8982,3000,法人,内,,R041216,0,内装工事,1
47007000,知事,（株）渡久山建設,渡久山 ひろみ,906-0008,宮古島市,平良字荷川取４７０－１,0980-73-6558,25000,法人,土建と石管鋼舗し塗水解,1,R030318,28,建設業（総合）,
47009288,知事,（株）徳山建設,山内 幸德,901-2301,中頭郡北中城村,字島袋６０１－４、オキエースビル２階,098-933-2908,37000,法人,土建大左と石屋タ鋼筋舗し板ガ塗防内絶具水解,1,R061102,20,建設業（総合）,1
47001893,知事,（有）渡久山興業,渡久山 弘,906-0504,宮古島市,伊良部字仲地８６－１,0980-78-4392,5000,法人,土と石電管鋼舗園水,,R031019,35,建設業（総合）,
47005443,知事,（有）徳吉組,池原 賢一,904-2245,うるま市,赤道１７３－８ ボーヌルマンション４階４０２,098-962-6800,20000,法人,土と石電鋼舗し水,,R031209,35,建設業（総合）,1
47009998,知事,徳倉建設,松川 盛徳,906-0104,宮古島市,城辺字比嘉１１８番地,090-2852-5476,,個人,建大屋タ内,,R021225,20,建設業（総合）,
47007552,知事,（有）とし建設,下地 敏夫,901-2112,浦添市,字沢岻１２７６,098-876-1206,5000,法人,土建大左と石屋タ鋼筋舗板ガ塗防内絶具解,,R070421,28,建設業（総合）,1
47014856,知事,とし建装（株）,與古田 昌利,901-2133,浦添市,城間１－３１－１ １０１号室,098-988-8020,1000,法人,内,,R050407,0,内装工事,1
47015328,知事,寿・建装,比嘉 利寿,901-0223,豊見城市,字翁長２９６－１１,090-1942-3532,,個人,左塗,,R070423,0,塗装・防水,1
47011607,知事,（株）俊工業,比嘉 俊郎,901-2406,中頭郡中城村,字当間４３,098-895-7889,5000,法人,筋,,R060901,12,その他専門工事,1
47014936,知事,寿サービス,玉城 敏秀,901-1203,南城市,大里字大城２３９２－３,098-946-0844,,個人,塗,,R050707,0,塗装・防水,1
47012965,知事,（株）都住創,伊波 義幸,903-0801,那覇市,首里末吉町１－２－７ 首里山吉マンション１０２,098-963-4999,5000,法人,建大屋タ内,,R030513,8,建設業（総合）,1
47009663,知事,（有）トップ企画,泉川 寛正,902-0072,那覇市,字真地２５５－８,098-855-8528,5000,法人,建大屋タ鋼内,,R060614,20,建設業（総合）,1
47015463,知事,（株）トップグラウンド,上地 充裕,901-0231,豊見城市,字我那覇５１４,098-927-9963,300,法人,大左石屋タ板ガ塗防内絶具,,R070926,0,塗装・防水,1
47007867,知事,（有）トップ・ファム,具志堅 興晃,905-0005,名護市,字為又２９９－１,0980-53-6160,10000,法人,土建大左と石屋管タ鋼筋舗し板ガ塗防内絶園具水解,,R040702,28,建設業（総合）,
47012234,知事,（株）トップライン,具志堅 晃,904-2156,沖縄市,美里仲原町５－２３,098-989-0881,1500,法人,管,,R050304,12,電気・設備工事,1
47012842,知事,渡名喜左官,渡名喜 健,904-2213,うるま市,字田場１３８５－２,098-973-5932,,個人,左,,R071015,12,その他専門工事,1
47009854,知事,（有）トナミ,波照間 督正,907-0003,石垣市,字平得３７９－１,0980-83-0987,6000,法人,土と石鋼舗し塗水,,R070512,20,建設業（総合）,
47007044,知事,（株）図南冷熱,上江洲 宗信,902-0076,那覇市,与儀２－１９－１０,098-833-3326,12000,法人,管,,R030518,28,電気・設備工事,1
47014770,知事,（株）殿内,殿内 健,901-0345,糸満市,字福地４４９,098-997-3855,5000,法人,建大左石屋タ板ガ塗防内絶具,,R041111,0,建設業（総合）,1
47015368,知事,鳶工業 瑛信組,友利 直人,901-2101,浦添市,西原１－３－１０ スプリングハイム２０１,098-875-2558,,個人,と,,R070613,0,その他専門工事,1
47014640,知事,鳶里興業,眞榮里 剛,904-2314,うるま市,勝連平敷屋３８９１－４,098-978-7428,,個人,と,,R040603,0,その他専門工事,1
47013400,知事,（株）鳶島興業,島袋 康一,903-0815,那覇市,首里金城町２－５６,098-885-8845,5000,法人,と,,R050119,8,その他専門工事,1
47015167,知事,（株）飛信開発,上江洲 安信,904-2241,うるま市,字兼箇段１５０９－１１,098-974-4524,1000,法人,土と舗,,R060719,0,建設業（総合）,1
47015392,知事,鳶槙興業,大濵 立也,901-2111,浦添市,経塚５７２－１ サンエミール２０１,090-6895-4357,,個人,と解,,R070725,0,その他専門工事,1
47013433,知事,鳶貴組,新垣 博貴,901-1117,島尻郡南風原町,字津嘉山４００,098-889-1300,,個人,と,,R050405,8,その他専門工事,1
47012800,知事,（株）鳶太組,下地 良一,903-0111,中頭郡西原町,字与那城２９３－４７（アネックス良１０３）,090-4470-4385,1000,法人,と,,R070731,12,その他専門工事,1
47013712,知事,鳶竜組,與儀 竜徳,905-1146,名護市,字親川１１０,0980-43-0807,,個人,と,,R060614,5,その他専門工事,
47013795,知事,（株）トマス技術研究所,福富 健仁,904-2311,うるま市,勝連南風原５１９２－４２,098-989-5895,20500,法人,土と石管鋼舗し塗機水消,,R061007,5,建設業（総合）,1
47014072,知事,とみお工業,田原 富夫,904-2314,うるま市,勝連平敷屋３９４６－１,098-978-3569,,個人,絶,,R070727,5,その他専門工事,1
47011022,知事,（有）富川工業,富川 浩,904-2165,沖縄市,宮里３－３２－３８,098-939-2933,5000,法人,管,,R030414,15,電気・設備工事,1
47012332,知事,富川鉄筋,富川 保,903-0122,中頭郡西原町,字小橋川１３３－１１,090-6899-9851,,個人,筋,,R050806,12,その他専門工事,1
47002166,知事,（株）富建,金城 進,904-0032,沖縄市,諸見里２－１８－１８,098-930-0123,25000,法人,土建大左と石屋タ鋼筋舗し板ガ塗防内絶具水解,1,R031124 R060911,35,建設業（総合）,1
47000180,知事,（有）豊見里組,豊見里 義則,904-0104,中頭郡北谷町,字桃原１７－１２,098-926-1632,25000,法人,土建大と石屋タ鋼舗内水解,1,R070724,35,建設業（総合）,1
47005512,知事,（有）富島建設,安富 勝,904-1201,国頭郡金武町,字金武４１１５－１,098-968-5397,30000,法人,土建大左と石屋電管タ鋼筋舗し板ガ塗防内絶具水解,1,R060612,35,建設業（総合）,
47008701,知事,富島総業（株）,島尻 大吾,906-0013,宮古島市,平良字下里６６３－３,0980-79-5220,10000,法人,土建と石電管舗水,,R070824,20,建設業（総合）,
47002649,知事,（株）とみしろ建設,赤嶺 忠男,901-0152,那覇市,小禄５－１６－６,098-858-3210,30000,法人,土と石鋼舗し塗水,1,R030608,35,建設業（総合）,1
47013636,知事,トミシロ建装（株）,仲西 正,901-0243,豊見城市,字上田５３７－３,098-850-2749,5000,法人,大左石屋タ板ガ塗防内絶具,,R060219,8,塗装・防水,1
47004860,知事,豊見城冷房設備,知念 道之,901-0241,豊見城市,字豊見城５７４－７,068-850-2668,,個人,土と石管鋼舗し水,,R031223,35,建設業（総合）,1
47010126,知事,富設備工業,富山 安英,904-2241,うるま市,字兼箇段１１７９,098-974-1540,,個人,管,,R030709,15,電気・設備工事,1
47011538,知事,（株）豊都建設,島尻 忠男,901-0235,豊見城市,字名嘉地３９－３,098-856-5603,25000,法人,土建大左と石屋タ鋼筋舗し板ガ塗防内絶具解,1,R060610,12,建設業（総合）,1
47010157,知事,富原建設,富原 弘吉,901-2101,浦添市,西原６－１６－１０,098-879-6891,,個人,土と石鋼舗し水,,R030810,15,建設業（総合）,1
47005241,知事,（株）冨廣建設,冨永 優,906-0506,宮古島市,伊良部字長浜１５６５,0980-78-3305,40000,法人,土建と石鋼舗し塗水解,1,R030702 R070516,35,建設業（総合）,
47014481,知事,富村防水,富村 朝成,902-0072,那覇市,字真地２２０－１３,090-1179-2114,,個人,塗防,,R031119,0,塗装・防水,1
47007755,知事,（株）とみや商会,中尾 忠作,906-0008,宮古島市,平良字荷川取３１１,0980-72-3028,38000,法人,具,,R040206,28,その他専門工事,
47012023,知事,とみや商会,宮平 守誠,901-2414,中頭郡中城村,字北浜１２６,098-895-5204,,個人,塗防,,R031114,12,塗装・防水,1
47005537,知事,（有）豊見山建設,豊見山 洋子,906-0506,宮古島市,伊良部字長浜１５４４－５,0980-78-5460,30000,法人,土建と石管鋼舗し水,,R040827,35,建設業（総合）,
47003654,知事,（株）豊見山鉄工,豊見山 真也,901-1113,島尻郡南風原町,字喜屋武６０２－１,098-889-3143,10000,法人,土と石鋼舗水,,R071016,35,建設業（総合）,1
47012702,知事,（株）富山電気工事,富山 ＊子,904-2231,うるま市,字塩屋２６１－１,098-974-1907,5000,法人,電,,R070303,12,電気・設備工事,1
47006986,知事,（株）トミレディオ,富村 司,901-2224,宜野湾市,真志喜３－１９－２９,098-897-4173,30000,法人,電通,1,R030404,28,電気・設備工事,1
47012452,知事,（株）とも,友寄 隆利,901-2222,宜野湾市,喜友名１－１１－５,098-943-9800,3000,法人,大左石屋タ板ガ塗防内絶具,,R060303,12,塗装・防水,1
47014369,知事,朝郁鉄筋,高嶺 朝郁,901-0223,南城市,佐敷新開１－２７３,090-5724-0568,,個人,筋,,R030625,5,その他専門工事,1
47013684,知事,（株）友江,友利 一也,901-2104,浦添市,当山２－１４－１８－１０１ 当山ハイツ＊,090-8626-4629,1300,法人,建筋,,R060522,8,建設業（総合）,1
47014738,知事,（株）友栄,佐和田 充男,906-0007,宮古島市,平良字東仲宗根８８８－２,0980-73-1654,5000,法人,建,,R040916,0,建設業（総合）,
47013819,知事,（合）巴組,北 帆稀,906-0013,宮古島市,平良字下里１３５２－３,070-5494-0983,5000,法人,内,,R050707,5,内装工事,
47003205,知事,（株）巴総業,安谷屋 真里,901-0221,豊見城市,字座安３４２－１,098-850-6615,41000,法人,土と石電管鋼舗し塗水,1,R070928,35,建設業（総合）,1
47014962,知事,（株）智華興業,比嘉 智一,901-0301,糸満市,字阿波根４８６－１,098-851-3783,4000,法人,と,,R050818,0,その他専門工事,1
47006039,知事,（有）友技建,友利 剛,901-2226,宜野湾市,嘉数４－２７－１０,098-897-5822,5000,法人,タ,,R030722,28,その他専門工事,1
47010807,知事,朝空調サービス,下野 朝一,901-0202,豊見城市,字嘉数２６０－４,090-3793-8145,,個人,管,,R070401,15,電気・設備工事,1
47008282,知事,（有）友建産業,友利 英和,901-2413,中頭郡中城村,字津覇６６８,098-895-6510,5000,法人,土建大左と石屋タ鋼舗し板ガ塗防内絶具水,,R030530,20,建設業（総合）,1
47004563,知事,（有）友建設,友利 敏男,901-2213,宜野湾市,志真志１－１９－１ １－Ｃ,098-898-6883,20000,法人,土建大と石屋タ鋼舗し塗内水,1,R040501,35,建設業（総合）,1
47012456,知事,（株）とも建設,友利 達夫,904-2212,うるま市,字赤野１１０,098-989-0581,20000,法人,建大左と石屋タ鋼筋板ガ塗防内絶具,1,R030419,12,建設業（総合）,1
47014771,知事,（株）智建設,松堂 千春,904-2155,沖縄市,美原１－２２－１２,098-911-6499,5000,法人,土と石鋼舗水,,R041111,0,建設業（総合）,1
47003665,知事,（株）トモ建設工業,名嘉眞 毅,901-1105,島尻郡南風原町,字新川１９３－１,098-889-1551,15000,法人,大屋タ内,,R030625,35,内装工事,1
47011604,知事,トモ建装,友利 武雄,902-0075,那覇市,字国場９５５－５,098-833-8550,,個人,塗,,R060914,12,塗装・防水,1
47011002,知事,智工業,比嘉 智晴,904-2222,うるま市,字上江洲２９５－５,098-974-6264,,個人,建管鋼,,R030322,15,建設業（総合）,1
47013001,知事,（株）友工業,安田 友郎,901-2304,中頭郡北中城村,字屋宜原２２８（２Ｆ）,098-989-9549,3000,法人,と,,R030420,8,その他専門工事,1
47001434,知事,（有）朝電気,屋良 朝秋,901-1117,島尻郡南風原町,字津嘉山１５６８－２０１,098-987-1414,10000,法人,電,,R070516,35,電気・設備工事,1
47010979,知事,（有）友土木,知念 信昭,901-0416,島尻郡八重瀬町,字宜次２６５－２白川ハイツＡ－１－２,098-998-9807,3000,法人,土と石鋼舗し水,,R030215,15,建設業（総合）,1
47014870,知事,友美装工業,友寄 隆太,901-2121,浦添市,内間２－５－３－２０６,098-988-0223,,個人,塗防,,R050421,0,塗装・防水,1
47014512,知事,（有）トモ・プランニング,前田 智奈,900-0032,那覇市,松山１－３１－９,098-878-8001,30000,法人,電,,R031119,0,電気・設備工事,1
47013532,知事,（株）ＴＯＭＯホーム,友利 伊吹,904-2215,うるま市,みどり町２－６－２１,098-988-7824,5000,法人,建大左と石屋タ鋼筋板ガ塗防内絶具,,R070401,8,建設業（総合）,1
47002915,知事,（有）友屋工業,河島 俊也,905-1152,名護市,字伊差川９６７－１,0980-52-3916,30000,法人,土と電管舗水解,1,R040701,35,建設業（総合）,
47015446,知事,（株）友利企画,友利 泰斗,901-2423,中頭郡中城村,字北上原８８８,098-962-2548,2000,法人,電,,R070912,0,電気・設備工事,1
47009001,知事,（有）友利興業,友利 克,907-0003,石垣市,字平得１２４,0980-83-7506,3000,法人,土と石舗水,,R030705,20,建設業（総合）,
47012506,知事,豊建工業（株）,豊川 修,901-0403,島尻郡八重瀬町,字世名城４６９－１,098-998-6809,6000,法人,土建大と石屋タ鋼舗し内水解,,R060526,12,建設業（総合）,1
47013815,知事,豊里電設工業,豊里 友幸,904-1112,うるま市,石川楚南３２５－５,098-955-1509,,個人,電,,R061105,5,電気・設備工事,1
47009749,知事,（有）豊里ブロック,豊里 和,904-0011,沖縄市,照屋２－１７－７,098-937-4508,3000,法人,タ,,R061115,20,その他専門工事,1
47007344,知事,（有）豊島建産,赤嶺 光秀,901-0223,豊見城市,字翁長８２５－１,098-850-0903,20000,法人,土と石舗し水,1,R021020,28,建設業（総合）,1
47009782,知事,（有）豊秀興業,與那 秀樹,901-0243,豊見城市,字上田６コーポ金城第二住宅１０３,098-856-6065,4000,法人,土建と石鋼舗し塗水解,,R050220,20,建設業（総合）,1
47015192,知事,（株）豊平興業,豊平 洋司,907-0023,石垣市,字石垣４１６－２７,0980-83-5605,1000,法人,と解,,R061025,0,その他専門工事,
47009081,知事,（株）豊政組,比嘉 良太,905-0022,名護市,字世冨慶５１５－５,0980-54-4855,40000,法人,土建大左と石屋タ鋼筋舗し板ガ塗防内絶具水解,1,R031017,20,建設業（総合）,
47006363,知事,（有）トヨミ産業,吉浜 広克,901-0403,島尻郡八重瀬町,字世名城６４３,098-989-8214,3000,法人,土建大と,,R030514,28,建設業（総合）,1
47014753,知事,とよわ設備（株）,松堂 修,904-2233,うるま市,字豊原２９６,098-960-8859,1000,法人,電管,,R041028,0,電気・設備工事,1
47015260,知事,（株）ＴＲＹ,親川 柊斗,904-2231,うるま市,字塩屋８６－１,098-914-1240,10000,法人,建大屋タ内,,R061227,0,建設業（総合）,1
47010896,知事,（株）トライ建設,山口 栄次,904-2233,うるま市,字豊原６５３,098-973-3434,3000,法人,建大屋タ内解,,R061120,15,建設業（総合）,1
47014620,知事,（株）トライズ,宇栄原 謙,904-0302,中頭郡読谷村,字喜名２２６１－７,098-958-4372,10000,法人,具,,R040502,0,その他専門工事,1
47015084,知事,ＴＲＵＳＳ（株）,比嘉 賢人,901-2221,宜野湾市,伊佐３－１５－１２,098-892-1717,2000,法人,塗防,,R060308,0,塗装・防水,1
47012440,知事,（株）トラスト工業,野原 広猛,901-1113,島尻郡南風原町,字喜屋武３４５,098-894-7420,25000,法人,土と石鋼舗し塗水,,R060217,12,建設業（総合）,1
47012830,知事,（株）トラストプラン・シュン,儀武 瞬一,901-1412,南城市,佐敷字新里４５２－４,098-943-1600,4000,法人,土建と石鋼舗し水,,R021001,12,建設業（総合）,1
47013019,知事,（株）Ｔｒｕｓｔ－ｈｏｍｅ,桑江 良朗,904-2161,沖縄市,古謝２－２２－２３－１０１,098-989-1625,40000,法人,建大左と石屋タ鋼筋板ガ塗防内絶具解,1,R030802,8,建設業（総合）,1
47014929,知事,（株）トラストワーク,西山 順治,902-0077,那覇市,長田２－１３－８,098-832-5168,5000,法人,土建と石管鋼舗し塗水解,,R050707,0,建設業（総合）,1
47015355,知事,（株）トラストワン,渡邊 滋仁,900-0003,那覇市,安謝６５３国際重機ビル４１６,098-963-5820,5000,法人,大と,,R070527,0,その他専門工事,1
47014727,知事,ＴＲｉＡＤＡ（株）,比嘉 ライアン,901-2201,宜野湾市,新城２－３９－２０,098-893-8315,3500,法人,電,,R040916,0,電気・設備工事,1
47010958,知事,ドリーム沖縄,古堅 博,902-0068,那覇市,真嘉比２－５－２７,098-884-7865,,個人,内,,R021216,15,内装工事,1
47014537,知事,（株）ドリームハウス,城間 照文,903-0805,那覇市,首里鳥堀町１－２８,098-885-3933,5000,法人,大左石屋タ板ガ塗防内絶具,,R031224,0,塗装・防水,1
47015364,知事,ドリームプラン,新垣 和也,904-2166,沖縄市,古謝津嘉山町１７－３５,090-1095-4555,,個人,内,,R070606,0,内装工事,1
47011072,知事,（有）トレードワーク,上原 盛武,903-0801,那覇市,首里末吉町３－１０９－１０,098-871-4111,3000,法人,土大左と石屋タ鋼舗し板ガ塗防内絶具水,,R030706,15,建設業（総合）,1
47015230,知事,登翔組,高良 翔,904-2312,うるま市,勝連平安名２９２５－１ 島袋店舗１０３,098-988-5464,,個人,と解,,R061108,0,その他専門工事,1
47002493,知事,（株）ナイソ,棚原 勝一,901-2113,浦添市,大平２－２０－１,098-877-8700,35000,法人,土建大左と石屋タ鋼筋舗板ガ塗防内具水,1,R021219,35,建設業（総合）,1
47008366,知事,尚樹塗装,与那覇 尚,907-0004,石垣市,字登野城１１４８－３,0980-83-1954,,個人,塗防,,R050723,20,塗装・防水,
47015150,知事,直組,嘉数 直也,901-0416,島尻郡八重瀬町,字宜次１１９－３,098-998-8669,,個人,大,,R060628,0,その他専門工事,1
47015265,知事,（株）直組,佐藤 直矢,904-2215,うるま市,みどり町２－１３－７,098-974-0219,1000,法人,大と,,R070110,0,その他専門工事,1
47013112,知事,直工業,伊藝 直人,904-0314,中頭郡読谷村,字古堅３２７,098-956-8937,,個人,と,,R031219,8,その他専門工事,1
47014587,知事,（合）尚鉄筋工業,大城 尚人,901-0601,南城市,玉城字垣花３４１,098-988-1260,1000,法人,筋,,R040325,0,その他専門工事,1
47006927,知事,（有）尚土木,新垣 敦,901-1204,南城市,大里字稲嶺８４６,098-946-8777,30000,法人,土と石管鋼舗し塗水解,1,R070204,28,建設業（総合）,1
47014540,知事,（株）ナオミツ興業,與那 直也,905-0009,名護市,宇茂佐の森１－１１－１９,0980-43-9467,500,法人,土と舗,,R031224,0,建設業（総合）,
47012206,知事,（有）長井建設,伊禮 良彦,907-0001,石垣市,字大浜１３０－３,0980-87-5656,30000,法人,土建大左と石屋タ鋼筋舗し板ガ塗防内絶具水,1,R050108,12,建設業（総合）,
47012349,知事,（株）ナカイチ,中村 一樹,901-2215,宜野湾市,真栄原１－２－１１新垣ビル１Ｆ,098-942-2322,5000,法人,と鋼筋,,R050828,12,その他専門工事,1
47013742,知事,（株）なかいち開発,名嘉 健一,904-2143,沖縄市,知花５－１５－５ 池原ビル１階,098-923-3400,6000,法人,建大屋タ内,,R060723,5,建設業（総合）,1
47014954,知事,（株）仲井真通信,仲井真 伸基,901-2412,中頭郡中城村,字奥間９２３,098-942-3202,5000,法人,通,,R050804,0,電気・設備工事,1
47009800,知事,（有）仲井間林業,仲井間 宗利,905-1304,国頭郡大宜味村,字饒波１２７,0980-44-3050,5000,法人,土と石鋼舗水,,R070210,20,建設業（総合）,
47001376,知事,（資）中江電気建設,中江 園子,904-2221,うるま市,字平良川１４９,098-973-3380,20000,法人,建電管,1,R030724 R060117,35,建設業（総合）,1
47011112,知事,仲尾組,仲尾 正光,904-2314,うるま市,勝連平敷屋４１５３－１,098-978-4354,,個人,土と石鋼舗し水,,R030831,15,建設業（総合）,1
47004491,知事,（有）中頭工業,具志堅 勝,904-2143,沖縄市,知花４－４２－８,098-938-3630,10000,法人,と管鋼機,,R030113,35,電気・設備工事,1
47012729,知事,ナカガワ,中川 吉典,904-0204,中頭郡嘉手納町,字水釜５６２－４８,090-1948-6905,,個人,大,,R070422,12,その他専門工事,1
47007842,知事,（株）仲川電設,仲川 重成,905-0704,島尻郡伊平屋村,字島尻６８,0980-46-2474,2000,法人,土と石電管鋼舗し水,,R040101,28,建設業（総合）,
47012669,知事,中城ペイント,刈谷 竜潮,901-2412,中頭郡中城村,字奥間８２７－５,098-895-3808,,個人,塗防,,R070303,12,塗装・防水,1
47012766,知事,（株）中城ポンプ,石嶺 成枝,901-2402,中頭郡中城村,字泊４７５,098-895-4260,4000,法人,と,,R070626,12,その他専門工事,1
47013943,知事,仲組,仲村 勇,904-2171,沖縄市,高原７－３１－２３ モアナヴィラ１０１,098-933-2555,,個人,建大と解,,R070420,5,建設業（総合）,1
47014044,知事,（株）名嘉組,名嘉 健,901-0146,那覇市,具志１－５－１３ ｆｆマンションフォルティシモ６０５,098-987-1100,3000,法人,大,,R070710,5,その他専門工事,1
47014176,知事,名嘉組,新屋敷 健二,904-0324,中頭郡読谷村,字長浜１７８９ ｓｋｙ ｆｌｏｗｅｒ １Ｆ,098-962-6023,,個人,大,,R071023,5,その他専門工事,1
47004402,知事,永藏工業（株）,平良 英雄,902-0061,那覇市,字古島３４－２,098-867-1238,10000,法人,土と石鋼筋舗し水,,R050926,35,建設業（総合）,1
47003488,知事,（有）仲建工業,城間 睦,905-0226,国頭郡本部町,字健堅１２９,0980-47-3142,20300,法人,土建大左と石屋電管タ鋼筋舗し板ガ塗防内絶園具水消解,1,R060607,35,建設業（総合）,
47010797,知事,（有）仲建設工業,名嘉 治二,901-2423,中頭郡中城村,字北上原６９６,098-895-6790,5000,法人,土建と石電管鋼舗水,,R070316,15,建設業（総合）,1
47013545,知事,名嘉建装,名嘉 忍,901-2424,中頭郡中城村,南上原９５５－３ 池原店舗Ａ,090-8292-5904,,個人,塗防,,R050831,8,塗装・防水,1
47013362,知事,仲興業,仲宗根 勝也,905-0228,国頭郡本部町,字伊野波８－１ ２Ｆ,0980-47-5147,,個人,左,,R041124,8,その他専門工事,
47014568,知事,長工業,長田 浩也,901-0405,島尻郡八重瀬町,字伊覇２５８－３,098-998-6222,,個人,と,,R040210,0,その他専門工事,1
47010778,知事,（有）名嘉工務店,名嘉 康次,905-1311,国頭郡大宜味村,字塩屋６０４,0980-44-2111,21000,法人,土建大左と石屋タ鋼筋舗し板ガ塗防内絶具水解,1,R051120,15,建設業（総合）,
47007025,知事,（有）仲座開発,仲座 義輝,901-0212,豊見城市,字平良２２０,098-840-2933,32000,法人,土建大左と石屋タ鋼舗し板ガ塗防内絶園具水解,1,R051016,28,建設業（総合）,1
47012427,知事,（株）長崎冷熱,長崎 直次,906-0015,宮古島市,平良字久貝８４２－５,0980-72-1525,8000,法人,電管,,R060117,12,電気・設備工事,
47000897,知事,（有）仲座建設,仲座 哲男,901-0415,島尻郡八重瀬町,字小城１８３,098-998-3011,49600,法人,土建大と石舗水解,1,R050904,35,建設業（総合）,1
47002542,知事,（有）仲座工業所,仲座 良政,901-0301,糸満市,字阿波根８７３－１,098-994-3271,10000,法人,具,,R020928,35,その他専門工事,1
47014931,知事,仲座鉄筋工業,仲村 健,901-2416,中頭郡中城村,字和宇慶７８２－９,098-800-1624,,個人,筋,,R050707,0,その他専門工事,1
47012878,知事,（株）仲里建設,仲里 友一,901-1117,島尻郡南風原町,字津嘉山５０８,098-889-3851,8000,法人,土建大と石屋タ鋼舗し内水解,,R021204,12,建設業（総合）,1
47014631,知事,仲里工業,仲里 聖矢,901-2114,浦添市,安波茶１－３７－５,098-943-4305,,個人,と解,,R040520,0,その他専門工事,1
47004304,知事,仲里鉄筋工業,仲里 良雄,904-2141,沖縄市,池原１－２０－１４,098-939-1394,,個人,筋,,R070908,35,その他専門工事,1
47015244,知事,（合）仲里ペイント,仲里 敦,906-0303,宮古島市,下地字洲鎌２５４－１５,0980-79-9937,3000,法人,塗防,,R061205,0,塗装・防水,
47010800,知事,（株）仲里ペイント,新里 亜也子,901-0201,豊見城市,字真玉橋１３１－２,098-856-8500,10000,法人,塗,,R070329,15,塗装・防水,1
47002133,知事,仲島建設（株）,仲島 正貴,907-1801,八重山郡与那国町,字与那国１６５,0980-87-2035,20000,法人,土建と石管鋼舗し塗園水解,,R031114,35,建設業（総合）,
47000587,知事,（株）中島工業,肆手盛 準,901-2221,宜野湾市,伊佐３－４－５,098-898-3481,30000,法人,土建大左と石屋電管タ鋼筋舗し板ガ塗防内絶具水解,1,R050721,35,建設業（総合）,1
47013226,知事,名嘉重機工業,名嘉 文啓,901-2102,浦添市,字前田７３９,098-975-7302,,個人,土と石鋼舗し水解,,R040620,8,建設業（総合）,1
47011081,知事,（有）仲住建,仲松 正信,904-2166,沖縄市,古謝津嘉山町３３－１５,098-934-8280,5000,法人,建内,,R030719,15,建設業（総合）,1
47011047,知事,（有）名嘉商会,名嘉 良洋,907-0012,石垣市,美崎町１－５,0980-82-2068,5000,法人,塗防,,R030601,15,塗装・防水,
47012700,知事,（株）中城工業,野波 賢太,901-2414,中頭郡中城村,字北浜３４２－２,098-895-5003,8000,法人,左,,R070303,12,その他専門工事,1
47011624,知事,（有）なか総合金物商会,山川 隆司,903-0126,中頭郡西原町,字棚原１８９－３,098-946-6060,8000,法人,と,,R061026,12,その他専門工事,1
47015108,知事,（株）ナカソネ,仲宗根 正典,901-0411,島尻郡八重瀬町,字友寄２２－５ リバーコート１０５号室,098-975-7744,9000,法人,土建と石管鋼舗し水解,,R060419 R060912,0,建設業（総合）,1
47015042,知事,（株）ナカソネアルミ,砂川 和徳,906-0008,宮古島市,平良字荷川取３５２－６０,0980-72-4756,3000,法人,具,,R060105,0,その他専門工事,
47011312,知事,（株）仲宗根設備,仲宗根 誠,903-0116,中頭郡西原町,字幸地２２４,098-945-4632,5000,法人,土と石管鋼舗し水,,R050727,12,建設業（総合）,1
47007634,知事,（株）ナカソネ電省,仲宗根 弘,903-0116,中頭郡西原町,字幸地３３２,098-946-7716,10000,法人,電,,R030619,28,電気・設備工事,1
47001394,知事,（有）仲宗根土建,仲宗根 宏幸,906-0007,宮古島市,平良字東仲宗根６８０,0980-72-1445,40000,法人,土建と石舗し水解,1,R050904,35,建設業（総合）,
47013932,知事,（株）仲大建設工業,仲座 博巳,901-0242,豊見城市,字高安５６６－１,098-996-3338,5000,法人,筋,,R070327,5,その他専門工事,1
47013125,知事,（株）仲大鉄筋鋼業,仲大 健,904-0301,中頭郡読谷村,字座喜味６５１－１ エクセレント仲大２０１,098-982-9381,3000,法人,筋,,R031228,8,その他専門工事,1
47009374,知事,（株）仲田建材,仲田 頼人,900-0025,那覇市,壺川１－１３－１４,098-992-1100,20000,法人,筋,,R050107,20,その他専門工事,1
47010124,知事,（有）ナカタ商会,仲田 明彦,905-0227,国頭郡本部町,字瀬底４８３４－１,0980-47-5977,8000,法人,建大,,R030706,15,建設業（総合）,
47007043,知事,（有）長田電気,長田 一也,901-0411,島尻郡八重瀬町,字友寄５６－６,098-998-4633,5000,法人,電,,R031225,28,電気・設備工事,1
47010950,知事,仲田電気工事,仲田 和信,901-2203,宜野湾市,野嵩１－２８－３,098-892-3157,,個人,電,,R021213,15,電気・設備工事,1
47008100,知事,（有）仲田電設,仲田 辰也,904-0005,沖縄市,嘉間良２－５－１,098-938-6696,3000,法人,電,,R070723,20,電気・設備工事,1
47013137,知事,長田塗装,長田 益則,901-0153,那覇市,宇栄原３－２－１６ ハピネスコートＡ４０２,098-859-0351,,個人,塗,,R040117,8,塗装・防水,1
47011513,知事,ナカタライト（株）,仲田 信哉,901-2203,宜野湾市,野嵩４－１７－７,098-914-1386,3000,法人,土建大左と石屋タ鋼筋舗し板ガ塗防内絶具水解,,R060511,12,建設業（総合）,1
47010559,知事,（有）仲地型枠,仲地 早人,901-2215,宜野湾市,真栄原２－３－１３－１,098-898-6565,3000,法人,大と,,R051009,15,その他専門工事,1
47005286,知事,（有）仲地建設,仲地 德男,904-1111,うるま市,石川東恩納６５２－５,098-965-6058,48000,法人,土建大左と石屋タ鋼舗防内水解,1,R041028,35,建設業（総合）,1
47015120,知事,（株）仲地建設,仲地 宏記,901-2101,浦添市,西原４－６－６（３０２）,090-3792-8355,5000,法人,土建大左と石屋管タ鋼筋舗板ガ塗防内絶具解,,R060502,0,建設業（総合）,1
47007270,知事,（有）仲地建設工業,仲地 旭世,906-0504,宮古島市,伊良部字仲地５５－１,0980-78-5459,22000,法人,土建と石管舗し水,,R061124,28,建設業（総合）,
47006818,知事,仲地タタミ店,仲地 修英,904-1111,うるま市,石川東恩納６５２－３,098-964-2166,,個人,内,,R040414,28,内装工事,1
47012791,知事,（株）仲地美装,仲地 竜真,901-2225,宜野湾市,大謝名３－１－１２,098-988-9038,3000,法人,土建と石鋼舗し塗防水,,R070716,12,建設業（総合）,1
47007227,知事,（有）仲電工,仲嶺 一司,904-2222,うるま市,字上江洲８８－２,098-973-3136,9000,法人,土と石電鋼舗水,,R070704,28,建設業（総合）,1
47015250,知事,（合）ＮＡＧＡＴＯ,上原 淳,900-0003,那覇市,字安謝６１７－１０ メゾンみやざと１０２,098-955-2595,1110,法人,塗,,R061205,0,塗装・防水,1
47009672,知事,（株）長堂材木店,長堂 昌太郎,901-2204,宜野湾市,上原２－５－６,098-893-1414,40000,法人,内,,R060629,20,内装工事,1
47013825,知事,（株）長堂屋ＧＲＯＵＰ,長堂 祐磨,905-0415,国頭郡今帰仁村,字玉城７１０－１,0980-43-9199,9000,法人,具,,R061115,5,その他専門工事,
47001554,知事,（有）仲土建,仲里 源正,902-0074,那覇市,字仲井真２１６－１ ２階,098-853-9033,40000,法人,土建大左と石屋タ鋼筋舗し板ガ塗防内絶具水解,1,R070716,35,建設業（総合）,1
47014263,知事,仲侍工業,仲里 三侍,904-2213,うるま市,字田場２０８ ククナテラス２０４号室,090-9783-5192,,個人,と,,R030219,5,その他専門工事,1
47014339,知事,（株）仲朝組,仲嶺 朝隆,901-2403,中頭郡中城村,字伊舎堂６０,098-987-6560,5000,法人,と,,R030528,5,その他専門工事,1
47011560,知事,仲ドレープ,仲大底 勇,907-0024,石垣市,字新川１３９－１,0980-83-2518,,個人,内,,R060708,12,内装工事,
47015183,知事,ＮＡＫＡＮＡＩ,名嘉 譲,904-0204,中頭郡嘉手納町,字水釜２０５－６－７０５２,080-7475-7852,,個人,内,,R060823,0,内装工事,1
47006778,知事,仲根ガラス,仲宗根 正義,904-2241,うるま市,字兼箇段１１３６－３,098-974-3433,,個人,ガ,,R040113,28,その他専門工事,1
47011857,知事,仲野建設,仲里 末廣,903-0804,那覇市,首里石嶺町２－２４３,098-882-6677,,個人,土と石鋼舗水,,R021110,12,建設業（総合）,1
47008425,知事,（有）仲野電設,仲野 雅春,907-0023,石垣市,字石垣７３１－１２,0980-83-9657,20000,法人,土と石電管鋼舗し水,1,R050826,20,建設業（総合）,
47009957,知事,（有）中の町建材,廣末 大介,904-0006,沖縄市,八重島３－１３－１,098-938-2801,8000,法人,と,,R031030,20,その他専門工事,1
47013028,知事,中の町タタミ店,平良 正博,904-0032,沖縄市,諸見里１－８－１９,098-933-6231,,個人,内,,R030804,8,内装工事,1
47014684,知事,（有）中羽左官工業,中羽 正男,901-0224,豊見城市,字与根１６２－１６,098-840-5308,3300,法人,左,,R040722,0,その他専門工事,1
47014937,知事,長浜圧接,長濵 正勝,907-0024,石垣市,字新川２２２４－３６,0980-83-5871,,個人,筋,,R050721,0,その他専門工事,
47011432,知事,長浜組,長浜 博亮,901-2113,浦添市,字大平５０４ マンション長浜Ｂ－１,098-877-8501,,個人,大,,R051009,12,その他専門工事,1
47000391,知事,（有）長浜建設,長濱 忠盛,901-2126,浦添市,宮城２－１６－１４,098-877-1774,20000,法人,土建と石鋼舗し塗水解,1,R070713,35,建設業（総合）,1
47008088,知事,（有）長浜建設,長濱 幸代,906-0506,宮古島市,伊良部字長浜１３８３－３,0980-78-6238,20000,法人,土建大左と石屋管タ鋼筋舗し板ガ塗防内絶園具水解,1,R060408,20,建設業（総合）,
47009020,知事,（有）長濱建設,長濱 正一,907-0024,石垣市,字新川２３２４－９,0980-82-5693,5000,法人,大と,,R060106 R060517,20,その他専門工事,
47013504,知事,長浜建設,長濱 重光,904-2173,沖縄市,比屋根７－２１－１２,098-933-9060,,個人,建,,R050628,8,建設業（総合）,1
47012641,知事,長浜設備,松田 稔,904-0324,中頭郡読谷村,字長浜２０,098-958-2651,,個人,土と石管鋼舗し水,,R070116,12,建設業（総合）,1
47013881,知事,（株）長浜電工,長濱 貢,906-0013,宮古島市,平良字下里２２３－２,0980-79-0808,9000,法人,電,,R070124,5,電気・設備工事,
47010714,知事,長浜はつり工業,長濱 勝弘,901-0145,那覇市,高良２－６－６,098-858-8668,,個人,と,,R060818,15,その他専門工事,1
47009123,知事,（有）長浜冷機,長浜 智,901-2111,浦添市,字経塚８７６－２,098-875-3277,10000,法人,電管,,R031122,20,電気・設備工事,1
47004107,知事,（株）中原組,中原 利博,904-0021,沖縄市,胡屋５－１２－１２,098-933-1190,25000,法人,土建大左と石屋タ鋼筋舗し板ガ塗防内絶具水,1,R061108,35,建設業（総合）,1
47014509,知事,（株）ナカハラ工業,中原 伴紀,902-0063,那覇市,三原２－２－３４ ミルコマンション三原大石通り４０２,090-9786-2404,3000,法人,屋管板,,R060315,0,電気・設備工事,1
47011623,知事,仲原重機,仲原 政秀,905-0401,国頭郡今帰仁村,字仲宗根２－１１,0980-56-2988,,個人,土建と石鋼舗し水,,R061026,12,建設業（総合）,
47001968,知事,（有）中原電設,仲村 直也,901-2204,宜野湾市,上原１－１－３,098-892-2294,20000,法人,電通,1,R040316,35,電気・設備工事,1
47014154,知事,（有）仲秀工業,仲松 秀吉,904-2165,沖縄市,宮里１－２７－１８,090-5742-7111,5000,法人,左,,R071002,5,その他専門工事,1
47013797,知事,（株）仲弘,仲本 典弘,901-0315,糸満市,字照屋１２０１－１,098-992-7550,10000,法人,土と石鋼舗し塗水解,,R061030,5,建設業（総合）,1
47012534,知事,仲程工業,仲程 隆博,904-2172,沖縄市,泡瀬５－３８－１,098-923-2378,,個人,電管,,R060702,12,電気・設備工事,1
47014852,知事,（合）仲程興業,仲程 敏晃,901-0241,豊見城市,字豊見城１００４－１ウィングシャトー豊見城プロムナード３０３,098-880-8092,5000,法人,土と石鋼舗し水解,,R050407,0,建設業（総合）,1
47013875,知事,（株）仲程鉄筋工業,仲程 稔,904-2171,沖縄市,高原４－２２－８,098-930-0702,1000,法人,筋,,R070117,5,その他専門工事,1
47004468,知事,（株）仲程電工,宮里 正章,905-0017,名護市,大中３－７－３,0980-52-1659,23000,法人,電管,1,R040822,35,電気・設備工事,
47000010,知事,仲程土建（株）,仲程 俊郎,904-1303,国頭郡宜野座村,字惣慶１７７１－９,098-968-8888,39650,法人,土建大と石電管鋼舗し塗防内園水解,1,R050908,35,建設業（総合）,
47014943,知事,仲程塗装,仲程 裕希,905-0228,国頭郡本部町,字伊野波５３８,090-2503-8732,,個人,塗,,R050714,0,塗装・防水,
47015082,知事,（株）仲程内装設備,仲程 通盛,901-2215,宜野湾市,真栄原１－１４－１８－１０２ 仲程マンション,098-898-2549,7000,法人,内,,R060308,0,内装工事,1
47000846,知事,（有）仲真組,仲眞 憲和,904-2165,沖縄市,宮里２－４－２２,098-938-9104,8000,法人,建大屋タ内,,R050317,35,建設業（総合）,1
47002906,知事,（株）仲間組,仲間 政樹,904-1201,国頭郡金武町,字金武８０３８番地の３０,098-968-3850,30000,法人,土建大と石屋管タ鋼舗し塗内水解,1,R030216,35,建設業（総合）,
47000286,知事,（株）長間組,長間 純造,902-0062,那覇市,松川１－１６－１０,098-853-7997,30000,法人,土と石鋼舗し塗水,1,R031007,35,建設業（総合）,1
47012537,知事,（株）長間建設,長間 正市,903-0804,那覇市,首里石嶺町３－５７－４ 石嶺マンション１階,098-886-0484,3000,法人,建大,,R060702,12,建設業（総合）,1
47011893,知事,名嘉眞建築塗装,名嘉眞 直治,904-2201,うるま市,字昆布１８３２－３７０,098-972-4348,,個人,大左石屋管タ板ガ塗防内絶具,,R030127,12,電気・設備工事,1
47014281,知事,仲間工務店（合）,仲間 睦,901-2214,宜野湾市,字我如古４０５－１フェアリーズヴィラ佐真下９０１,050-5894-1953,2000,法人,土と石鋼舗し塗水,,R030312,5,建設業（総合）,1
47013327,知事,（株）仲正,仲宗根 正典,901-0146,那覇市,具志３－１４－２,098-858-7339,5000,法人,と,,R041010,8,その他専門工事,1
47010605,知事,（有）仲正海工,関 航太,907-0011,石垣市,八島町１－１４ フェリーターミナル,0980-83-4462,3000,法人,土と石鋼舗し水,,R060106,15,建設業（総合）,
47004331,知事,（有）仲正組,神宮寺 広美,904-1201,国頭郡金武町,字金武６０２９,098-968-2930,20000,法人,土建大左と石屋管タ鋼筋舗しガ塗防内園具水解,1,R030806 R050613,35,建設業（総合）,
47001528,知事,（有）長正土建,長堂 タツ子,904-0401,国頭郡恩納村,字名嘉真２５６１－２,098-967-8891,33000,法人,土と石鋼舗し塗園水,1,R040530,35,建設業（総合）,
47003826,知事,（有）仲間水道工事社,大城 和枝,904-1201,国頭郡金武町,字金武１０６８２－８,098-968-2826,3000,法人,土と石管舗水,,R060420,35,建設業（総合）,
47015402,知事,（株）ナカマ設備,名嘉眞 朝明,904-2153,沖縄市,美里６－１－１９－１０１,098-989-1246,1000,法人,管,,R070725,0,電気・設備工事,1
47014436,知事,（株）仲真設備工業,永山 美由紀,901-2405,中頭郡中城村,字屋宜８２９－１,098-895-6138,6000,法人,土と石管鋼舗し水消,,R030820,0,建設業（総合）,1
47012465,知事,（株）ナカマ創建,仲間 克幸,901-2214,宜野湾市,我如古３－５－８－１０２,098-963-6390,5000,法人,建大内,,R060313,12,建設業（総合）,1
47014082,知事,（合）仲松組,仲与根 靖,904-2311,うるま市,勝連南風原１０４８－１,098-979-9766,1000,法人,大と,,R070731,5,その他専門工事,1
47011723,知事,仲松建設,仲松 敏治,904-0005,沖縄市,嘉間良２－６－２４－２階,098-937-8585,,個人,土と石鋼舗し塗水,,R070407,12,建設業（総合）,1
47005249,知事,（有）仲松左官工業,仲松 信弥,901-2414,中頭郡中城村,字北浜８７,098-895-2982,3000,法人,左,,R070328,35,その他専門工事,1
47005883,知事,（有）仲松産業,仲松 實,901-2226,宜野湾市,嘉数４－１９－３ １Ｆ,098-890-0555,3000,法人,具,,R040502,35,その他専門工事,1
47009114,知事,仲松鉄筋工業,仲松 景弘,904-2244,うるま市,字江洲８２０－１,098-989-3886,,個人,筋,,R031114,20,その他専門工事,1
47013331,知事,仲松塗装,仲松 馨,904-0011,沖縄市,照屋５－２－６,090-6861-0888,,個人,大左石屋タ板ガ塗防内絶具,,R041017,8,塗装・防水,1
47009905,知事,名嘉眞鉄筋工業,名嘉眞 広信,904-1102,うるま市,石川東山２－３－７,098-965-5133,,個人,筋,,R070816,20,その他専門工事,1
47010468,知事,名嘉真鉄筋工業,名嘉眞 昌芳,904-2245,うるま市,字赤道８５５－５０Ｍ８,098-974-4389,,個人,筋,,R050409,15,その他専門工事,1
47009589,知事,仲間電気,仲間 恒男,903-0118,中頭郡西原町,字小波津８０３－７７,098-945-4625,,個人,電,,R060224,20,電気・設備工事,1
47004766,知事,（有）仲間土木,仲間 栄喜,907-1751,八重山郡竹富町,字波照間７８－２,0980-85-8312,5000,法人,土と石管鋼舗し水,,R040910,35,建設業（総合）,
47014861,知事,名嘉真板金,名嘉眞 進,904-2236,うるま市,喜仲２－９－２３,098-974-4917,,個人,絶,,R050414,0,その他専門工事,1
47013263,知事,（株）ナカミツ,仲宗根 満,901-2113,浦添市,大平１－１１－１－１,098-879-8945,3000,法人,内,,R040726,8,内装工事,1
47001296,知事,（有）長嶺工業,長嶺 恵江,901-0305,糸満市,西崎１－２２－５ディライト,098-994-2188,10000,法人,土と石電管舗水,,R040807,35,建設業（総合）,1
47009826,知事,（株）長嶺商会,長嶺 淳,901-1303,島尻郡与那原町,字与那原２０３－７,098-946-2270,45000,法人,土建大と石電管鋼筋舗し内具水,1,R070331,20,建設業（総合）,1
47003807,知事,（株）仲嶺造園土木,仲嶺 眞宏,905-2171,名護市,字辺野古９１３－１,0980-55-2312,25000,法人,土建と石管鋼舗し塗園水解,1,R051128,35,建設業（総合）,
47014256,知事,（株）長嶺鉄筋工業,長嶺 正和,901-0311,糸満市,字武富７９,090-6866-0310,3000,法人,筋,,R030205,5,その他専門工事,1
47001905,知事,長嶺電機（株）,長嶺 義貢,901-2134,浦添市,字港川５１２－２８,098-878-2121,10000,法人,電,,R070508,35,電気・設備工事,1
47014740,知事,（株）長嶺土木,長嶺 由隆,901-0305,糸満市,西崎１－２２－３－４０２号大一ビル,090-9072-1495,5000,法人,と,,R041021,0,その他専門工事,1
47012424,知事,（株）なかむら,中村 学,902-0071,那覇市,繁多川５－１４－５１,098-836-2526,5000,法人,タ,,R060117,12,その他専門工事,1
47001865,知事,（資）仲村アルミ硝子商事,仲村 正利,904-2163,沖縄市,大里１－１１－３９,098-937-2033,5210,法人,ガ具,,R070828,35,その他専門工事,1
47002445,知事,（有）仲村組,仲村渠 孝,900-0024,那覇市,古波蔵３－１７－５,098-834-2144,32000,法人,土建大左と石屋タ鋼舗し板ガ塗防内絶具水解,1,R021122 R030712,35,建設業（総合）,1
47000220,知事,（有）仲村建設,喜友名 朝司,904-0103,中頭郡北谷町,字桑江６１８－３,098-894-9900,33000,法人,建,,R041023,35,建設業（総合）,1
47003857,知事,仲村建設,仲村 幸雄,904-2143,沖縄市,知花３－５－２０,098-938-6173,,個人,建,,R070727,35,建設業（総合）,1
47008580,知事,（有）中村建設,中村 靖,901-3311,島尻郡座間味村,字阿嘉５０,098-987-2831,3000,法人,土建と石舗水解,,R040928,20,建設業（総合）,
47014840,知事,仲村建装,仲村 直也,901-2424,中頭郡中城村,字南上原７７８ ウィンドヒル２０６,098-895-4733,,個人,内,,R050428,0,内装工事,1
47012654,知事,（株）中村興業,中村 有児,901-0212,豊見城市,字平良３７６－１,098-850-7455,5000,法人,土と石鋼舗し水,,R070209,12,建設業（総合）,1
47011035,知事,仲村水道工事社,仲村 淳一,904-2312,うるま市,勝連平安名１５９０－１,098-978-3792,,個人,土と石管鋼舗し水消,,R030508,15,建設業（総合）,1
47008860,知事,（有）ナカムラ造園土木,仲村 弘喜,904-1203,国頭郡金武町,字屋嘉２４３２,098-964-5670,20000,法人,土建大と石屋管タ鋼舗し塗内園水解,1,R070902,20,建設業（総合）,
47015200,知事,仲村タタミ店,仲村 一志,902-0061,那覇市,古島１－５－１２,098-885-9286,,個人,内,,R060830,0,内装工事,1
47007833,知事,（有）仲村電気工事社,仲村 仙三,905-1411,国頭郡国頭村,字辺土名１７０３,0980-41-2210,10000,法人,電,,R040529,28,電気・設備工事,
47014203,知事,ナカムラ電設（株）,中村 廣,902-0061,那覇市,字古島５１１－１,098-884-8654,5000,法人,電,,R021218,5,電気・設備工事,1
47013128,知事,（株）中村塗装工業,中村 信雄,907-0002,石垣市,字真栄里４１２－５,0980-87-5850,9000,法人,塗防,,R050101,8,塗装・防水,
47012190,知事,（株）仲村防災設備,仲村渠 隆,904-0101,中頭郡北谷町,字上勢頭６２６－９,098-921-7416,1000,法人,通消,,R041121,12,電気・設備工事,1
47008624,知事,（有）ナカモト,仲本 達志,904-2223,うるま市,字具志川２４７６,098-973-6222,6000,法人,建,,R041117,20,建設業（総合）,1
47009383,知事,（株）ナカモト,仲本 源,901-1412,南城市,佐敷字新里４６３－１,098-947-1536,10000,法人,土と管舗水消,,R041204,20,建設業（総合）,1
47014569,知事,（株）仲本開発,仲本 善次,901-2131,浦添市,牧港１－２２－１４,098-955-4756,10000,法人,土と石鋼舗し塗水,,R040218,0,建設業（総合）,1
47008603,知事,（有）仲本技研,仲本 一史,901-2202,宜野湾市,普天間２－３－１４,098-975-5656,3000,法人,筋,,R041017,20,その他専門工事,1
47011840,知事,仲本組,仲本 順栄,904-2313,うるま市,勝連内間８１０－１,098-978-1612,,個人,土建大と石鋼舗し水,,R060425,12,建設業（総合）,1
47000538,知事,仲本建設（株）,仲本 瑛,904-2142,沖縄市,字登川２４３４,098-937-3909,45000,法人,土建大と石鋼舗し塗内水解,1,R070615,35,建設業（総合）,1
47000970,知事,（株）仲本工業,仲本 豊,904-2153,沖縄市,美里６－５－１,098-938-8086,96000,法人,土建大と石屋管鋼舗し塗防内園水解,1,R061111,35,建設業（総合）,1
47005599,知事,仲本工業所,仲本 正雄,903-0801,那覇市,首里末吉町４－２－１８,098-884-9196,,個人,と,,R030423,35,その他専門工事,1
47006316,知事,（有）仲本造園土木,仲本 善正,905-0005,名護市,字為又４９５,0980-53-6128,5000,法人,土建と石管鋼舗園水,,R031018,28,建設業（総合）,
47013852,知事,（株）仲本内装,仲本 勝,901-1204,南城市,大里字稲嶺２８５１－１,098-943-4321,1000,法人,内,,R061213,5,内装工事,1
47009695,知事,（株）仲本ファブテック,大城 克哉,904-2153,沖縄市,美里６－５－１,098-939-3600,45000,法人,土建大左と石屋タ鋼筋舗し板ガ塗防内絶具水解,1,R050116,20,建設業（総合）,1
47014050,知事,（株）中山組,中山 恵介,905-0011,名護市,宮里１－１－１－１０２号 恵和ビル,090-1175-2457,2000,法人,土と舗,,R070710,5,建設業（総合）,
47000256,知事,（株）永山組,阪井 邦雄,900-0001,那覇市,港町２－１４－７,098-867-3387,45000,法人,土建大と石屋管タ鋼舗し内水消解,,R021207,35,建設業（総合）,1
47012128,知事,永山軽天（株）,永山 正之貴,901-2103,浦添市,仲間１－２３－２,098-879-2956,5000,法人,内,,R040717,12,内装工事,1
47001199,知事,（有）永山建設,永山 和樹,905-0502,国頭郡伊江村,字東江前２５８,0980-49-2560,40000,法人,土建と石鋼舗し塗園水,1,R060624,35,建設業（総合）,
47013393,知事,（株）長山建設,長山 一也,905-0001,名護市,字安和１１４－４,0980-53-8385,5000,法人,土建大左と石屋タ鋼筋舗し板ガ塗防内絶具水解,,R050115,8,建設業（総合）,
47010197,知事,（有）名嘉山重建,名嘉山 勝,901-0215,豊見城市,字渡嘉敷８,098-856-8399,30000,法人,土建と石鋼舗し塗水解,1,R050630,15,建設業（総合）,1
47000590,知事,（有）永山水道工事社,永山 均,904-2163,沖縄市,大里２－２－１２,098-937-4275,30000,法人,土と石管舗水,1,R030501,35,建設業（総合）,1
47005998,知事,長山塗装工事社,長山 義彦,905-0001,名護市,字安和９４,0980-53-8952,,個人,塗,,R040806,35,塗装・防水,
47014566,知事,（株）中山浩成,中山 翔平,903-0811,那覇市,首里赤平町２－４０－２,050-3546-0003,49800,法人,土大左と石屋タ鋼舗し板ガ塗防内絶具水,,R040318,0,建設業（総合）,1
47011937,知事,（株）中山緑建,宮城 克哉,905-1152,名護市,字伊差川２５２－３,0980-44-3130,5000,法人,土と石舗園水解,,R061206,12,建設業（総合）,
47012607,知事,仲吉,神谷 繁雄,901-0415,島尻郡八重瀬町,字小城４１５－１,098-851-9993,,個人,土建大左と石屋タ鋼舗し塗防内具水解,,R061107,12,建設業（総合）,1
47002588,知事,（有）仲吉電設,仲吉 直也,901-0306,糸満市,西崎町５－５－１３,098-994-2149,7000,法人,電管,,R021216 R030118,35,電気・設備工事,1
47010027,知事,（有）仲村渠工業,仲村渠 義明,901-0306,糸満市,西崎町３－１４８,098-995-0823,5000,法人,土左と石鋼舗し水,,R030216,15,建設業（総合）,1
47012317,知事,ナカンヌ興業（株）,石川 誠司,904-1103,うるま市,石川赤崎１－４－８,098-964-3040,20130,法人,土と石管鋼舗し塗園水,1,R050709,12,建設業（総合）,1
47009636,知事,（資）名護アルミ,仲村 秀彦,905-0011,名護市,宮里５－１－４８,0980-53-2938,5000,法人,大屋板ガ内具,,R060507,20,内装工事,
47011102,知事,（株）名護ウィンドサ－ビス,喜瀬 直志,905-0011,名護市,字宮里１４８８－１,0980-52-0337,3000,法人,具,,R030821,15,その他専門工事,
47013942,知事,（株）名幸エンジニア,名幸 博文,904-0111,中頭郡北谷町,字砂辺５２６－９,098-936-8322,5000,法人,電管消,,R050815,5,電気・設備工事,1
47009706,知事,名護海洋建設（株）,和田 清隆,905-0019,名護市,大北１－１０－３５－２０３ Ｎｅｗ Ｆｉｒｓｔ,0980-54-4196,10000,法人,土と石鋼舗し塗水,,R060817,20,建設業（総合）,
47013345,知事,（株）名護工業,名護 勇一,904-2241,うるま市,字兼箇段１３０,098-989-0509,5000,法人,大と,,R041101,8,その他専門工事,1
47008420,知事,（資）名護鋼材,岸本 嘉之,905-0006,名護市,字宇茂佐１９６６－２,0980-53-4806,26000,法人,筋,,R040209,20,その他専門工事,
47011003,知事,名護施設管理（株）,屋良 一寿,905-0016,名護市,大東２－１７－２３,0980-53-4655,10000,法人,電,,R060728,15,電気・設備工事,
47011682,知事,名呉鉄筋,名呉 正和,904-2171,沖縄市,高原２－５－６,098-960-6918,,個人,筋,,R070129,12,その他専門工事,1
47000152,知事,（株）名護鉄工所,仲村 朝男,903-0103,中頭郡西原町,字小那覇１５６５番地,098-944-2355,99979,法人,大屋タ内具,,R040418,35,内装工事,1
47001271,知事,（株）名護電水センター,岸本 稲子,905-0017,名護市,大中１丁目１８番２６号,0980-52-2813,20000,法人,土と電管水消,1,R070818,35,建設業（総合）,
47009833,知事,名護道路（株）,嘉手川 悟,905-0019,名護市,大北５－１７－１５,0980-52-1732,20000,法人,土と石鋼舗し塗水解,1,R070904,20,建設業（総合）,
47013140,知事,和三工業,翁長 英樹,904-2221,うるま市,字平良川３９１,098-974-9050,,個人,土と石鋼舗し機水,,R040124,8,建設業（総合）,1
47001654,知事,（有）名護緑化センター,仲里 正之,905-1147,名護市,字田井等８８３,0980-58-3553,12500,法人,土と石鋼舗し園水,,R050808,35,建設業（総合）,
47005127,知事,（有）ナザキ開発,内間 保,905-0015,名護市,大南３－１０－１０,0980-54-8605,40000,法人,土建大左と石屋管タ鋼筋舗し板ガ塗防内絶園具水解,1,R060521,35,建設業（総合）,
47002046,知事,（有）名城組,名城 正秀,904-0416,国頭郡恩納村,字山田２３８４－１,098-964-3222,20000,法人,土建と石鋼舗し塗水,1,R051012,35,建設業（総合）,
47013432,知事,（株）ナシロ防水塗装,名城 和也,901-0301,糸満市,字阿波根５３３－４,098-995-9256,1000,法人,塗防,,R050405 R060327,8,塗装・防水,1
47012220,知事,（株）名渡山鉄工,嘉数 篤司,903-0103,中頭郡西原町,字小那覇５４１－１,098-946-7412,10000,法人,と管機,,R050204,12,電気・設備工事,1
47011573,知事,（株）七色,大城 進一,903-0124,中頭郡西原町,字呉屋６９－２,098-946-4508,5030,法人,土建大左と石屋電管タ鋼筋舗し板ガ塗防内絶具水消解,,R060728,12,建設業（総合）,1
47005517,知事,（株）七和,伊志嶺 匡,902-0067,那覇市,字安里３８１番地２,098-882-3070,30000,法人,土と舗水,1,R030528,35,建設業（総合）,1
47006891,知事,（有）七和タイル工業,友利 辰雄,901-2223,宜野湾市,大山２－３２－１１,098-897-7340,5000,法人,タ,,R040718,28,その他専門工事,1
47009786,知事,（有）浪速丸海事,平尾 京次,900-0002,那覇市,曙２－２３－２５,098-868-9385,20000,法人,土と石鋼舗し塗水,1,R021109,20,建設業（総合）,1
47006152,知事,那覇環境開発（有）,榮盛 弘一,901-0232,豊見城市,字伊良波５７２－２,098-850-4358,10000,法人,土建と石舗水,,R070116,28,建設業（総合）,1
47014316,知事,名波組,名波 大地,904-2306,うるま市,与那城安勢理６３,098-978-3881,,個人,大と,,R030430,5,その他専門工事,1
47015354,知事,華工業,知花 裕太,904-0324,中頭郡読谷村,字座喜味２７１３－１２０,090-9564-1788,,個人,内,,R070516,0,内装工事,1
47004328,知事,那覇鋼材（株）,上原 勉,901-0242,豊見城市,字高安５９３－１,098-850-7171,100000,法人,土と石鋼筋舗し水,,R070325,35,建設業（総合）,1
47012273,知事,ＮＡＨＡ興産（株）,羽地 政雄,901-2133,浦添市,城間４－１２－８－２Ｆ,098-876-3637,40000,法人,土と石鋼舗し水,,R050514,12,建設業（総合）,1
47007612,知事,（有）那覇造園土木,前原 朝義,903-0825,那覇市,首里山川町１－４４－１,098-850-1524,7500,法人,土と石舗し園水,,R030910,28,建設業（総合）,1
47013302,知事,那覇総合ガス（株）,座安 功,902-0078,那覇市,字識名１２４６－５,098-854-0385,10000,法人,管,,R040911,8,電気・設備工事,1
47013679,知事,那覇総合設備（株）,佐々木 隆雄,901-0361,糸満市,字糸満２１６７,098-988-4308,5500,法人,管,,R060522,8,電気・設備工事,1
47002928,知事,（株）那覇電工,比嘉 幸宏,900-0031,那覇市,若狭３－１５－１,098-868-8674,40000,法人,電通,1,R030527,35,電気・設備工事,1
47009236,知事,（有）那覇電設,仲里 秀夫,902-0077,那覇市,長田１－１－１ アクロス寄宮３０１,098-987-1610,3000,法人,通,,R040613,20,電気・設備工事,1
47014868,知事,（株）那覇土地住宅,又吉 江美子,900-0022,那覇市,樋川１－１１－１１－３０１,098-855-3389,17000,法人,土建と石鋼舗し水解,,R050421,0,建設業（総合）,1
47013799,知事,ナミト工業（株）,伊礼 南海男,904-0006,沖縄市,八重島２－１１５９－７,098-959-7049,5000,法人,と,,R061007,5,その他専門工事,1
47014404,知事,（株）慈興業,上原 由慈,904-2173,沖縄市,比屋根４－３１－１６,098-988-5670,5000,法人,土大と舗,,R030716,0,建設業（総合）,1
47013969,知事,（株）成,下地 成諮,901-2315,中頭郡北中城村,字荻道４９９,098-935-5740,3000,法人,筋,,R070515,5,その他専門工事,1
47012920,知事,（株）成輝,玉城 直規,902-0077,那覇市,長田２－２０－１,098-855-3611,11000,法人,建大屋電タ鋼内,,R051130,8,建設業（総合）,1
47014399,知事,（株）ナルド,城島 建,901-0303,糸満市,字兼城３８０,098-987-1986,5000,法人,電通,,R030716,5,電気・設備工事,1
47008321,知事,（有）成登建設,仲地 千亜莉,901-2221,宜野湾市,伊佐１－４－９,098-988-9350,30000,法人,土と石鋼舗塗水解,1,R030907 R040117,20,建設業（総合）,1
47011394,知事,（株）南栄開発,藤吉 真臣,904-2201,うるま市,字昆布１３９１－１,098-972-7010,5000,法人,土建大左と石屋タ鋼筋舗し板ガ塗防内絶具水解,,R050710,12,建設業（総合）,1
47008234,知事,（有）南営工業,中村 明香,904-2215,うるま市,みどり町２－２３－２６,098-973-3325,3000,法人,土建と石鋼舗内具水解,,R060721,20,建設業（総合）,1
47012087,知事,南栄工業（株）,長嶺 由浩,901-0401,島尻郡八重瀬町,東風平１１４５－９,098-894-6348,10000,法人,と,,R040509,12,その他専門工事,1
47014947,知事,（株）南解,鐘ヶ江 良太,901-2113,浦添市,大平１－３０－１０－１０１号,098-969-3765,500,法人,解,,R050721,0,その他専門工事,1
47006536,知事,（有）南開建設,安谷屋 京子,906-0007,宮古島市,平良字東仲宗根５５８－３,0980-73-1878,40000,法人,土建と石管鋼舗し塗園水解,1,R040531,28,建設業（総合）,
47013086,知事,南海塗装,川上 賢治,901-1104,島尻郡南風原町,字宮平６１８－２グランウェルネス２０１,090-9789-1123,,個人,塗,,R031027,8,塗装・防水,1
47006556,知事,（株）南海土木,平良 佳伸,907-0014,石垣市,新栄町７５－１０,0980-82-0679,30000,法人,土と石鋼舗し水解,1,R030410 R070526,28,建設業（総合）,
47010250,知事,（有）南海防災技研,我那覇 生幸,901-0152,那覇市,小禄１－２０－２３新垣アパート１階,098-858-5670,5000,法人,消,,R050128,15,電気・設備工事,1
47009071,知事,（株）南建,宮城 裕太,901-1112,島尻郡南風原町,字本部４３７－８,098-888-1462,25000,法人,土と石鋼舗し水,,R060920,20,建設業（総合）,1
47011401,知事,（株）南興,前田 尚哉,903-0804,那覇市,首里石嶺町２－２３９,098-884-2574,48000,法人,土と石鋼舗し水,,R050723,12,建設業（総合）,1
47001876,知事,南光開発（株）,玉城 功佳,902-0075,那覇市,字国場１１８５－６,098-855-7819,20000,法人,土と石電管舗通水消,1,R041017,35,建設業（総合）,1
47010623,知事,（株）南興総合サービス,吉田 英子,901-2227,宜野湾市,宇地泊２－５－２４－１階,098-897-6215,10000,法人,園,,R060227,15,その他専門工事,1
47004905,知事,（有）南光電気設備,座喜味 蔡光,904-2161,沖縄市,古謝２－１８－３１,098-937-2582,30000,法人,土と石電管鋼舗し通水消解,1,R030524,35,建設業（総合）,1
47006675,知事,（株）南山開発,浦崎 ひとみ,901-0152,那覇市,小禄１－１２－２９,098-850-2574,30000,法人,土建大左と石屋管タ鋼筋舗し塗防内園具水解,1,R070615,28,建設業（総合）,1
47006736,知事,（有）南山総合造園,儀間 信乃,901-0335,糸満市,字米須３５８、２階,080-1700-0664,6000,法人,土と石鋼舗し塗園水,,R031209 R040131,28,建設業（総合）,1
47012118,知事,（株）南城技術開発,仲本 智彦,902-0078,那覇市,識名１－４－１６,098-836-4847,30000,法人,土と石鋼舗し塗水,,R040705,12,建設業（総合）,1
47012057,知事,（有）南城設備,城間 大介,901-0617,南城市,玉城字愛地２３４－１・１階,098-949-7907,4000,法人,電,,R040216,12,電気・設備工事,1
47012404,知事,（株）南城土建,楚南 雅春,906-0005,宮古島市,平良字西原１１５４－４,0980-73-4584,5000,法人,土と石鋼舗し水,,R051216,12,建設業（総合）,
47010949,知事,（有）南城土木,永吉 盛友,901-1512,南城市,知念字吉富６４,098-944-6511,3000,法人,土建と石管鋼舗し水,,R021209,15,建設業（総合）,1
47011172,知事,（株）南伸空調,當眞 麻希,901-2101,浦添市,西原４－１０－１２,098-875-6899,8000,法人,土と石電管鋼舗し塗水解,,R040104,15,建設業（総合）,1
47006111,知事,（有）南進建設,谷村 増廣,901-1104,島尻郡南風原町,字宮平４３２－５,098-888-0210,5000,法人,土建大左と石屋タ鋼筋舗板ガ塗防内絶具水,,R041220,28,建設業（総合）,1
47014955,知事,（株）南心電気,村吉 政直,901-1206,南城市,大里字仲間１３８９－２,098-975-7678,20000,法人,土と石電鋼舗し水,,R050804,0,建設業（総合）,1
47009116,知事,（有）南錐,上原 守晃,907-0003,石垣市,字平得４６２－９,0980-87-8822,5000,法人,土と石舗し水,,R031114,20,建設業（総合）,
47001282,知事,（株）南星,神谷 テヨリ,901-2313,中頭郡北中城村,字熱田１８６８,098-935-3677,41620,法人,土建大と石管舗し塗内絶水清,1,R030831,35,建設業（総合）,1
47011920,知事,（株）南西,島袋 レイ子,904-0411,国頭郡恩納村,字恩納６１３０番地シーパレス恩納１０５号室,098-959-2042,5000,法人,土と,,R030331,12,建設業（総合）,
47013385,知事,（有）なんせい,幸地 浩慎,904-1113,うるま市,石川山城３７３,090-9788-7812,3000,法人,土と石,,R050104,8,建設業（総合）,1
47012986,知事,（株）南星エネルギー,石垣 信真,901-2211,宜野湾市,宜野湾１－１６－１３,098-975-5725,20000,法人,電管,1,R030609 R061113,8,電気・設備工事,1
47005323,知事,南西開発（株）,玉城 修,907-0022,石垣市,字大川１４２５－８,0980-83-2222,40000,法人,土建と石管鋼舗し園水解,1,R030526 R040307,35,建設業（総合）,
47013322,知事,（有）南成開発,棚原 良富,901-2101,浦添市,西原４－３２－２,098-917-0366,10000,法人,土と石鋼舗し水解,,R040927,8,建設業（総合）,1
47003099,知事,南西空調設備（株）,久高 将泰,900-0004,那覇市,銘苅１－１０－１２,098-864-1125,49000,法人,電管,1,R060331,35,電気・設備工事,1
47003923,知事,（株）南西建設,与那城 敏,906-0008,宮古島市,平良字荷川取３２０－２,0980-72-2958,94000,法人,土建大左と石屋タ鋼筋舗し板ガ塗防内絶具水解,1,R051129,35,建設業（総合）,
47004352,知事,（株）南成建設,仲西 正也,900-0027,那覇市,山下町３１－５ コーポ波平１０２,098-995-8010,48800,法人,土建大と石屋タ鋼舗し塗内水解,1,R041003,35,建設業（総合）,1
47012428,知事,南星建設（株）,瀬名波 美夏,907-0002,石垣市,字真栄里２０４－１７９,0980-88-6825,8000,法人,土と石鋼舗し水,,R060117,12,建設業（総合）,
47000004,知事,（株）南西工業,仲村 公雄,907-0002,石垣市,字真栄里２４５－７,0980-82-2716,20000,法人,土と電管舗水,1,R060708,35,建設業（総合）,
47015259,知事,（株）南星工業,上原 義生,904-2225,うるま市,字喜屋武１５３番地,090-6858-5430,3000,法人,大とタ鋼筋,,R061227,0,その他専門工事,1
47014845,知事,（株）南星実業,東川上 将弥,904-2142,沖縄市,登川２８２６－１,098-937-8599,50000,法人,土建と石鋼舗し水解,,R050317 R070514,0,建設業（総合）,1
47005634,知事,（有）南西重機,富平 猛,904-2234,うるま市,字州崎７－３８,098-929-3550,7000,法人,土と石鋼舗し水,,R030618,35,建設業（総合）,1
47004208,知事,（有）南西造園,宮良 晴世,907-0003,石垣市,平得１－１,0980-82-1716,10000,法人,園,,R020706,35,その他専門工事,
47005251,知事,南西通信建設,安仁屋 宗烈,901-2111,浦添市,字経塚２８７－５,098-879-0649,,個人,土と石鋼舗し通水解,,R030813,35,建設業（総合）,1
47014998,知事,（株）南星電気工事社,新本 乘義,902-0062,那覇市,松川２－７－１４,098-832-5287,3000,法人,電,,R051027,0,電気・設備工事,1
47000835,知事,南西電設（株）,親泊 政夫,900-0016,那覇市,前島２－１５－２７ Ａｓｓｅｔ前島１Ｆ,098-863-6038,30000,法人,電管機通消,1,R070411,35,電気・設備工事,1
47009157,知事,南西道路（株）,後上里 浩,907-0022,石垣市,字大川１３６７－１,0980-83-4441,48000,法人,土と石舗水解,,R040120,20,建設業（総合）,
47004249,知事,（有）南成土建,南風盛 美幸,907-0022,石垣市,字大川１３５０,0980-82-2758,42000,法人,土建と石鋼舗し塗水,1,R040729,35,建設業（総合）,
47014661,知事,南星塗装工業,新垣 純子,901-1115,島尻郡南風原町,字山川３４０,098-888-0046,,個人,塗,,R040617,0,塗装・防水,1
47004975,知事,（有）南成土木,長濱 洋子,906-0506,宮古島市,伊良部字長浜１３５２－１,0980-78-5674,30000,法人,土建大左と石屋電管タ鋼筋舗し板ガ塗防内絶園具水,1,R050222,35,建設業（総合）,
47014421,知事,（株）南西ＰＣ,新里 一郎,901-2404,中頭郡中城村,字添石６９－１,098-895-6609,90000,法人,建大左と石屋タ鋼筋板ガ塗防内絶具,1,R030730,0,建設業（総合）,1
47006857,知事,南石開発（株）,比嘉 浩,903-0103,中頭郡西原町,字小那覇１４９８,098-945-4800,30000,法人,土建大左と石屋電管タ鋼筋舗し板ガ塗防内機絶具水消,1,R040525,28,建設業（総合）,1
47013975,知事,（有）南電リース,照屋 正秀,901-0306,糸満市,西崎町５－６－２０,098-994-2607,5000,法人,電,,R070522,5,電気・設備工事,1
47014810,知事,（株）南東建設,照屋 寛,903-0104,中頭郡西原町,字兼久２７９－４５,080-8560-2288,2700,法人,土と石鋼舗し塗水,,R050113,0,建設業（総合）,1
47013202,知事,（株）南部圧送,城間 盛徹,901-0617,南城市,玉城字愛地６３５－４,098-917-4535,5000,法人,と,,R040516,8,その他専門工事,1
47009656,知事,（有）南武建設,大城 勇人,901-0243,豊見城市,字上田５３８－３,098-856-8956,35000,法人,土建と石鋼舗し塗水解,1,R060608,20,建設業（総合）,1
47004974,知事,南部電工（株）,石川 俊三,901-0306,糸満市,西崎町５－６－２０,098-994-2607,37500,法人,土と石電管鋼舗し通水消解,1,R030810,35,建設業（総合）,1
47008678,知事,南宝開発,伊敷 敏,901-0341,糸満市,字小波蔵３７３,098-852-4551,,個人,土と石管鋼舗し水,,R070323,20,建設業（総合）,1
47006004,知事,（有）南雄建設,根間 久雄,906-0103,宮古島市,城辺字福里６２４－１,0980-77-8766,22000,法人,土建と石管鋼舗し塗水解,1,R070905,28,建設業（総合）,
47014577,知事,南洋設備工業（株）,仲里 章吾,901-1412,南城市,佐敷字新里６５６,098-960-0106,3000,法人,管,,R040311,0,電気・設備工事,1
47011758,知事,南洋土建（株）,玉城 常二,902-0076,那覇市,与儀１－５－２,098-853-0661,30000,法人,土建大左と石屋タ鋼筋舗し板ガ塗防内絶具水解,1,R070607,12,建設業（総合）,1
47008552,知事,（有）新高土木,末好 健人,907-0024,石垣市,字新川１４３,0980-83-3435,3000,法人,土と石鋼舗し水,,R040806,20,建設業（総合）,
47005591,知事,新元畳店,新元 健時郎,901-2127,浦添市,屋富祖３－２６－６,098-877-3737,,個人,内,,R060712,35,内装工事,1
47014167,知事,（合）荷川取工業,荷川取 章次,906-0012,宮古島市,平良字西里１０３９,0980-73-7010,2000,法人,タ,,R021012,5,その他専門工事,
47010864,知事,（有）二幸建設,金城 幸助,902-0071,那覇市,繁多川４－１６－３２,098-854-7722,5000,法人,建内,,R020728,15,建設業（総合）,1
47012513,知事,（株）西城,西 正憲,901-0213,豊見城市,字高嶺３０７－１,098-840-2393,5000,法人,と,,R060602,12,その他専門工事,1
47015389,知事,（合）西企画,竹富 太一,903-0804,那覇市,首里石嶺町２－２３０－１,098-988-4225,1000,法人,土と石鋼舗し水,,R070704,0,建設業（総合）,1
47011024,知事,（有）西喜建設,喜屋武 勝則,903-0113,中頭郡西原町,字安室１１３－４,098-945-0017,5000,法人,土建大と石屋タ鋼舗し内水,,R030421,15,建設業（総合）,1
47014911,知事,（株）西建,仲西 涼,901-0618,南城市,玉城字船越１３４３－２,098-959-9728,5000,法人,土と石鋼舗し水,,R050616,0,建設業（総合）,1
47011105,知事,（有）西建設,西里 富憲,901-1103,島尻郡南風原町,字与那覇４７４,098-889-6021,5000,法人,建大と,,R030822,15,建設業（総合）,1
47013403,知事,（株）西建設,西 武彦,901-0514,島尻郡八重瀬町,字安里３２２－４０,098-996-4997,6500,法人,建,,R050215,8,建設業（総合）,1
47012840,知事,（株）西鋼業,西白保 真司,907-0001,石垣市,字大浜７８番地 １階,0980-87-0294,5000,法人,筋,,R021015,12,その他専門工事,
47004009,知事,（株）西崎興業,金城 和良,901-0305,糸満市,西崎１－１１－５,098-994-4828,37350,法人,土建と石電管鋼舗し塗水,1,R070521,35,建設業（総合）,1
47006830,知事,（有）西崎産業,山城 栄作,901-0306,糸満市,西崎町５－１４－３,098-992-4982,10000,法人,ガ具,,R040506,28,その他専門工事,1
47013219,知事,（有）西崎プレキャスト,徳里 斉,901-0362,糸満市,字真栄里９４,098-840-3443,3000,法人,土建と石鋼舗し塗水,,R040626,8,建設業（総合）,1
47012052,知事,（株）西崎防水工業,玉城 亮,901-0304,糸満市,西川町９－９,098-995-1246,10000,法人,土建大左と石屋タ鋼筋舗板ガ塗防内絶具水,,R040215,12,建設業（総合）,1
47006259,知事,（有）西崎緑地開発,上原 和正,901-0325,糸満市,字大里６４６－３,098-994-9475,40000,法人,土と石鋼舗し園水,1,R061203,28,建設業（総合）,1
47007898,知事,（有）西里建設,西里 美智子,906-0105,宮古島市,城辺字長間１４２６－３,0980-77-2765,20000,法人,土建と石鋼舗し水解,1,R020809,28,建設業（総合）,
47011831,知事,西里工務店,西里 恵良,907-0023,石垣市,字石垣４４１－１,0980-82-5358,,個人,建,,R070910,12,建設業（総合）,
47000015,知事,（有）西里設備工業,西里 修,904-2162,沖縄市,海邦１－８－３５,098-937-1777,20000,法人,土と石電管舗水,,R040215,35,建設業（総合）,1
47014865,知事,（株）西澤,西澤 弘基,904-2143,沖縄市,知花１－１９－９－１０２,090-7855-8892,8000,法人,筋,,R050421,0,その他専門工事,1
47009215,知事,（株）ニシダ工業,西田 伯夫,902-0068,那覇市,真嘉比３－６－３,098-884-1710,28500,法人,土建大左と石屋タ鋼筋舗し板ガ塗防内絶具水解,1,R071014,20,建設業（総合）,1
47011582,知事,西當左官工業,西當 正貴,901-2312,中頭郡北中城村,字和仁屋３６２－２,098-935-5031,,個人,左,,R060812,12,その他専門工事,1
47013498,知事,（株）西仲,前泊 敦,906-0006,宮古島市,平良字西仲宗根１５６４－１,0980-79-9455,20000,法人,土建大左と石屋管タ鋼筋舗し板ガ塗防内絶具水,1,R050628 R070725,8,建設業（総合）,
47011179,知事,西日本高速道路総合サービス沖縄（株）,中村 順,901-2134,浦添市,字港川５１２－５５－３階,098-874-2877,60000,法人,土建大と石屋電管タ鋼筋舗し板ガ塗防内園具水消,1,R040219,15,建設業（総合）,1
47011215,知事,（株）西原環境おきなわ,友野 貴康,900-0004,那覇市,銘苅２－５－２８,098-862-8522,60000,法人,土建電管タ機水清解,1,R040427,15,建設業（総合）,1
47013824,知事,（株）西原環境開発,瑞慶山 学,904-2143,沖縄市,知花３－１４２０－１,098-965-6226,21000,法人,土建と石鋼舗し水解,,R061115,5,建設業（総合）,1
47006138,知事,（株）西原建創,新川 恭史,903-0103,中頭郡西原町,字小那覇１２４６,098-946-3269,10000,法人,土建大左と石屋管タ鋼舗板ガ塗防内絶具水,,R041218,28,建設業（総合）,1
47015385,知事,西原工業,楚南 聡,906-0005,宮古島市,平良字西原３８５－１,090-8292-6221,,個人,土と石鋼舗し水,,R070704,0,建設業（総合）,
47014301,知事,（株）西原コーポレーション,西原 和政,900-0015,那覇市,久茂地２－１７－１２ ２０２号,098-988-3180,8000,法人,土と石管鋼舗し水,,R030409,5,建設業（総合）,1
47004712,知事,（有）西原タイル商会,西原 秀典,904-2245,うるま市,字赤道３３１－１,098-973-6143,10000,法人,タ,,R030910,35,その他専門工事,1
47003903,知事,（有）西原農園,下地 浩之,903-0804,那覇市,首里石嶺町４－１３５－１,098-886-3071,32000,法人,土と石鋼舗園水,1,R031002,35,建設業（総合）,1
47013830,知事,西平組,西平 清一,901-2125,浦添市,仲西１－６－８,098-876-8113,,個人,建大左と石屋タ鋼筋板ガ塗防内絶具解,,R061122,5,建設業（総合）,1
47014220,知事,ニシヒロペイント（合）,西里 博樹,907-0023,石垣市,字石垣２１０３－１,0980-87-5190,2000,法人,塗防,,R021211,5,塗装・防水,
47015290,知事,西ペイント工業,西原 広憲,904-1106,うるま市,石川３４０９－６３,098-964-3145,,個人,塗,,R070207,0,塗装・防水,1
47009825,知事,西銘左官業,西銘 生謙,904-2302,うるま市,与那城西原６４５－１,098-978-3636,,個人,左,,R070327,20,その他専門工事,1
47012162,知事,西銘ポンプ,西銘 清光,904-2162,沖縄市,海邦１－６－２１,098-937-7994,,個人,と,,R040926,12,その他専門工事,1
47006951,知事,日栄建設,友利 榮市,906-0013,宮古島市,平良字下里１３５４－８,0980-73-0483,,個人,土と石舗水,,R040916,28,建設業（総合）,
47005819,知事,（有）日栄電設興業,田幸 正興,907-0004,石垣市,字登野城６０８,0980-82-6225,40000,法人,土と電管舗水,,R031210,35,建設業（総合）,
47006161,知事,（有）日建技沖縄,北村 秀樹,901-0619,南城市,玉城字屋嘉部２３９番地,098-975-9015,30000,法人,土と石鋼舗し水,,R070817,28,建設業（総合）,1
47012327,知事,（株）日大建築,宮國 大佑,900-0003,那覇市,安謝２－２－２ ＮＫ．２２２・３Ｆ,098-917-6285,20000,法人,建大左と石屋タ鋼筋板ガ塗防内絶具,1,R050921,12,建設業（総合）,1
47012293,知事,（株）日動水道,古堅 和則,901-1116,島尻郡南風原町,字照屋３０５－１,098-987-4311,8000,法人,管,,R050604,12,電気・設備工事,1
47009542,知事,（有）ニチナン,金城 一樹,904-2244,うるま市,字江洲２１５２－１１,098-974-8980,3000,法人,塗,,R070309,20,塗装・防水,1
47010356,知事,（株）ニチベイ沖縄,酒部 成雄,903-0103,中頭郡西原町,字小那覇１２７４,098-946-1476,30000,法人,内,,R040827,15,内装工事,1
47008550,知事,（有）日琉通信,大城 毅,903-0117,中頭郡西原町,字翁長６８３－１,098-943-2788,7500,法人,通,,R040811,20,電気・設備工事,1
47014173,知事,ＮＩＣＳ（株）,宮城 克博,900-0024,那覇市,古波蔵２－２１－１,090-7586-0315,5000,法人,土と石鋼舗し塗内水,,R070807,5,建設業（総合）,1
47009808,知事,日建（株）,川満 和彦,906-0012,宮古島市,平良字西里７６５－９,0980-72-3435,5000,法人,土と石電管鋼舗し水,,R070307,20,建設業（総合）,
47000972,知事,（株）日建興業,後上里 悟,907-0024,石垣市,字新川２４６０－１６,0980-82-9562,30000,法人,土と石電管舗水,1,R061124,35,建設業（総合）,
47015146,知事,ニッケンリノベーション（株）,新田 賢二,901-2224,宜野湾市,真志喜１－１１－１２,098-988-3375,1000,法人,塗,,R060614,0,塗装・防水,1
47003768,知事,（株）日光建設,大城 文男,902-0077,那覇市,長田１丁目４－８、３０２号,098-833-6255,30000,法人,土建大と石屋タ鋼舗し塗内水解,1,R070719,35,建設業（総合）,1
47010222,知事,（有）日幸建設,金城 直哉,904-0102,中頭郡北谷町,伊平１－３－１３ １０１,098-926-2520,20000,法人,土建と石鋼舗し塗水解,1,R041021,15,建設業（総合）,1
47003899,知事,（有）日光建創,長田 幸三,901-0224,豊見城市,字与根３２８番地の４,098-850-1255,10000,法人,建大屋タガ内具,,R030714,35,建設業（総合）,1
47013085,知事,（株）日光工業,浦崎 晃,904-1304,国頭郡宜野座村,字漢那１６４２－１,098-968-6039,5000,法人,土と石管鋼舗水,,R060310,8,建設業（総合）,
47011524,知事,（有）日興産業,上原 俊男,901-0147,那覇市,宮城１－１４－５,098-858-2589,3000,法人,土と電管水,,R060525,12,建設業（総合）,1
47013499,知事,（株）日興土質,松田 長祐,903-0811,那覇市,首里赤平町１－４９,098-884-2009,5000,法人,井,,R050628,8,その他専門工事,1
47000877,知事,ニッコー（株）,宮里 直樹,901-2131,浦添市,牧港５－１８－３,098-875-1900,5000,法人,管,,R030602,35,電気・設備工事,1
47010720,知事,（有）日昇エンジニアサービス,新垣 良勝,901-2122,浦添市,勢理客４－９－１７,098-879-1035,10000,法人,電機,,R060825,15,電気・設備工事,1
47014035,知事,（有）日章技研,金城 盛康,901-0223,豊見城市,字翁長７２２－１,098-856-0382,7000,法人,土と石鋼舗し塗水,,R070703,5,建設業（総合）,1
47013526,知事,（株）日章工業,田場 虎,901-2126,浦添市,宮城１－３５－９,098-917-1848,3000,法人,土建大と石屋タ鋼舗し塗内水解,,R040712,8,建設業（総合）,1
47005510,知事,（有）日翔住建,玉那覇 博,903-0806,那覇市,首里汀良町３－６０－２,098-887-5591,10000,法人,建大屋タ内,,R030110,35,建設業（総合）,1
47000516,知事,日章電気工事（株）,神里 光正,901-1117,島尻郡南風原町,字津嘉山１８２１－４（１０３）,098-889-1463,30000,法人,電,,R030301,35,電気・設備工事,1
47007625,知事,（有）日昇土建,岸本 善勇,901-2121,浦添市,内間４－６－８,098-875-3181,10000,法人,土と石舗水解,,R030925,28,建設業（総合）,1
47011555,知事,（株）ニッシンあっとリフォーム,前當 保,902-0073,那覇市,字上間１９７－２,098-836-0345,10000,法人,大左石屋タ板ガ塗防内絶具,,R060703,12,塗装・防水,1
47007278,知事,（株）日新開発,田村 祐二,901-2203,宜野湾市,野嵩１－５０－２,098-893-6212,45000,法人,土建と石電鋼舗し塗園水解,1,R070718,28,建設業（総合）,1
47009655,知事,日信工業（株）,伊野波 盛文,901-0242,豊見城市,字高安７０２－２０,098-852-2022,20000,法人,土と石管鋼舗し塗機水消,1,R050202,20,建設業（総合）,1
47006845,知事,（有）日進設備工業,儀間 敏也,901-1303,島尻郡与那原町,字与那原２７２８,098-945-9157,5000,法人,土建大と石屋管タ鋼舗内水,,R040526,28,建設業（総合）,1
47009949,知事,（株）日新電器産業,石川 清一郎,901-2113,浦添市,大平１－２０－１,098-878-1677,98000,法人,電管機消,1,R070629,20,電気・設備工事,1
47011974,知事,（株）日新電機システム,上間 明夫,904-2241,うるま市,字兼箇段６６２－４,098-995-6118,51300,法人,電,,R030728,12,電気・設備工事,1
47000434,知事,日進電気土木（株）,川満 建助,900-0002,那覇市,曙１－６－１５,098-863-2784,40000,法人,土と石電管舗通水消,1,R030114,35,建設業（総合）,1
47014493,知事,日成塗装,金城 健一,901-2121,浦添市,内間３－２３－２１,098-876-2800,,個人,塗防,,R031022,0,塗装・防水,1
47014462,知事,（株）新田工業,新田 秀二,903-0123,中頭郡西原町,字津花波４３９－２８,098-946-3422,1000,法人,と,,R030917,0,その他専門工事,1
47015292,知事,（有）ニットー産業,宮城 秀孝,904-2244,うるま市,字江洲４６８－２ グレイシスメゾン江洲２０５号,098-987-0316,5000,法人,内,,R070127,0,内装工事,1
47002334,知事,（株）日本建産,伊波 均,901-2221,宜野湾市,伊佐４－１０－１４,098-897-4445,20000,法人,建大左石屋タ鋼板ガ塗防内絶具,,R031222,35,建設業（総合）,1
47014283,知事,日本総合整美（株）,古川 祐起,901-0225,豊見城市,字豊崎３－２６,098-840-2777,50000,法人,土と石電管鋼舗し塗水消解,1,R030324,5,建設業（総合）,1
47002221,知事,（株）日本電設,下地 晶,901-2226,宜野湾市,嘉数２－１０－１４,098-897-4444,25000,法人,電管通,1,R070309,35,電気・設備工事,1
47015145,知事,（有）日本防災技研,村本 章,907-0002,石垣市,字真栄里４４８－５ サザンリッチまえざと１０６,0980-87-6133,4000,法人,消,,R060628,0,電気・設備工事,
47006092,知事,（株）ニューテック,新垣 暉文,904-1101,うるま市,石川東山本町２－１－２２,098-965-3119,8000,法人,土建大左と石屋タ鋼舗し板ガ塗防内絶具水解,,R030414,28,建設業（総合）,1
47011470,知事,（株）にらい,大城 達也,904-2161,沖縄市,古謝２－１０－３ １－Ｃ,098-939-4456,3000,法人,電管,,R051226,12,電気・設備工事,1
47015409,知事,（株）ニライエンタープライズ,国仲 高志,902-0063,那覇市,三原２－３７－１４ シャトレ８１（１Ｆ）,098-995-6172,8000,法人,土と石鋼舗し水,,R070801,0,建設業（総合）,1
47010434,知事,ニライ海事建設（株）,並木 建仁,900-0001,那覇市,港町２－１－６小波津マンション６０１,098-860-7240,4000,法人,土と舗,,R050122,15,建設業（総合）,1
47013242,知事,（株）新来開発,兼次 高志,904-2171,沖縄市,高原１－１１－１６,098-931-9224,5000,法人,と塗防,,R050307,8,塗装・防水,1
47012635,知事,（株）ニライカナイ建設,宮平 保幸,901-0146,那覇市,具志２－２２－１３,098-857-6301,40000,法人,土建大左と石屋タ鋼筋舗し板ガ塗防内絶具水解,1,R060730,12,建設業（総合）,1
47004913,知事,（有）二和総合防災,照屋 寛文,904-2141,沖縄市,池原１－１６－１３,098-938-9030,3500,法人,電通消,,R030518 R060527,35,電気・設備工事,1
47014669,知事,ぬりかえ防水サービス,金城 太志郎,903-0804,那覇市,首里石嶺町１－５９,090-1944-3409,,個人,塗,,R040701,0,塗装・防水,1
47011307,知事,（株）ネオ・システムエンジニアリング,比嘉 勝二,901-2201,宜野湾市,新城１－１－１０－１０１,098-892-8778,10000,法人,土と石電鋼舗通水,,R041220,12,建設業（総合）,1
47008060,知事,（株）ネオテック,田口 賢一,900-0002,那覇市,曙２－２５－１０,098-867-7633,10000,法人,機,,R070616,20,電気・設備工事,1
47009468,知事,（株）ネオプランニング,樋之口 和真,900-0006,那覇市,おもろまち３－７－１０,098-863-9254,5000,法人,土建と石鋼舗し水,,R070715,20,建設業（総合）,1
47013536,知事,（株）根川組,根川 直樹,903-0101,中頭郡西原町,字掛保久４０－５,098-927-8960,5000,法人,と,,R050816,8,その他専門工事,1
47014200,知事,（株）ネクステムズ,比嘉 直人,901-2102,浦添市,前田４－５－３,098-943-8658,98000,法人,電,,R021120,5,電気・設備工事,1
47014793,知事,（株）Ｎｅｘｔサービス,大城 朝昭,902-0075,那覇市,字国場３５６,098-963-9428,3000,法人,管,,R041209,0,電気・設備工事,1
47015357,知事,（株）ＮｅｘｔＨｏｍｅ,宮城 純治,901-2131,浦添市,牧港２－３６－３ カナヴィアル・Ｍ＊ １０１号,098-943-8993,5000,法人,建大左と石屋タ鋼筋板ガ塗防内絶具,,R070522,0,建設業（総合）,1
47009936,知事,（有）ネスト,秋吉 勝留,904-0102,中頭郡北谷町,字伊平４１１－２,098-926-0101,3000,法人,建大左と石屋タ鋼筋板ガ塗防内絶具解,,R030222,20,建設業（総合）,1
47011491,知事,（有）ネットグスク,金城 直樹,903-0103,中頭郡西原町,字小那覇５１０－１,098-944-0788,3000,法人,通,,R060219,12,電気・設備工事,1
47015387,知事,根本左官,根本 晋哉,907-0004,石垣市,字登野城３７９ ２Ｆ,090-7452-0508,,個人,左,,R070704,0,その他専門工事,
47013500,知事,農業生産法人うるま農園（株）,國吉 真佐徳,904-0416,国頭郡恩納村,字山田１４３７,098-965-0760,5000,法人,電,,R050628,8,電気・設備工事,
47000629,知事,（有）のうけん,大嶺 通邦,905-1416,国頭郡国頭村,字鏡地２９２－１,0980-41-2150,25000,法人,土建と石舗し水解,1,R061118,35,建設業（総合）,
47004184,知事,（有）農産商事,當間 優,904-2235,うるま市,前原３９７,098-974-5000,8000,法人,土建と石電管鋼舗し水,,R070618,35,建設業（総合）,1
47012453,知事,（株）ＮＯ－ＳＣＡＬＥ,長堂 邦彦,902-0075,那覇市,字国場１１６４－８－１０５,098-833-7807,5000,法人,建大左石屋タ板ガ塗防内絶具,,R060303,12,建設業（総合）,1
47002712,知事,（有）野崎建設,野崎 徳子,906-0015,宮古島市,平良字久貝１０５０－１３,0980-72-0119,5000,法人,土と石鋼舗し水,,R041113,35,建設業（総合）,
47001141,知事,（株）野里組,野里 行英,902-0066,那覇市,字大道７８－２２,098-885-4048,30000,法人,土建大と石屋タ鋼舗塗内水解,1,R030822,35,建設業（総合）,1
47014623,知事,（株）野里左官興業,野里 清,901-0405,島尻郡八重瀬町,字伊覇１２２－１,098-927-2971,3000,法人,左,,R040502,0,その他専門工事,1
47015080,知事,望夢工房（株）,森田 睦男,901-0402,島尻郡八重瀬町,字富盛６０９,090-8760-7548,1000,法人,鋼,,R060301,0,その他専門工事,1
47000727,知事,（有）野渡建設,野原 茂雄,902-0072,那覇市,真地４２１－８－１階,098-851-3369,33000,法人,土と石鋼舗し塗水解,1,R040331,35,建設業（総合）,1
47000908,知事,（株）饒波工務店,饒波 高廣,904-0035,沖縄市,南桃原２－２５－１０,098-933-2747,20000,法人,土と石管舗水,1,R030406,35,建設業（総合）,1
47012626,知事,ノバ・コンストラクターズ（合）,林 貴子,904-0102,中頭郡北谷町,伊平２－１－７ パークサイド伊平１－１０１,098-926-0351,280000,法人,土建大左と石屋タ鋼筋舗し板ガ塗防内絶具水,1,R061212,12,建設業（総合）,1
47001742,知事,（株）野原建設,上地 修,902-0077,那覇市,長田２－１０－３２,098-853-2943,49000,法人,土建大左と石屋管タ鋼筋舗し板ガ塗防内絶具水解,1,R030207,35,建設業（総合）,1
47012522,知事,（株）野原産業,野原 俊弘,904-0023,沖縄市,久保田２－２９－５,098-932-7434,5000,法人,ガ具,,R060617,12,その他専門工事,1
47012058,知事,野原電気空調,野原 光夫,900-0002,那覇市,曙１－１０－２９,098-917-4884,,個人,電管,,R040216,12,電気・設備工事,1
47011429,知事,野原電工,野原 博之,904-1102,うるま市,石川東山２－１９－２,098-965-5754,,個人,電,,R051002,12,電気・設備工事,1
47015092,知事,（株）ＮＯＨＡＲＡ板金,野原 悟,901-2203,宜野湾市,野嵩２－３３－９－１０２号,098-988-0296,1000,法人,屋板,,R060322,0,その他専門工事,1
47010159,知事,のぼる建設,砂川 昇三,902-0077,那覇市,長田２－７－４,098-832-1003,,個人,土建大と石舗し水,,R030810,15,建設業（総合）,1
47004008,知事,（株）野村建設,野村 進栄,901-0152,那覇市,字小禄６５６－５,098-857-2817,30000,法人,土建と石鋼舗し塗水解,1,R041211,35,建設業（総合）,1
47015442,知事,野村工業,野村 稔,901-0606,南城市,玉城字糸数５５０－１,090-8294-9304,,個人,具,,R070905,0,その他専門工事,1
47014976,知事,（合）のり土木,島袋 凌,905-0023,名護市,字数久田１１,080-6498-8372,5000,法人,土と石鋼舗し水,,R050915,0,建設業（総合）,
47015181,知事,徳友内装,儀間 徳友,901-2121,浦添市,内間１－１－１４ ベアーズコート内間９０２,098-879-7980,,個人,内,,R060823,0,内装工事,1
47012213,知事,（株）ノリマサ,金城 佳範,904-2172,沖縄市,泡瀬３－３７－５,098-938-0466,8000,法人,電,,R050110,12,電気・設備工事,1
47001119,知事,（株）ノリマサ商会,渡慶次 憲夫,901-2133,浦添市,城間４－１－１２,098-877-8725,4750,法人,内,,R040813,35,内装工事,1
47011901,知事,（有）バージョン,當間 哲雄,901-2113,浦添市,大平３－１４－６,098-878-5539,5000,法人,通,,R030222,12,電気・設備工事,1
47012448,知事,（株）パーフェクトＭ,内間 安邦,902-0065,那覇市,壺屋２－２６－１１号２－Ａ,098-996-3869,10000,法人,建大左と石屋タ鋼筋板ガ塗防内絶具解,,R060219,12,建設業（総合）,1
47006069,知事,（株）パイオニア,＊里 礼己,906-0015,宮古島市,平良字久貝８１９－１１,0980-72-1526,39950,法人,土と石電管舗通水消,1,R070308,28,建設業（総合）,
47001842,知事,パイオニア電設（株）,新里 和也,901-2607,浦添市,伊祖４－２１－２,098-877-0101,40000,法人,電通,1,R060811,35,電気・設備工事,1
47015233,知事,（合）ハイゲ,小濱 康太,905-0216,国頭郡本部町,字浜元５２７,090-1692-5850,1000,法人,建大屋タ内,,R061106,0,建設業（総合）,
47009185,知事,（株）ハイテックシステム,宮城 恒子,901-2131,浦添市,牧港２－４８－１５,098-877-8199,11000,法人,電通消,,R040204 R041102,20,電気・設備工事,1
47014521,知事,（株）パイルラボ,町田 宗史,904-2172,沖縄市,泡瀬４－１－２６ アワセテラス１Ｆ,090-1944-3680,5000,法人,土と石鋼舗し水,,R031126,0,建設業（総合）,1
47010020,知事,（株）バイロン沖縄,宮城 武斉,901-1104,島尻郡南風原町,字宮平６５５－１,098-840-7878,10000,法人,土建と石管鋼舗水,,R030129,15,建設業（総合）,1
47013405,知事,（株）はうすオキナワ,比嘉 良享,900-0032,那覇市,松山１－１８－１３ １Ｆ,098-975-5457,5000,法人,建,,R050209,8,建設業（総合）,1
47015000,知事,ハウス産業（株）,照屋 直子,904-2244,うるま市,字江洲５９８－２０,098-975-1212,12000,法人,電,,R051027,0,電気・設備工事,1
47009327,知事,（有）ハウスツーワン,外間 次男,901-0232,豊見城市,字伊良波２０１－６,098-996-1681,3000,法人,建大屋タ鋼内,,R041028,20,建設業（総合）,1
47014383,知事,ハウストキ（合）,中村 東浩,904-2174,沖縄市,与儀３－２１－２２,090-9782-5868,3000,法人,大,,R030709,5,その他専門工事,1
47007501,知事,（有）バゥ・ハウス工芸社,比嘉 賀功,901-0156,那覇市,田原２－４－３,098-859-5252,5000,法人,内,,R030406,28,内装工事,1
47014575,知事,南風空調設備,島袋 尚,901-0314,糸満市,座波５４５－３,098-851-3272,,個人,管,,R040304,0,電気・設備工事,1
47007395,知事,南風原アルミ工業,大城 健治,901-1115,島尻郡南風原町,字山川３４０－２,098-889-1451,,個人,ガ具,,R030126,28,その他専門工事,1
47012086,知事,（有）南風原組,南風原 誠,901-2113,浦添市,大平３－１１－３,098-875-1383,5000,法人,と,,R040507,12,その他専門工事,1
47007553,知事,（有）南風原工務店,玉寄 勝也,902-0075,那覇市,字国場１１６９－６ピュアセブンズ１０２,098-832-5713,20000,法人,土建大と石屋タ鋼舗し塗内水解,1,R050926,28,建設業（総合）,1
47005822,知事,（有）博愛建設,野原 里美,906-0203,宮古島市,上野字宮国１８０６－２,0980-76-6691,20000,法人,土建と石鋼舗し塗水解,,R061101,35,建設業（総合）,
47008053,知事,（株）白水堂,島袋 清吾,901-0306,糸満市,西崎町５－６－１０,098-987-0880,40000,法人,内,,R070410,20,内装工事,1
47012822,知事,博宝工業（合）,与座 博昭,906-0201,宮古島市,上野字野原１１８９－５７,0980-76-4678,5000,法人,土と石鋼舗し水,,R070903,12,建設業（総合）,
47009661,知事,（株）間土建,崎原 多順,900-0024,那覇市,古波蔵２－１－６－１０１ライオンズマンション古波蔵,098-833-9090,15000,法人,土と石鋼舗し水,,R060614,20,建設業（総合）,1
47014363,知事,（株）橋電設,橋口 郁夫,901-2223,宜野湾市,大山４－１－１６,098-943-5444,1000,法人,電,,R030618,5,電気・設備工事,1
47011169,知事,羽柴工業（株）,岸本 将,905-0006,名護市,字宇茂佐１７０３－７４,0980-52-6421,20000,法人,土建大と石屋タ鋼筋舗し板塗内機水解,1,R031108,15,建設業（総合）,
47014218,知事,羽柴創建（株）,羽柴 大輔,900-0021,那覇市,泉崎２－４－１８ココハウス泉崎２０２,080-9488-2301,,法人,建大屋タ内,,R021211,5,建設業（総合）,1
47014278,知事,（合）一建装,新城 一,901-0152,那覇市,字小禄１４７６－１,098-851-3972,500,法人,塗防,,R030305,5,塗装・防水,1
47013213,知事,（株）一興業,伊吉 一,901-0204,豊見城市,字金良２６７－１,098-851-9440,5000,法人,大とタ鋼筋解,,R040605,8,その他専門工事,1
47015418,知事,肇工業,山城 肇,904-1107,うるま市,石川曙１－５－６８,098-965-4828,,個人,具,,R070808,0,その他専門工事,1
47014043,知事,（株）長谷工コミュニティ沖縄,唐真 武史,900-0015,那覇市,久茂地３－１５－９,098-860-2401,50000,法人,建大左と屋タ鋼塗防内具,,R070710,5,建設業（総合）,1
47013756,知事,ＨＡＤＡＮＡ,葉棚 達也,901-2205,宜野湾市,赤道１－４－８,080-5339-7014,,個人,園,,R060821,5,その他専門工事,1
47014411,知事,波田間組,波田間 和弘,904-2241,うるま市,字兼箇段１１０７－３３,098-960-4723,,個人,と,,R030726,0,その他専門工事,1
47004303,知事,（有）はたらき,山城 薫,901-0152,那覇市,小禄１－２７－１７ ソシアＡ１０１号室,098-996-5656,50000,法人,土建大左と石屋タ鋼筋舗し板ガ塗防内絶具水解,1,R070910,35,建設業（総合）,1
47002827,知事,八建実業（株）,山城 忠雄,907-0003,石垣市,字平得３５３－６,0980-82-7103,30000,法人,土建大左と石屋電管タ鋼筋舗し板ガ塗防内絶具水解,1,R060825,35,建設業（総合）,
47002909,知事,（株）八電工,嵩原 督,907-0004,石垣市,字登野城１００４,0980-82-2825,36600,法人,土建と石電管舗園水,1,R030425,35,建設業（総合）,
47006605,知事,（有）八幡瓦工場,八幡 昇,901-1302,島尻郡与那原町,字上与那原２９１－１,098-945-2301,5000,法人,屋タ,,R030615,28,その他専門工事,1
47014505,知事,（株）八幡電設,八幡 淳,902-0064,那覇市,寄宮１－１０－２９,098-836-9306,5000,法人,電,,R031105,0,電気・設備工事,1
47013309,知事,（株）鉢嶺工務店,鉢嶺 純也,905-0019,名護市,大北４－１６－６フレアガーデン２０１号,0980-43-6842,3000,法人,建大,,R040714,8,建設業（総合）,
47005683,知事,鉢嶺総合仮設（株）,名嘉真 知秀,901-0403,島尻郡八重瀬町,字世名城１５６２－２,098-998-1260,60000,法人,土建大と石屋タ舗塗内水,,R030814,35,建設業（総合）,1
47010841,知事,八谷工業,八谷 晋一,900-0003,那覇市,安謝１－１３－７,098-863-0324,,個人,機,,R070629,15,電気・設備工事,1
47011045,知事,八矢興業,石垣 満,907-0013,石垣市,浜崎町２－３－３２,0980-83-5722,,個人,土と石鋼舗し水,,R030601,15,建設業（総合）,
47011168,知事,初雄組,知念 初雄,901-1204,南城市,大里字稲嶺６８６,098-946-8567,,個人,土建と石鋼舗し水,,R031226,15,建設業（総合）,1
47010381,知事,（有）八正建設,上原 徳史,901-0153,那覇市,宇栄原３－１１－２３,098-857-0710,3000,法人,建大左と石屋タ鋼筋板ガ塗防内絶具解,,R041010,15,建設業（総合）,1
47015197,知事,はつり業協新組,宮城 翼,904-2141,沖縄市,池原２８４７－１,098-939-3091,,個人,土と石鋼舗し水解,,R060830,0,建設業（総合）,1
47013383,知事,はつり業大興組,宮城 新明,904-2151,沖縄市,松本４－１６－３０,098-938-2204,,個人,と,,R041228,8,その他専門工事,1
47015245,知事,（合）バディペイント,真栄平 充史,901-0401,島尻郡八重瀬町,字東風平８０６－２,098-987-9611,5000,法人,塗,,R061129,0,塗装・防水,1
47013851,知事,（株）ＨＡＴＯＭＡ,入鳩間 勉,901-2211,宜野湾市,宜野湾２－１０－３－２０３,098-894-9282,3000,法人,塗,,R061213,5,塗装・防水,1
47014184,知事,ＨＡＮＡＧＵＳＨＩＫＵ（株）,花城 竜二,905-0019,名護市,大北３－１９－２２,090-8864-1671,5000,法人,土と石鋼舗し塗水,,R021113,5,建設業（総合）,
47013779,知事,花興業,知花 栄,901-2226,宜野湾市,嘉数１－７－５,098-959-9576,,個人,建と解,,R060917,5,建設業（総合）,1
47013964,知事,（株）花城空調設備,花城 肇,901-2131,浦添市,牧港１－２－７,098-878-6105,5000,法人,管,,R070508,5,電気・設備工事,1
47005477,知事,（有）花城組,小渡 浩江,904-1304,国頭郡宜野座村,字漢那２０７１,098-968-5105,40000,法人,土建大左と石屋電管タ鋼筋舗し板ガ塗防内園具水解,1,R071105,35,建設業（総合）,
47013931,知事,（株）花城工業,花城 賢,904-2225,うるま市,字喜屋武４３１－６,098-974-6965,3000,法人,と解,,R070327,5,その他専門工事,1
47011324,知事,（株）花城工務店,花城 優,904-0012,沖縄市,安慶田３－９－１９,098-937-5788,10000,法人,土と石管鋼舗し水,,R050110,12,建設業（総合）,1
47006594,知事,（有）花城通信,花城 清友,903-0124,中頭郡西原町,字呉屋１０２－１,098-946-6312,6000,法人,通,,R030823,28,電気・設備工事,1
47015168,知事,（株）花城内装,花城 卓巳,901-2226,宜野湾市,嘉数２－１－２４ コーポ１２４－１０１号,098-927-8127,1000,法人,内,,R060719,0,内装工事,1
47008162,知事,華石材工業,宮城 光博,901-2401,中頭郡中城村,字久場１９４０,098-895-3486,,個人,土と石鋼舗し水,,R021014,20,建設業（総合）,1
47012381,知事,パナソニックコンシューマーマーケティング沖縄（株）,又吉 康多郎,901-2601,浦添市,城間４－２３－１１,098-877-1201,68300,法人,電管,,R051107,12,電気・設備工事,1
47013047,知事,Ｂａｎａｎａ ｃｏｎｃｅｐｔ（株）,仲宗根 巖,904-0022,沖縄市,園田２－１９－１６ ２階,098-933-7369,7000,法人,電,,R030824,8,電気・設備工事,1
47014744,知事,（合）花丸電気興業,謝花 良仁,904-1105,うるま市,石川白浜１－１－１ 石川店舗２０３,090-9784-8372,3000,法人,電,,R041007,0,電気・設備工事,1
47007451,知事,（有）花道建設,花城 浩,901-0606,南城市,玉城字糸数９３,098-948-1095,10000,法人,土と石舗水解,,R070926,28,建設業（総合）,1
47009992,知事,（有）パナリ産業,金城 清次,907-1434,八重山郡竹富町,字南風見２０１番地１２３,0980-85-5522,5000,法人,土と石舗水,,R021220,20,建設業（総合）,
47001345,知事,（株）羽地建設,羽地 美由紀,906-0013,宮古島市,平良字下里１５４９－１３,0980-73-6746,20000,法人,土建と石舗水,1,R041115,35,建設業（総合）,
47013574,知事,浜興（株）,濱里 亮,904-0311,中頭郡読谷村,字比謝４３６－２－１０,098-959-1530,1000,法人,土と石管鋼舗し塗水,,R051109 R060729,8,建設業（総合）,1
47012533,知事,濱里組,濱里 和幹,904-0311,中頭郡読谷村,字比謝４３６－２－８,098-956-4848,,個人,土と石鋼舗し水,,R060702,12,建設業（総合）,1
47011699,知事,（株）浜里不動産,浜里 文章,901-2214,宜野湾市,我如古２－１１－１,098-897-6451,10000,法人,土建大内,,R070303,12,建設業（総合）,1
47005810,知事,（有）浜伸土建,濱里 光伸,905-0603,島尻郡伊是名村,字仲田５１７,0980-45-2827,20000,法人,土建と石管鋼舗し園水解,1,R031207,35,建設業（総合）,
47011972,知事,（合）濱造園土木,奥濱 榮助,901-2215,宜野湾市,真栄原２－２７－６,098-897-9160,5000,法人,園,,R030726,12,その他専門工事,1
47014032,知事,（合）ハマ電気,濱川 光夫,906-0012,宮古島市,平良字西里１０８０－１０,0980-74-3522,3000,法人,電管消,,R070901,5,電気・設備工事,
47015413,知事,（合）ハマ土建,浜川 勇輝,906-0501,宮古島市,伊良部字前里添１７００－２,090-7587-2794,140,法人,土と舗,,R070905,0,建設業（総合）,
47009859,知事,（有）浜元組,濱元 隆,904-2242,うるま市,字高江洲１０６０－６,098-974-5537,5000,法人,大,,R070522,20,その他専門工事,1
47011819,知事,（株）濵元建設興業,濵元 重夫,907-0023,石垣市,字石垣１７７６ー１１,0980-87-0676,20000,法人,土と石鋼舗し水,,R070825,12,建設業（総合）,
47014637,知事,浜元工業（有）,濵元 哲夫,901-2405,中頭郡中城村,字屋宜７５１,098-895-6062,3000,法人,建大屋電タ内,,R040527 R041130,0,建設業（総合）,1
47014794,知事,（株）濱深組,小濱 文深,901-2201,宜野湾市,新城２－３８－９－４０３号 アーバン島,098-975-5160,2000,法人,大,,R041209,0,その他専門工事,1
47010028,知事,（有）浜冷機工業,前濵 潤,901-1114,島尻郡南風原町,字神里２５１,098-888-2795,5000,法人,電管,,R030216,15,電気・設備工事,1
47015221,知事,林重機（合）,仲村 エミ,905-0009,名護市,宇茂佐の森２－６－９,0980-54-3152,2000,法人,と,,R061021,0,その他専門工事,
47004772,知事,林設備,林 秀昭,901-2301,中頭郡北中城村,字島袋４４５,098-933-0293,,個人,土と石管舗水,,R041012,35,建設業（総合）,1
47014497,知事,（株）ＨＡＲＡ,原 琢哉,901-2212,宜野湾市,長田４－１７－２８－１０２号,098-955-7090,5000,法人,塗,,R031029,0,塗装・防水,1
47013867,知事,原圧送（株）,又吉 正孝,901-2101,浦添市,西原４－４０－２,098-877-0222,5000,法人,と,,R070117,5,その他専門工事,1
47007878,知事,（有）原建設工業,山元 学,901-2421,中頭郡中城村,字登又１８１,098-895-6262,5000,法人,建大左と石屋タ鋼筋板ガ塗防内絶具解,,R040717,28,建設業（総合）,1
47013999,知事,原重機,又吉 幸樹,901-2101,浦添市,西原４－３７－１１,098-878-4611,,個人,土と石鋼舗し水解,,R070605,5,建設業（総合）,1
47013628,知事,（株）はらだ工務店,原田 雅史,902-0065,那覇市,壺屋１－３１－３ＣａｓａＭ１０１,098-894-6487,3000,法人,建大左と石屋電タ鋼筋板ガ塗防内絶具解,,R060130,8,建設業（総合）,1
47008448,知事,（有）原電設工業,池原 盛勇,904-0404,国頭郡恩納村,字瀬良垣２５０５－２,098-966-8191,20000,法人,土と石電管鋼舗し塗水,1,R060509,20,建設業（総合）,
47011830,知事,（株）バリオン,山口 義弘,901-0411,島尻郡八重瀬町,字友寄７４５－１,098-901-3160,8500,法人,電機,,R070908,12,電気・設備工事,1
47009829,知事,漲水建設,豊見盛 明,901-1117,島尻郡南風原町,字津嘉山１１２９－１,098-889-8580,,個人,建大,,R070403,20,建設業（総合）,1
47008536,知事,（資）張本機械工業,張本 光輝,900-0002,那覇市,曙２－２７－２,098-862-8039,25000,法人,土と石鋼舗し塗水解,1,R030627,20,建設業（総合）,1
47010942,知事,（有）春建設,下地 春博,901-2113,浦添市,字大平３９２－１,098-942-6651,3000,法人,土建大左と石屋タ鋼筋舗し板ガ塗防内絶具水,,R021117,15,建設業（総合）,1
47014441,知事,（合）治工業,仲程 祐治,904-2172,沖縄市,泡瀬４－１１－７ セイコウビル３０２号室,098-923-3434,5000,法人,内,,R030827,0,内装工事,1
47014513,知事,春工務店,山城 昌春,904-2303,うるま市,与那城９２－４,098-978-3960,,個人,土建大と石屋タ鋼舗し内水,,R031119,0,建設業（総合）,1
47009912,知事,春名塗装工業,春名 廣志,901-2413,中頭郡中城村,字津覇２６,098-895-3824,,個人,塗,,R020823,20,塗装・防水,1
47004661,知事,（有）春水工業,川上 浩司,901-2102,浦添市,前田１－２２－２,098-876-3002,20000,法人,土建大と石屋電管タ舗内水消,1,R030514,35,建設業（総合）,1
47015123,知事,農業生産法人（株）割目牧場,仲本 泰邑,907-1801,八重山郡与那国町,字与那国３０９,0980-87-3143,1000,法人,土建と石管鋼舗し水,,R060524,0,建設業（総合）,
47014926,知事,ＨＡＲＭＯｄｅｓｉｇｎ（株）,岸田 匡史,901-0241,豊見城市,字豊見城５７４－２０ がじゅまるビルヂング１０２,098-996-4810,5000,法人,建大左と石屋タ鋼筋板ガ塗防内絶具,,R050707,0,建設業（総合）,1
47014280,知事,（株）晴土建,大城 輔,901-0613,南城市,玉城字志堅原６６８－１,090-3793-6795,1000,法人,土と石鋼舗し塗水,,R030312,5,建設業（総合）,1
47009171,知事,（有）ハンエイ,島袋 典太郎,904-2172,沖縄市,泡瀬４－４８－７,098-939-0297,40000,法人,建大左と石屋タ鋼筋板ガ塗防内絶具解,1,R050207,20,建設業（総合）,1
47014603,知事,（株）繁栄工業,澤岻 優介,903-0121,中頭郡西原町,字内間９１,098-943-1008,9900,法人,鋼,,R040502,0,その他専門工事,1
47013441,知事,（株）ＢＡＮエンジニア,大嶺 斉,904-2153,沖縄市,美里３－１６－１６,098-939-0978,5000,法人,土と石管鋼舗し水,,R050418,8,建設業（総合）,1
47014725,知事,バンザイ沖縄販売（株）,辻 元,901-2131,浦添市,牧港２－５１－８,098-878-9355,10000,法人,機,,R040909,0,電気・設備工事,1
47014757,知事,（株）ハンジャ・ネットワークス,新城 真宏,904-1111,うるま市,石川東恩納９４７－５ 池原店舗１階,050-5810-5929,10000,法人,電管消,,R041028,0,電気・設備工事,1
47006537,知事,（有）繁樹園,當間 嗣泰,902-0071,那覇市,繁多川４－１－２７,098-854-7672,10000,法人,園,,R040422,28,その他専門工事,1
47013610,知事,（株）パンテック,服部 美也子,903-0822,那覇市,首里桃原町２－４－１４,098-917-5800,10000,法人,と鋼塗解,,R060121,8,塗装・防水,1
47010225,知事,（有）パンテックコーポレーション,山内 直幸,901-2223,宜野湾市,大山６－４５－１０,098-890-5567,3000,法人,建大左と石屋タ鋼筋板ガ塗防内絶具,,R031213,15,建設業（総合）,1
47012726,知事,（株）Ｐ．Ｅ．Ｃ,嘉陽 宗勅,904-2311,うるま市,勝連南風原７０３－１,098-983-0031,5000,法人,土と舗,,R070407,12,建設業（総合）,1
47002839,知事,ＢＸ沖縄文化シヤッター（株）,岡本 一也,901-0205,豊見城市,字根差部６６７,098-850-6116,93000,法人,内具,,R040525,35,内装工事,1
47012866,知事,ピィジーアイ企画設計（株）,松原 護,903-0801,那覇市,首里末吉町４－２－１新明産業ビル３０１,098-884-7788,3000,法人,建大屋タ内,,R021120,12,建設業（総合）,1
47004393,知事,（株）ビージーエム沖縄,宜保 文雄,900-0005,那覇市,天久１丁目２８番２号,098-863-5786,10000,法人,通,,R071027,35,電気・設備工事,1
47014241,知事,（株）ＢＣ金属工業,大城 正太,901-1304,島尻郡与那原町,字東浜８４－１２,098-943-6095,1000,法人,土建大左と石屋タ鋼筋舗し板ガ塗防内絶具水解,,R030115,5,建設業（総合）,1
47013220,知事,（合）ビーズワーク沖縄,翁長 徹,904-2151,沖縄市,松本５－２－１１,098-923-0128,1500,法人,土建大左と石屋タ鋼筋舗し板ガ塗防内絶具水解,,R040613,8,建設業（総合）,1
47004089,知事,ビー・ゼイ工事（株）,佐久本 嘉光,900-0016,那覇市,前島２－１４－１８,098-863-2164,10000,法人,大左石屋タ板ガ塗防内絶,,R041228,35,塗装・防水,1
47013468,知事,（株）Ｂｅ Ｌｉｇｈｔ Ｃｏｍｐａｎｙ,森山 一,901-2223,宜野湾市,大山２－８－６,098-995-7533,5000,法人,土建と石鋼舗し水解,,R050601,8,建設業（総合）,1
47001317,知事,（有）比嘉アルミ工業,比嘉 宣仁,901-0305,糸満市,西崎１－２２－６,098-987-1604,10000,法人,土建大と石屋タ舗内具水,,R021107,35,建設業（総合）,1
47000188,知事,（有）比嘉組,比嘉 保,905-0501,国頭郡伊江村,字東江上４５２－２,0980-49-2402,30000,法人,土建と石鋼舗し塗園水解,1,R030508,35,建設業（総合）,
47001444,知事,（有）比嘉組,比嘉 政弘,901-3121,島尻郡久米島町,字嘉手苅１５６,098-985-2403,20000,法人,土建大左と石屋管タ鋼筋舗し板ガ塗防内絶園具水解,1,R030802 R051025,35,建設業（総合）,
47002022,知事,（株）比嘉組,比嘉 海二,900-0022,那覇市,樋川１－３－４４ 比嘉アパート１階,098-832-3893,25000,法人,建大左と石屋タ鋼筋板ガ塗防内絶具,1,R060514,35,建設業（総合）,1
47004230,知事,比嘉組,比嘉 勝,904-2215,うるま市,みどり町３－１４－７－１０２号室,098-974-5336,,個人,建大屋タ内,,R071129,35,建設業（総合）,1
47009364,知事,（有）比嘉組,比嘉 ＊喜,904-2174,沖縄市,与儀３－９－２３シーサイドマンション２０１,098-932-0002,20000,法人,土建大左と石屋タ鋼筋舗し板ガ塗防内絶具水解,,R050618,20,建設業（総合）,1
47014357,知事,比嘉組,比嘉 修,905-0016,名護市,大東２－６－２６,0980-53-7839,,個人,大と,,R030611,5,その他専門工事,
47013416,知事,（株）比嘉クレーンサービス,比嘉 竜麻,901-1206,南城市,大里字仲間４３９－５,098-882-8187,1000,法人,土と石鋼舗し水,,R050309,8,建設業（総合）,1
47010920,知事,（有）比嘉建設工業,比嘉 みどり,905-0228,国頭郡本部町,字伊野波３０３－１,0980-47-7300,30000,法人,土建大左と石屋電管タ鋼筋舗し板ガ塗防内絶園具水解,1,R070513,15,建設業（総合）,
47000164,知事,比嘉工業（株）,新里 孝夫,900-0015,那覇市,久茂地２－２４－７,098-951-1534,35000,法人,土と石電管鋼舗し塗機水消清解,1,R060911,35,建設業（総合）,1
47014255,知事,（株）比嘉興業,比嘉 友耶,904-0102,中頭郡北谷町,字伊平４１１－３ 第３東和ビル２階５号室,098-927-1725,3000,法人,大とタ鋼筋解,,R030205 R050509,5,その他専門工事,1
47013518,知事,（株）比嘉工房,比嘉 徳正,901-0224,豊見城市,字与根３０５－２,098-840-5530,5000,法人,内,,R050719,8,内装工事,1
47000216,知事,（株）東恩納組,東恩納 惟,900-0024,那覇市,古波蔵１丁目２０番地３０号,098-850-5734,47200,法人,土建大と鋼筋舗し塗内水解,1,R021227,35,建設業（総合）,1
47005191,知事,東恩納畳店,東恩納 寛勝,900-0013,那覇市,牧志２－１１－１４,098-867-0678,,個人,内,,R041220,35,内装工事,1
47002025,知事,（株）東開発,仲泊 栄次,905-0006,名護市,字宇茂佐１７０３－３３,0980-52-4587,40000,法人,土建大左と石屋電管タ鋼筋舗し塗防内園水解,1,R030823,35,建設業（総合）,
47013959,知事,東組,古波蔵 東仁,904-1106,うるま市,石川３４０９－６５,090-8290-7498,,個人,大と,,R070511,5,その他専門工事,1
47003774,知事,東通信工業（株）,金城 和文,900-0012,那覇市,泊２－１５－４,098-867-1268,10000,法人,通,,R030828,35,電気・設備工事,1
47014217,知事,（有）東砦クラブ,當山 明子,904-2236,うるま市,喜仲１－２－１,098-975-3131,3000,法人,建大屋タ内,,R021211,5,建設業（総合）,1
47003749,知事,東仲建設,奥平 清輝,904-2172,沖縄市,字泡瀬３－３４－１５,098-934-9771,,個人,大,,R070925,35,その他専門工事,1
47004058,知事,（有）比嘉門タイル店,比嘉門 英樹,901-2221,宜野湾市,伊佐３－２１－２,098-898-2080,10000,法人,土と石タ鋼舗水,,R070325,35,建設業（総合）,1
47013283,知事,（株）比嘉墨出し業,比嘉 良彦,901-2225,宜野湾市,大謝名２－２８－５,098-898-3614,2000,法人,建大屋タ内,,R040817,8,建設業（総合）,1
47012117,知事,（合）比嘉総建工業,比嘉 雅彦,904-1201,国頭郡金武町,字金武１７４６－３,098-968-2872,2000,法人,土と石鋼舗し水解,,R040705,12,建設業（総合）,
47010371,知事,比嘉タイル,比嘉 勇,904-2224,うるま市,字大田２７３－２,098-973-9898,,個人,タ,,R040926,15,その他専門工事,1
47015333,知事,（有）比嘉鉄工,東長田 太一,907-0001,石垣市,字大浜５３６－１,0980-82-0685,5000,法人,鋼,,R070423,0,その他専門工事,
47012624,知事,比嘉電気工事社,比嘉 米藏,902-0074,那覇市,仲井真５１－３,098-853-9431,,個人,電,,R061208,12,電気・設備工事,1
47008879,知事,（株）比嘉電工,比嘉 淳一,903-0103,中頭郡西原町,字小那覇１０４８－３,098-945-0108,10000,法人,電,,R021130,20,電気・設備工事,1
47015247,知事,（合）比嘉電設,比嘉 勝次,904-2153,沖縄市,美里１－１１－１仲村アパート１０２,090-3796-5376,1000,法人,電,,R061205,0,電気・設備工事,1
47011417,知事,（有）比嘉土建,比嘉 勇,904-1101,うるま市,石川東山本町１－１２－２１,098-965-0649,30000,法人,土と石鋼舗し水解,,R041003,12,建設業（総合）,1
47007265,知事,（有）比嘉塗装,比嘉 正義,901-2104,浦添市,当山２－８－１５－１０１,098-878-8324,5000,法人,塗防,,R071004,28,塗装・防水,1
47013429,知事,（有）比嘉塗装,比嘉 弘武,904-0305,中頭郡読谷村,字都屋３９５－４,098-956-4285,3000,法人,塗防,,R050330,8,塗装・防水,1
47015452,知事,比嘉塗装,比嘉 良智,905-0005,名護市,字為又３６３－１０ ヒルズ為又３０２号室,090-2961-7519,,個人,塗,,R070919,0,塗装・防水,
47004365,知事,（有）比嘉土木,安里 裕介,901-0401,島尻郡八重瀬町,字東風平４３３－１,098-998-8674,10000,法人,土建と石管鋼舗し水解,,R050409,35,建設業（総合）,1
47009753,知事,比嘉内装,比嘉 啓治,904-0302,中頭郡読谷村,字喜名２３１８,098-958-4938,,個人,内,,R061124,20,内装工事,1
47012147,知事,比嘉ペイント（株）,比嘉 一人,901-2416,中頭郡中城村,字和宇慶８４５－１,098-895-2200,20000,法人,塗防,,R040828,12,塗装・防水,1
47008593,知事,（株）光エンジニア,新垣 哲也,902-0078,那覇市,字識名１２７９,098-832-3245,10000,法人,土と石管鋼舗し水,,R041004,20,建設業（総合）,1
47007465,知事,（有）光開発,垣花 崇,906-0602,宮古郡多良間村,字仲筋７２８－１,0980-79-2733,5000,法人,土建と石舗し水,,R040818,28,建設業（総合）,
47002431,知事,光建設（株）,徳元 猛,901-0306,糸満市,西崎町５－６－８,098-994-5635,30000,法人,土建大と石管鋼舗塗内水解,1,R030920,35,建設業（総合）,1
47015289,知事,光建設,天願 マリ,900-0004,那覇市,銘苅３－６－１５ メゾン三城２階,098-963-4030,,個人,土と石鋼舗し水,,R070207,0,建設業（総合）,1
47010244,知事,（有）光工業,大城 哲也,901-2102,浦添市,字前田８６２－１９７ ＴＭマンションタロウ１０６号,098-879-2678,3000,法人,土と石鋼舗し水,,R040118,15,建設業（総合）,1
47014192,知事,（株）光鋼業,高安 光貴,901-0244,豊見城市,宜保２－１－６、４０３,098-996-5831,500,法人,筋,,R021113,5,その他専門工事,1
47014216,知事,（株）輝工業,比嘉 実,901-1202,南城市,大里字大里８３１－１,090-9783-0510,5000,法人,建大屋管タ内,,R021204,5,建設業（総合）,1
47014496,知事,光工務店（株）,笠 光浩,901-1401,南城市,佐敷字伊原２８８,098-943-7315,5000,法人,建,,R051124,0,建設業（総合）,1
47013273,知事,（株）ひかり産業,安次嶺 秀輝,901-0415,島尻郡八重瀬町,字小城５４１－３,098-840-7680,8000,法人,土建と石鋼舗し塗水,,R040808,8,建設業（総合）,1
47014532,知事,（合）光重機,砂川 真理子,906-0103,宮古島市,城辺字福里５５９－４,0980-79-9973,5000,法人,土と舗,,R031210,0,建設業（総合）,
47011368,知事,光重工,玉城 勇二,901-2101,浦添市,西原４－２９－５,098-988-6231,,個人,土と石鋼舗し水,,R051124,12,建設業（総合）,1
47008050,知事,（有）光造園,安慶名 太,904-2223,うるま市,字具志川４５－６,098-973-4433,3000,法人,土と石舗園水,,R070421,20,建設業（総合）,1
47011567,知事,（有）ひかり装飾,垣花 重光,904-0105,中頭郡北谷町,字吉原７２６,098-936-9163,3000,法人,内,,R060715,12,内装工事,1
47000094,知事,光通信工業（株）,島袋 剛,901-2131,浦添市,牧港５－４－１０,098-870-1093,20001,法人,土と石電舗通水,1,R071016,35,建設業（総合）,1
47014761,知事,（合）輝電機,上原 章輝,901-0211,豊見城市,字饒波５７,090-9574-3485,1000,法人,電,,R041104,0,電気・設備工事,1
47000771,知事,光電気工事（株）,金城 正司,902-0066,那覇市,字大道７８－７,098-884-4131,98000,法人,土と石電管舗塗機通水消,1,R030620,35,建設業（総合）,1
47004939,知事,光電気産業（株）,與那嶺 政宏,901-2131,浦添市,牧港５－４－１０,098-877-5211,18300,法人,電機,,R040316,35,電気・設備工事,1
47014289,知事,ヒカリ塗装工業（株）,儀間 博光,901-2316,中頭郡北中城村,字安谷屋８３９－１,098-911-0557,3000,法人,塗防,,R030312,5,塗装・防水,1
47013206,知事,光プログレス（株）,新垣 浩,903-0117,中頭郡西原町,字翁長６８３－１,098-944-4705,30000,法人,土と石電鋼舗塗通水,1,R051227,8,建設業（総合）,1
47011522,知事,光木工,西表 光男,907-0023,石垣市,字石垣７４１－２,0980-83-6144,,個人,大左石屋タ板ガ塗防内絶具,,R060521,12,塗装・防水,
47014325,知事,（有）美建,長嶺 雄斗,906-0007,宮古島市,平良字東仲宗根７１２－２２,0980-75-3487,5000,法人,土建と石管鋼舗し水,,R030514,5,建設業（総合）,
47010174,知事,（有）美工開発,池間 勝,901-2301,中頭郡北中城村,字島袋４９５,098-933-6503,5000,法人,土建大左と石屋タ鋼筋舗し板ガ塗防内絶具水解,,R030919,15,建設業（総合）,1
47014466,知事,（株）美光設備,美里 忠信,903-0127,中頭郡西原町,字徳佐田１１７－１,098-945-9908,5000,法人,土と石管鋼舗し水解,,R030917 R050613,0,建設業（総合）,1
47008934,知事,美厚造園土木,宜野座 康弘,903-0123,中頭郡西原町,字津花波１２７,098-946-2424,,個人,土と石鋼舗し園水,,R030220,20,建設業（総合）,1
47007524,知事,（有）美光電設,砂川 雅光,902-0074,那覇市,字仲井真２３０－１０,098-833-2312,5000,法人,電,,R031105,28,電気・設備工事,1
47009099,知事,（株）ビコー,大里 喜明,903-0825,那覇市,首里山川町３－６１,098-885-1234,20008,法人,電管機,,R031015,20,電気・設備工事,1
47013388,知事,彦組,狩俣 勝彦,901-2114,浦添市,安波茶３－２７－２,098-875-8463,,個人,土大と石タ鋼筋舗し水,,R050104,8,建設業（総合）,1
47013074,知事,（株）ヒコ建,仲宗根 武彦,905-0226,国頭郡本部町,字健堅３８９,0980-47-3557,1000,法人,建,,R031017,8,建設業（総合）,
47005326,知事,（株）肥後工務店,仲吉 直知,907-0002,石垣市,字真栄里７２１－１,0980-82-8272,20000,法人,土建大左と石屋タ鋼筋舗板ガ塗防内絶具水,1,R030410,35,建設業（総合）,
47010625,知事,（株）ひこ鉄筋工業,與那覇 安彦,903-0804,那覇市,首里石嶺町４－４４４－１８,098-885-4982,6000,法人,筋,,R061227,15,その他専門工事,1
47012914,知事,久雄畳店,岩本 久和,900-0012,那覇市,泊２－１０－４,098-867-5449,,個人,内,,R030216,8,内装工事,1
47013782,知事,久勝建設（合）,久高 大地,905-1152,名護市,字伊差川９６７－３,0980-43-0491,2000,法人,土建と石鋼舗し水,,R060917,5,建設業（総合）,
47014482,知事,久建設,久志 欣也,904-2205,うるま市,字栄野比９１４－１,098-972-7314,,個人,建大左と石屋タ鋼筋板ガ塗防内絶具,,R031008,0,建設業（総合）,1
47005219,知事,（有）久工務店,波平 久美子,900-0031,那覇市,若狭１－３－２０ ２－Ａ,098-866-4247,35000,法人,土建大と石屋タ鋼舗塗内水解,1,R040824,35,建設業（総合）,1
47011490,知事,ひさし畳店,久 勇司,903-0804,那覇市,首里石嶺町２－１４２－２,098-884-0892,,個人,内,,R051204,12,内装工事,1
47005901,知事,（有）ヒサシデザイン舎,中石 典久,901-0224,豊見城市,字与根３５－２,098-850-7118,10000,法人,建内,,R030217,35,建設業（総合）,1
47013065,知事,久電設工業（合）,久田 朝史,901-2214,宜野湾市,我如古１－４９－１,098-987-6720,1000,法人,電,,R030928,8,電気・設備工事,1
47009369,知事,（株）久仲工建,仲間 正人,906-0014,宮古島市,平良字松原８０４－１,0980-73-3203,20000,法人,土建大左と石屋管タ鋼筋舗し板ガ塗防内絶園具水解,1,R050207,20,建設業（総合）,
47009852,知事,（有）久松設備工業,川上 博行,901-2121,浦添市,内間１－８－１４,098-878-1018,7000,法人,土と石管鋼舗し水,,R070512,20,建設業（総合）,1
47014593,知事,久光工業,仲田 久光,901-2215,宜野湾市,真栄原２－２７－１,098-942-8751,,個人,と,,R040331,0,その他専門工事,1
47000548,知事,（有）久吉組,砂川 和也,906-0012,宮古島市,平良字西里１３３１－２１,0980-79-7101,26000,法人,土建と石管鋼舗し塗水,1,R040210,35,建設業（総合）,
47012824,知事,比謝川ガス（株）,比嘉 朝彦,904-0314,中頭郡読谷村,字古堅４７２－１,098-956-1515,50000,法人,電管,,R070910,12,電気・設備工事,1
47003095,知事,（株）比謝川電気,村山 博子,904-0203,中頭郡嘉手納町,字嘉手納２８４,098-956-2253,91500,法人,土建と石電管舗通水,1,R050122 R071014,35,建設業（総合）,1
47009421,知事,比謝川電気工事業（同）,東江 清隆,904-0203,中頭郡嘉手納町,字嘉手納２９０－４,098-956-5934,2900,法人,電,,R050513,20,電気・設備工事,1
47013343,知事,（株）飛勝,稲嶺 盛勝,905-0016,名護市,大東２－１２－１４,0980-59-4872,100,法人,土建と石管鋼舗し塗水解,,R041027,8,建設業（総合）,
47014886,知事,（株）美ＳＨＯＷ舎,比嘉 尚治,901-2223,宜野湾市,大山３－１４－７,098-943-4893,1000,法人,内,,R050519,0,内装工事,1
47013595,知事,（株）Ｈｙｓ企画,前城 裕二,904-0033,沖縄市,山里１－１８－１,098-989-6741,3000,法人,管,,R051130,8,電気・設備工事,1
47014285,知事,（株）美想建,島袋 良太,904-0003,沖縄市,住吉２－１６－３０,098-923-4700,5000,法人,土建と石鋼舗し水,,R030312,5,建設業（総合）,1
47012250,知事,（有）美創建設,渡久地 政友,905-0011,名護市,宮里４－１９－５－３０３,0980-54-8665,20000,法人,土建と石鋼舗し園水,,R050327,12,建設業（総合）,
47012873,知事,（株）飛高組,高安 康栄,901-0344,糸満市,字伊原４６６－１,098-923-1673,5500,法人,土大と石タ鋼筋舗し水,,R021204,12,建設業（総合）,1
47015307,知事,（株）ビック消防設備,末吉 佑企,904-0313,中頭郡読谷村,字大湾５５３－１,098-989-5620,1000,法人,消,,R070307,0,電気・設備工事,1
47015140,知事,（株）ビック・ドリーム企画,松田 明,900-0024,那覇市,古波蔵２－１－１ 松田ビル２０２,098-851-8000,40000,法人,建,1,R060607,0,建設業（総合）,1
47002330,知事,（合）秀男建設,比嘉 靖,905-0022,名護市,字世冨慶８９５,0980-52-3697,3000,法人,土建と石舗水,,R031015,35,建設業（総合）,
47007216,知事,（有）秀開發工業,仲間 美智秀,901-1406,南城市,佐敷字屋比久１４１－１,098-947-0208,8000,法人,土建と管舗水,,R070628,28,建設業（総合）,1
47013293,知事,（株）秀組,許田 秀行,905-2171,名護市,字辺野古２０１－３,0980-55-2654,5000,法人,土と石鋼舗し塗水,,R040829,8,建設業（総合）,
47006314,知事,（株）秀ＫＥＮ,崎浜 秀,905-0004,名護市,字中山３２４－８,0980-52-4553,26000,法人,土と石電管鋼舗し水,1,R050630,28,建設業（総合）,
47012042,知事,英建設,友利 英長,904-2163,沖縄市,大里１－２－６１,098-938-9583,,個人,大,,R040116,12,その他専門工事,1
47014151,知事,（株）秀工業,池間 一仁,901-2133,浦添市,城間２－７－３コーポ浦添１０３,098-927-1292,5000,法人,土と石鋼舗し水,,R071002,5,建設業（総合）,1
47014396,知事,秀工業,屋良 貴秀,904-2155,沖縄市,美原２－２４－２５ ラフィーネ美里１０１,098-989-4922,,個人,土と石鋼舗し塗水,,R030716,5,建設業（総合）,1
47004771,知事,（有）秀通建,上原 健秀,901-1205,南城市,大里字高平１３１－２３,098-945-0523,9000,法人,土と石舗水,,R031031,35,建設業（総合）,1
47012559,知事,（株）秀鉄筋工業,山内 良秀,904-2301,うるま市,与那城照間９２１－１,098-989-1549,1000,法人,筋,,R060625,12,その他専門工事,1
47015213,知事,（合）英土建,波平 英人,904-0327,中頭郡読谷村,字儀間２７,098-958-1036,100,法人,土と舗,,R061004,0,建設業（総合）,1
47003023,知事,（有）秀林組,照屋 秀吾,904-2155,沖縄市,美原１－５－２３,098-934-7338,20000,法人,土建大と石屋タ鋼舗し内水,,R040927,35,建設業（総合）,1
47001124,知事,（株）秀光建設,狩俣 光宏,907-0024,石垣市,字新川２２８７－１９,0980-82-1398,40000,法人,土建と石鋼舗し水,1,R021218,35,建設業（総合）,
47015324,知事,（合）美南木工舎,松尾 紀壱,904-1102,うるま市,石川東山２－２３－８,098-923-4767,1000,法人,大左石屋タ板ガ塗防内絶具,,R070411,0,塗装・防水,1
47008090,知事,（有）ビニハン商会,仲榮眞 盛智,901-0241,豊見城市,豊見城３７３－１,098-856-4558,3000,法人,大左石屋タ板ガ塗防内絶具,,R070601,20,塗装・防水,1
47013484,知事,丙土建工業（株）,大城 和広,901-0504,島尻郡八重瀬町,字後原７２１－１,098-988-0933,5000,法人,と,,R050615,8,その他専門工事,1
47008262,知事,（有）日乃出建設,幸地 保秀,904-2153,沖縄市,美里４－１３－２１,098-989-4818,5000,法人,土と石鋼舗し塗水解,,R040612,20,建設業（総合）,1
47000191,知事,日乃出鉄工（株）,内間 弘,903-0103,中頭郡西原町,字小那覇９０１,098-946-2811,36600,法人,土と管鋼舗塗機水消清解,1,R070516,35,建設業（総合）,1
47014686,知事,（株）響,金子 亮之,901-2405,中頭郡中城村,字屋宜５９７－５,098-988-4960,3000,法人,タ,,R040722,0,その他専門工事,1
47010588,知事,（有）ヒフミ,比嘉 英作,904-2174,沖縄市,与儀１－３０－８,098-933-9355,12500,法人,土建大左と石屋管タ鋼筋舗板ガ塗防内絶具水,,R051217,15,建設業（総合）,1
47015359,知事,美・ホーム,安里 直美,904-2142,沖縄市,登川１－６－３３,098-983-4827,,個人,建大屋タ内,,R070522,0,建設業（総合）,1
47014491,知事,ひまわりガス（株）,前原 雅司,904-2143,沖縄市,知花４－４９－６,098-937-1262,10000,法人,管,,R031022,0,電気・設備工事,1
47014507,知事,ひまわり断熱,知花 功,904-0326,中頭郡読谷村,字渡慶次３７,090-3795-1550,,個人,絶,,R031105,0,その他専門工事,1
47007104,知事,（有）日迎建設,金城 悦子,904-2173,沖縄市,比屋根７－２９－２３,098-989-1502,42000,法人,土建と石鋼舗し塗水解,1,R060215 R061106,28,建設業（総合）,1
47008220,知事,（株）比屋根建材販売,比嘉 克也,904-2173,沖縄市,比屋根７－１２－１０,098-933-3754,33500,法人,土と石舗水,,R030312,20,建設業（総合）,1
47011518,知事,比屋根企画,比屋根 政信,904-2205,うるま市,字栄野比７２９－４,098-972-7316,,個人,建大左と石屋タ鋼筋板ガ塗防内絶具解,,R060519,12,建設業（総合）,1
47012387,知事,（有）比屋根通信,比屋根 悠香,904-2142,沖縄市,登川１－３－９,098-934-5615,3000,法人,通,,R051120,12,電気・設備工事,1
47006717,知事,（有）日向工業,宜野座 清德,903-0802,那覇市,首里大名町１－３４６,098-945-1006,30000,法人,土建と石管鋼舗機水消,1,R060318,28,建設業（総合）,1
47009196,知事,（有）日吉組,稲嶺 盛太郎,904-0314,中頭郡読谷村,字古堅２９１,098-956-2655,10000,法人,と,,R040306,20,その他専門工事,1
47013508,知事,（株）日依組,名嘉 忍,901-2111,浦添市,字経塚６６１,080-6494-7899,5000,法人,大,,R030801,8,その他専門工事,1
47015116,知事,（株）日和ハウス,湧川 博文,904-2235,うるま市,字前原３８５－２ ＡＫＡＲＡ１０１号室,070-5270-5952,5300,法人,建大左と石屋タ鋼筋板ガ塗防内絶具,,R060510,0,建設業（総合）,1
47003792,知事,（有）平伊工業,伊禮 明,903-0103,中頭郡西原町,字小那覇１１８０,098-946-3066,10000,法人,土建と石管鋼舗塗水,,R070606,35,建設業（総合）,1
47001032,知事,（株）平川建設,平川 哲也,901-0146,那覇市,具志１－１２－３,098-891-8040,40000,法人,土建大左と石屋タ鋼筋舗し板ガ塗防内絶具水解,1,R060114,35,建設業（総合）,1
47015439,知事,平川畳店,仲本 真一郎,901-0145,那覇市,高良１－１１－５ ３０１,098-995-8552,,個人,内,,R070905,0,内装工事,1
47013639,知事,平工業（株）,宮平 文則,904-2236,うるま市,喜仲２－７－９,098-988-5862,5000,法人,と解,,R060227,8,その他専門工事,1
47011415,知事,平田組,大城 芳明,904-2141,沖縄市,池原４－８－２３,098-923-1925,,個人,建大と,,R050909,12,建設業（総合）,1
47010803,知事,（有）平田工房,山里 賢太,903-0103,中頭郡西原町,字小那覇１４７８－１,098-944-0655,10000,法人,建大内具,,R070401,15,建設業（総合）,1
47007886,知事,（株）ひらた産業,平田 輝幸,901-3124,島尻郡久米島町,字仲泊９６６－１８,098-985-3051,30000,法人,土建大左と石屋電管タ鋼筋舗し板ガ塗防内絶園具水解,1,R060823,28,建設業（総合）,
47012143,知事,（株）平田設計,平田 歩,904-1303,国頭郡宜野座村,字惣慶１８２９－２,098-968-2462,5000,法人,建大左と石屋タ鋼筋板ガ塗防内絶具,,R040701,12,建設業（総合）,
47012847,知事,（株）平戸潜建,平戸 稔,901-1303,島尻郡与那原町,字与那原２７１２－３,098-955-5823,3000,法人,土と石鋼舗し水,,R071023,12,建設業（総合）,1
47009834,知事,（株）平仲,平仲 信明,905-1303,国頭郡大宜味村,字喜如嘉３１３５－６９,090-3012-0000,45000,法人,土と石鋼舗し塗園水解,,R070410,20,建設業（総合）,
47012933,知事,（株）平仲建設,平仲 正春,901-0212,豊見城市,字平良１１５ 大丸荘２０２,098-856-0360,10000,法人,土建と石鋼舗し水,,R030405,8,建設業（総合）,1
47013082,知事,平仲電気（株）,平仲 康基,901-1413,南城市,佐敷字小谷７３－３,098-963-7228,5000,法人,電通,,R031026,8,電気・設備工事,1
47014613,知事,（株）平正建設,平仲 正,901-0504,島尻郡八重瀬町,後原５７８－８,080-1774-7677,5000,法人,建,,R040415,0,建設業（総合）,1
47012703,知事,（株）平真塗装工業,平良 真一,901-2213,宜野湾市,志真志４－６－１０,098-942-2266,10000,法人,塗,,R070309,12,塗装・防水,1
47005050,知事,平宮産業（株）,上地 敦,904-2425,うるま市,与那城桃原５６０,098-977-7116,20000,法人,土と石管鋼舗し塗園水解,1,R040906,35,建設業（総合）,1
47003715,知事,平盛組,平良 盛助,904-1111,うるま市,石川東恩納７９１－４,098-965-0512,,個人,建内,,R021117 R070602,35,建設業（総合）,1
47004108,知事,（有）平山建設工業,平山 正幸,901-2134,浦添市,港川２－７－８,098-877-5173,40000,法人,土と石鋼舗し水,,R070128,35,建設業（総合）,1
47007047,知事,（有）平山工務店,平山 進,905-0411,国頭郡今帰仁村,字天底４３,0980-56-3423,20000,法人,土建大と石鋼舗し水解,,R070708,28,建設業（総合）,
47002125,知事,平山畳店,平山 義邦,901-0152,那覇市,小禄１－２７－２１ 高良アパート１Ｆ,098-857-8513,,個人,内,,R030920,35,内装工事,1
47011504,知事,（株）ヒラヨシ,平良 和之,903-0117,中頭郡西原町,字翁長２２１－２－１０１,098-988-0988,3000,法人,左,,R060407,12,その他専門工事,1
47005044,知事,（有）平義建設,平田 博之,901-0403,島尻郡八重瀬町,字世名城１３９－２,098-998-5130,20000,法人,土と石舗水,,R030819,35,建設業（総合）,1
47015185,知事,（株）ひらよし建設,平良 孔勇,906-0012,宮古島市,平良字西里９５４－１０,0980-73-2925,5000,法人,建内,,R060823,0,建設業（総合）,
47002023,知事,ヒルター工業（株）,安里 明,900-0001,那覇市,港町２－１６－７,098-867-5162,25000,法人,土建大左と石屋タ鋼筋舗し板ガ塗防内絶具水,1,R060726,35,建設業（総合）,1
47012163,知事,（株）ヒロ開発,玉城 廣幸,901-2414,中頭郡中城村,字北浜３７－１,098-943-7241,3000,法人,土建と石鋼舗し水,,R040926,12,建設業（総合）,1
47015098,知事,優空調設備,新門 優二,904-2153,沖縄市,美里５－１４－１ マンション照屋３０５,090-6866-8758,,個人,管,,R060329,0,電気・設備工事,1
47015049,知事,（合）ヒロ組,中村 演貴,904-2303,うるま市,与那城９９－１,098-911-1783,5000,法人,大と,,R060119,0,その他専門工事,1
47015396,知事,浩建,安里 浩,901-2202,宜野湾市,普天間２－３６－１３ ３Ｆ,090-9786-6600,,個人,大と,,R070711,0,その他専門工事,1
47006349,知事,（有）ヒロ建設,與那嶺 修,901-2405,中頭郡中城村,字屋宜２７１,098-895-5018,31000,法人,土と石鋼舗し塗園水解,,R070430,28,建設業（総合）,1
47011598,知事,（株）ヒロ建設,新里 博徳,906-0202,宮古島市,上野字新里６０７,0980-73-3371,5000,法人,土建と石管鋼舗し塗水,,R060904,12,建設業（総合）,
47012083,知事,ヒロ建設,仲程 博一,904-1107,うるま市,石川曙３－２－３４ ＳＫアパート３０３,090-2511-4663,,個人,土と石鋼舗し園水,,R040507,12,建設業（総合）,1
47004164,知事,広工業,廣山 清,904-0034,沖縄市,山内３－２１－１３,098-932-6706,,個人,土建大と石屋管タ鋼舗内水,,R070515,35,建設業（総合）,1
47011055,知事,（有）ヒロ工業,與那嶺 博勝,901-0152,那覇市,小禄３－３－１,098-859-7385,9000,法人,土と石鋼舗し水解,,R030609,15,建設業（総合）,1
47012991,知事,（株）博工業,古謝 博金,904-2203,うるま市,字川崎２５４－１,098-989-4612,5000,法人,土と石鋼舗し塗水解,,R030610 R070609,8,建設業（総合）,1
47014601,知事,ヒロ工業,知花 博志,901-2226,宜野湾市,嘉数１－７－３,098-943-5453,,個人,と解,,R040408,0,その他専門工事,1
47014716,知事,廣興業,上原 大輝,901-0145,那覇市,高良３－１７－１７,080-6484-3277,,個人,と解,,R040826,0,その他専門工事,1
47015344,知事,寛工業,親川 寛道,904-2244,うるま市,字江洲２１１０－１ コートサンライズ２０２,080-6481-0271,,個人,と,,R070509,0,その他専門工事,1
47015325,知事,ヒロ工務店,西里 直樹,903-0118,中頭郡西原町,字小波津８０３－９８（小波津団地Ｃー１号）,098-946-5762,,個人,土建大左と石屋タ鋼筋舗し板ガ塗防内絶具水,,R070409,0,建設業（総合）,1
47015394,知事,ＨＩＲＯ左官,金城 宏知,901-2126,浦添市,宮城２－１９－１－１０１ ネクステージ城,080-1770-4626,,個人,左,,R070711,0,その他専門工事,1
47012919,知事,（株）博左官工業,金城 善博,901-2114,浦添市,安波茶１－４１－７－１Ｆ,098-879-7888,3000,法人,左,,R030301,8,その他専門工事,1
47002148,知事,（資）廣組,下地 克哉,901-2132,浦添市,伊祖２－３０－１３,098-878-6612,22000,法人,土建大左と石屋管タ鋼舗し板ガ塗防内絶具水,1,R030528,35,建設業（総合）,1
47011755,知事,ひろし畳店,仲井真 悦子,901-2226,宜野湾市,嘉数２－１６－３,098-897-2230,,個人,内,,R070602,12,内装工事,1
47012260,知事,（株）大施工,山城 哲也,901-0305,糸満市,字南波平２０６,098-852-4333,5000,法人,大左と石屋タ板ガ塗防内絶具,,R050411,12,塗装・防水,1
47006511,知事,（有）広設備工業,知念 章太,901-0201,豊見城市,字真玉橋２２８,098-856-1221,25000,法人,土と石管舗機水,1,R021024,28,建設業（総合）,1
47014107,知事,広鉄筋工業,我那覇 達広,901-0401,島尻郡八重瀬町,字東風平１６５－１ 丸徳マンションＡ棟２０１,080-7341-5570,,個人,筋,,R070828,5,その他専門工事,1
47014307,知事,弘鉄筋,比嘉 弘幸,904-2143,沖縄市,知花６－４－４３ 池原アパート１０６,098-937-7294,,個人,筋,,R030416,5,その他専門工事,1
47008789,知事,（有）宏電設,高良 宏秋,901-0156,那覇市,田原１－１７－４,098-858-2246,3000,法人,電,,R030318,20,電気・設備工事,1
47012347,知事,ヒロ塗装工業,大城 博文,901-0304,糸満市,西川町１９－１８ １Ｆ,098-996-1566,,個人,塗,,R050828,12,塗装・防水,1
47013844,知事,（合）広塗装工業,比屋根 良広,904-0411,国頭郡恩納村,字恩納３３３－３,098-966-1973,5000,法人,塗,,R061206,5,塗装・防水,
47000866,知事,（株）広光建設,譜久村 廣光,906-0013,宮古島市,平良字下里５１０－７,0980-72-3339,5000,法人,土建と石鋼舗し水,,R040801,35,建設業（総合）,
47014048,知事,（株）ファースト,中山 浩成,900-0011,那覇市,上之屋１－１１－８,050-3473-7800,49500,法人,土と電管鋼舗通,1,R070710,5,建設業（総合）,1
47014306,知事,（合）ＦＩＲＳＴペンギン,外間 なぎさ,901-0242,豊見城市,字高安１０７－１、２０５号,090-9785-2660,2000,法人,建大左と石屋タ鋼筋板ガ塗防内絶具,,R030416,5,建設業（総合）,1
47010756,知事,（有）ファイン,冨里 昌永,901-2227,宜野湾市,宇地泊１－１５－１９,098-870-2313,10000,法人,内,,R061124,15,内装工事,1
47015175,知事,（合）ｆａｓｔ,殿内 健吾,901-0231,豊見城市,字我那覇２１７－２,098-995-9610,5000,法人,建内,,R060802,0,建設業（総合）,1
47014467,知事,（株）ＦＵＮＮＹＱ ＤＥＳＩＧＮ,中矢 政延,901-2215,宜野湾市,真栄原２－１２－２０－１号,098-923-4474,3000,法人,電,,R030924,0,電気・設備工事,1
47013868,知事,（株）ファブリック,上原 亘,901-0235,豊見城市,字名嘉地３１３－２ １階,098-850-5530,1000,法人,内,,R070117,5,内装工事,1
47013374,知事,ＦＵＮ ＳＨＡＲＥ（株）,下地 恭光,901-2101,浦添市,西原５－３１－８,070-5277-5901,5000,法人,建大左と石屋タ鋼筋板ガ塗防内絶具,,R041214,8,建設業（総合）,1
47015454,知事,（株）フィールド・クラブ琉球,田中 和仁,901-2311,中頭郡北中城村,字喜舎場１３８０－２－１シェラトンハイツＢ棟２Ｆ,098-989-1100,10000,法人,建大左と石屋タ鋼筋板ガ塗防内絶具解,,R070919,0,建設業（総合）,1
47011031,知事,（有）フィールドリンク,野原 敏彦,901-0152,那覇市,字小禄８４９－６,098-859-8118,3000,法人,建大屋タ内,,R030427,15,建設業（総合）,1
47012383,知事,（株）フィールド・ワン,玉城 武志,901-2132,浦添市,伊祖１－２９－１,098-988-9112,3000,法人,土と石鋼舗し塗水解,,R051114,12,建設業（総合）,1
47014541,知事,（株）ＦＡＩＴＨ,宮城 潤,901-2101,浦添市,西原１－４－１６ まつけん第２ビル１０１号,098-989-7960,2500,法人,通,,R031224,0,電気・設備工事,1
47006117,知事,（有）フェニックス,山城 紹吾,901-1204,南城市,大里字稲嶺７２２,098-946-8871,7000,法人,建内,,R041224,28,建設業（総合）,1
47010724,知事,（有）フォースター,仲座 義則,901-0415,島尻郡八重瀬町,字小城３７６－１,098-998-9397,5000,法人,土建と石舗し水,,R060916,15,建設業（総合）,1
47000314,知事,（株）ふくエンジニアＧ,竹島 奈月,904-2142,沖縄市,字登川３１７７－２,098-939-0965,25000,法人,土と石管鋼舗し水,1,R041108,35,建設業（総合）,1
47013681,知事,（株）ふくぎ建設,照屋 幸一,904-2222,うるま市,字上江洲４１９,098-911-5165,5000,法人,大と,,R060522,8,その他専門工事,1
47012239,知事,（有）福里設備,福里 玉美,904-2171,沖縄市,高原４－２６－２,098-932-3066,5000,法人,管,,R050311,12,電気・設備工事,1
47011754,知事,（合）譜久島組,譜久島 榮,901-0203,豊見城市,字長堂１６０－１２,098-856-4511,5000,法人,大とタ鋼筋,,R070602,12,その他専門工事,1
47004826,知事,（有）福伸建設,福里 和也,901-2126,浦添市,宮城６－１８－２６,098-876-4834,5000,法人,土建と石舗水,,R040506,35,建設業（総合）,1
47013022,知事,（株）福田工業,福田 博祐,904-2203,うるま市,字川崎５５１,098-989-8417,5000,法人,鋼,,R030802,8,その他専門工事,1
47001116,知事,（株）福地組,福地 一仁,904-0204,中頭郡嘉手納町,字水釜１１２,098-956-1437,44000,法人,土建大左と石屋管タ鋼筋舗し板ガ塗防内絶園具水解,1,R070720,35,建設業（総合）,1
47010184,知事,（有）福地商会,福地 友文,904-2161,沖縄市,古謝２－２６－１９,098-934-4377,9000,法人,内,,R030928,15,内装工事,1
47013996,知事,（合）福原組,福原 光勇,906-0007,宮古島市,平良字東仲宗根６７８－１１,0980-72-9005,6000,法人,建,,R020807,5,建設業（総合）,
47013318,知事,普久原工業,普久原 悟,903-0804,那覇市,首里石嶺町４－３３２－９,098-885-7544,,個人,と,,R040926,8,その他専門工事,1
47002665,知事,（有）福正,伊福 正和,901-0512,島尻郡八重瀬町,字具志頭２９６,098-998-2227,10000,法人,土と石電管舗水,,R040807,35,建設業（総合）,1
47001239,知事,（有）譜久村左官工業,譜久村 進,904-0113,中頭郡北谷町,字宮城１－１２８,098-936-6328,3500,法人,左,,R030927,35,その他専門工事,1
47011079,知事,フクムラ重機,譜久村 公一,907-0021,石垣市,字名蔵４０３－１７,0980-83-1447,,個人,土と石鋼舗し水,,R030616,15,建設業（総合）,
47001287,知事,（株）福本組,岸本 孟,905-0007,名護市,字屋部２５３,0980-52-3858,23575,法人,土建大と石屋タ鋼舗し塗内水解,1,R060829,35,建設業（総合）,
47014908,知事,（株）福家,吉濱 智昭,901-0152,那覇市,小禄５－１１－８ シティーハウス桜２－１,098-960-8165,3000,法人,建大と塗防内解,,R050616,0,建設業（総合）,1
47001832,知事,福山建設（株）,湧川 博正,901-2131,浦添市,牧港４－１４－１７,098-943-6671,20000,法人,土建大左と石屋電管タ鋼筋舗し板ガ塗防内機絶通具水消解,1,R070401,35,建設業（総合）,1
47009343,知事,福山工業,宮里 徳一,901-2121,浦添市,字内間３－３０－１３,098-876-4090,,個人,左,,R041120,20,その他専門工事,1
47015311,知事,福山商事（株）,福山 裕一,901-2556,浦添市,牧港４－１４－１７,098-876-1111,51000,法人,土建と石電鋼舗し塗水,1,R070307,0,建設業（総合）,1
47009564,知事,福山電気,大城 德明,901-0616,南城市,玉城字前川６０,098-949-7740,,個人,電,,R051224,20,電気・設備工事,1
47009238,知事,福山塗装,譜久山 秀男,907-0022,石垣市,字大川３５１－３,0980-82-4756,,個人,塗,,R040522,20,塗装・防水,
47008579,知事,（有）福雄建装工業,島尻 重和,904-2204,うるま市,字西原７７２－１,098-972-6489,20000,法人,土と石鋼舗し水,,R030813,20,建設業（総合）,1
47013564,知事,（合）福和興業,福里 和広,901-2227,宜野湾市,宇地泊３－２－１３,098-898-0222,1000,法人,左石タ,,R051009,8,その他専門工事,1
47015405,知事,（株）ふじえだ,藤枝 直也,904-0105,中頭郡北谷町,字吉原１３０,098-936-8165,3000,法人,左,,R070725,0,その他専門工事,1
47011115,知事,（有）富士エンジニア,宇良 哲治,904-2142,沖縄市,字登川１５８２番１,098-937-5987,3000,法人,管,,R030908,15,電気・設備工事,1
47006191,知事,（有）富士金属工業,座喜味 蔡淳,900-0021,那覇市,泉崎１－１３－１８,098-862-3917,3000,法人,建大左石屋タ板ガ塗防内絶具,,R060709,28,建設業（総合）,1
47001352,知事,（株）富士建設,手登根 明,901-2213,宜野湾市,志真志４丁目２番２号,098-898-4889,49000,法人,土建大左と石屋電タ鋼筋舗しガ塗防内絶園具水解,1,R030530,35,建設業（総合）,1
47002729,知事,（資）富士建設,砂川 京子,906-0008,宮古島市,平良字荷川取２４８,0980-73-1418,3000,法人,土と舗水,,R070727,35,建設業（総合）,
47015022,知事,（株）フジ設備,新城 勝彦,900-0025,那覇市,壺川２－１１－６,098-996-3637,1000,法人,電,,R051215,0,電気・設備工事,1
47014073,知事,（株）フジ設備工業,仲村 章,904-2164,沖縄市,桃原１－４－２０,098-937-3635,5000,法人,管,,R070727,5,電気・設備工事,1
47004482,知事,藤田左官工業,藤田 克治,901-2114,浦添市,安波茶３－３１－９,098-878-7458,,個人,左,,R021227,35,その他専門工事,1
47007885,知事,（株）フジタ電設,志喜屋 盛隆,901-0242,豊見城市,字高安９３５,098-850-9273,,法人,土建と石電管鋼舗水,,R070120,28,建設業（総合）,1
47010004,知事,（有）ふじテクニカル,下里 富士夫,906-0011,宮古島市,平良字東仲宗根添１５２０－６,0980-72-8233,5000,法人,土建と石鋼舗し水,,R030110,15,建設業（総合）,
47014862,知事,（株）富士テック,玉城 昌彦,901-2131,浦添市,牧港２－３２－７,090-3070-7056,10000,法人,土と石鋼舗し水解,,R050421,0,建設業（総合）,1
47011929,知事,（株）不二塗装工業,嘉数 能郎,902-0075,那覇市,字国場９９９－１,098-834-1237,6000,法人,塗,,R030502,12,塗装・防水,1
47013495,知事,富士フイルムＢＩ沖縄（株）,國場 幸也,900-0000,那覇市,おもろまち１－３－１２ ザ・テラスオフィス＆パーキング,098-951-1770,50000,法人,建大左と石屋タ鋼筋板ガ塗防内絶具,1,R050622,8,建設業（総合）,1
47001744,知事,不二宮工業（株）,宮城 剛,901-2203,宜野湾市,野嵩２－２－７,098-893-0446,20000,法人,土と石管鋼舗し塗機水消解,1,R060521,35,建設業（総合）,1
47012279,知事,（株）富士盛建設,富盛 悟,903-0815,那覇市,首里金城町４－２１,098-887-6151,3000,法人,土と石鋼舗し塗水解,,R030908,12,建設業（総合）,1
47014332,知事,（株）双葉,松浜 富夫,904-2303,うるま市,与那城４３－１,070-3802-7237,3000,法人,内,,R030521,5,内装工事,1
47010249,知事,（有）双葉アルミ工業,玉城 義恒,904-2234,うるま市,字州崎７番地６,098-921-4815,3000,法人,具,,R040218,15,その他専門工事,1
47006697,知事,双葉開発,西里 芳夫,906-0006,宮古島市,平良字西仲宗根４７５－１２,0980-72-9686,,個人,土と石舗園水,,R031015,28,建設業（総合）,
47013520,知事,フタバ設備工業（株）,知念 諭,901-0404,島尻郡八重瀬町,字高良１６,098-851-9565,5000,法人,管,,R050727,8,電気・設備工事,1
47013904,知事,（株）二見工務舎,上地 健,905-2269,名護市,字二見２２７,0980-51-9028,7400,法人,大,,R070228,5,その他専門工事,
47013367,知事,（株）普天間工業,當山 重勝,901-2201,宜野湾市,新城１－１０－２,098-893-0898,1000,法人,と,,R041205,8,その他専門工事,1
47014346,知事,普天間工業（株）,普天間 健,904-2245,うるま市,字赤道１７６－１０,098-989-9178,5000,法人,土と石鋼舗し塗水解,,R030604,5,建設業（総合）,1
47003805,知事,（有）普天間土木,水口 正志,901-2104,浦添市,当山１－１１－８ 石原アパート１０３,098-988-1940,27500,法人,土と石舗水,,R050219,35,建設業（総合）,1
47010533,知事,（株）船道土木,船道 保孝,907-0002,石垣市,字真栄里１６３－１０,0980-83-3261,6000,法人,土と石舗し水,,R060331,15,建設業（総合）,
47013914,知事,（株）武南興業,新里 銀重郎,907-0023,石垣市,字石垣８１７,0980-88-6128,8000,法人,土建と石鋼舗し水解,,R070316 R070327,5,建設業（総合）,
47012996,知事,ふみ開発,伊江 安史,900-0032,那覇市,松山１－１８－４ 新崎土木ビル２Ｆ,098-851-9141,,個人,土と石鋼舗し水,,R030704,8,建設業（総合）,1
47015343,知事,フミプラン,末吉 文也,901-2214,宜野湾市,我如古２－１２－２０ １Ｆ,098-927-8967,,個人,左,,R070509,0,その他専門工事,1
47014114,知事,（株）Ｆｕｓｉｏｎ,宮里 和宏,904-2245,うるま市,字赤道５８６－９,098-923-1767,1000,法人,土建大左と石屋タ鋼筋舗し板ガ塗防内絶具水解,,R070828,5,建設業（総合）,1
47015232,知事,（有）芙蓉開発,新垣 文男,901-0154,那覇市,赤嶺２－１１－１９,098-858-9911,5000,法人,土と石鋼舗し塗水,,R061108,0,建設業（総合）,1
47013211,知事,（有）ブライトキャッスル,上間 宗吉,901-2215,宜野湾市,真栄原１－１－１２ ２Ｆ,098-988-0581,3000,法人,土と石管鋼舗し水,,R040524,8,建設業（総合）,1
47012214,知事,ＰＲＩＭＥＰＲＯＪＥＣＴＳＩＮＴＥＲＮＡＴＩＯＮＡＬＪＡＰＡＮ（株）,知念 加恵,904-0315,中頭郡読谷村,渡具知４３８－２Ｍａｉｎｏ Ｈｏｕｓｅ＊２号室,098-921-8050,95000,法人,土建大と石屋タ鋼舗し塗内水,1,R050110,12,建設業（総合）,1
47008632,知事,プライムホームズプロジェクト（株）,中眞 直樹,904-2173,沖縄市,比屋根３－１－１２,098-933-0420,21500,法人,建大屋タ内,,R050131,20,建設業（総合）,1
47013660,知事,（株）Ｐｒｏｕｄ Ｗｏｒｋ,手嶋 幸也,901-0146,那覇市,具志３－１１－２,098-988-4320,10000,法人,建大屋管タ鋼内,,R060412,8,建設業（総合）,1
47012871,知事,（株）プラザハウス,平良 由乃,904-0023,沖縄市,久保田３－１－１２,098-932-4480,30000,法人,建大屋タ内,,R021201,12,建設業（総合）,1
47014995,知事,（株）プラスモア久仲,仲間 研人,906-0014,宮古島市,平良字松原８０４－３,0980-73-3203,7500,法人,建大屋タ内,,R051102,0,建設業（総合）,
47013611,知事,（株）プラスワン,幸原 忠,901-2205,宜野湾市,赤道２－１６－２０,098-987-8522,5000,法人,建大左と石屋タ鋼筋板ガ塗防内絶具解,,R051227,8,建設業（総合）,1
47012328,知事,（有）フラット,平良 晋,904-0021,沖縄市,胡屋５－２４－５,098-989-4027,3000,法人,電,,R050726,12,電気・設備工事,1
47014819,知事,フリースタイル,當山 昌孝,903-0801,那覇市,首里末吉町２－１４１－１６,090-4587-2861,,個人,内,,R050127,0,内装工事,1
47011752,知事,ブリヂストンタイヤ沖縄販売（株）,鈴木 慎一郎,901-2131,浦添市,牧港１－６０－９,098-877-5291,32025,法人,土と,,R070521,12,建設業（総合）,1
47014210,知事,ブルーウェーブ沖縄建設（有）,ハーフォード ハワー,904-0103,中頭郡北谷町,字桑江４７３－５ 国体マンション１０２,098-926-0688,3000,法人,通,,R021127,5,電気・設備工事,1
47014627,知事,ブルーコミュニケーションズ（株）,高良 昭雄,904-0301,中頭郡読谷村,字座喜味６３６、１Ｆ,098-989-0842,3000,法人,通,,R040513,0,電気・設備工事,1
47013262,知事,（株）古堅住設,古堅 宗一,901-3112,島尻郡久米島町,字真我里１９３,098-985-8971,5000,法人,土建大左と石屋管タ鋼舗塗防内具水,,R040726,8,建設業（総合）,
47005732,知事,（株）古島組,比嘉 康善,902-0061,那覇市,古島２丁目２５番地の３,098-884-1796,16000,法人,土建大左と石屋タ鋼筋舗し板ガ塗防内絶具水,,R030926,35,建設業（総合）,1
47013458,知事,（株）ふるみ,古見 仁史,903-0104,中頭郡西原町,字兼久５３番地,090-5477-1007,500,法人,電管,,R040929,8,電気・設備工事,1
47012247,知事,（株）フレームワーク,大城 真,901-2213,宜野湾市,志真志１－１３－１８,098-917-0550,5000,法人,土建大左と石屋タ鋼筋舗し板ガ塗防内絶具水解,,R050327,12,建設業（総合）,1
47012594,知事,プレステージホーム沖縄（株）,常本 博隆,904-2174,沖縄市,与儀３－１５－１,098-923-1140,10000,法人,建大屋タ内,,R061009,12,建設業（総合）,1
47012326,知事,（有）プローサム,岩下 初美,904-2241,うるま市,字兼箇段１５５４－４,098-974-0000,3000,法人,土建と石鋼舗し通水,,R050802,12,建設業（総合）,1
47011527,知事,（株）プログレッシブエナジー,島袋 久哉,901-2402,中頭郡中城村,字泊４６８－１,098-943-6560,100000,法人,電管,1,R060529,12,電気・設備工事,1
47008177,知事,（有）プロシード,阿慶田 博之,901-2112,浦添市,沢岻１丁目７番１４号,098-879-0195,5000,法人,通,,R021109,20,電気・設備工事,1
47011883,知事,（有）プロスパー,玉城 守治,901-0361,糸満市,字糸満４４４番地,098-992-4930,3000,法人,土と石鋼舗し塗水,,R030106,12,建設業（総合）,1
47013822,知事,（株）ＰＲＯＣＥＳＳ,森山 翔貴,901-0305,糸満市,西崎１－２６－８,098-987-0905,10000,法人,土大と舗解,,R061108,5,建設業（総合）,1
47012586,知事,（株）ブロックス,安里 一史,904-2171,沖縄市,高原４－１１－４５,098-931-0195,3000,法人,建大屋タ鋼内,,R061006,12,建設業（総合）,1
47013540,知事,（株）プロテック,城間 盛治,902-0078,那覇市,識名１－７－７２ ３階,098-942-3164,5000,法人,と,,R050823,8,その他専門工事,1
47014237,知事,（株）プロ・パティー,上田 敬,900-0006,那覇市,おもろまち４－１０－９,098-869-6677,100,法人,建,,R030115,5,建設業（総合）,1
47010142,知事,（有）フロンティアーズ,伊藝 直,904-2142,沖縄市,字登川８２８,098-934-6701,3500,法人,建大屋タ内,,R030726,15,建設業（総合）,1
47010312,知事,（株）フロンティア・ウイング,護得久 輝彦,904-0005,沖縄市,嘉間良１－１６－２６,098-929-4649,3000,法人,土建大左と石屋タ鋼筋舗し板ガ塗防内絶具水,,R040607,15,建設業（総合）,1
47013377,知事,（株）フロンティアウェーブ,小波津 隆二,901-0306,糸満市,西崎町５－１２－１,098-994-4620,6000,法人,電,,R041227,8,電気・設備工事,1
47013776,知事,フロンティアエステート（株）,大城 一久,902-0072,那覇市,字真地１６５－１,098-851-3300,3000,法人,土建と石鋼舗し塗水,,R060917,5,建設業（総合）,1
47009194,知事,（有）フロンティア都市開発,新垣 健一,901-2121,浦添市,内間４－２６－１１,098-873-1738,5000,法人,建大屋タ内,,R040311,20,建設業（総合）,1
47002027,知事,文栄組,宮城 実,902-0061,那覇市,古島１－３－７,098-885-0537,,個人,建,,R030318,35,建設業（総合）,1
47000778,知事,（有）文化電気商会,内間 智仁,905-0503,国頭郡伊江村,字川平３６３,0980-49-2101,5000,法人,電,,R031109,35,電気・設備工事,
47011013,知事,（有）ブンキョウ技研,照屋 斉,901-2114,浦添市,安波茶３－５－１０,098-874-0216,3000,法人,土建大と鋼内,,R030405,15,建設業（総合）,1
47012221,知事,（有）文正堂,宮城 一雄,904-0104,中頭郡北谷町,字桃原７－１,098-926-3510,6500,法人,内,,R050204,12,内装工事,1
47005938,知事,平安（株）,與那嶺 真栄,904-0001,沖縄市,越来２－２２－１７,098-938-3001,20000,法人,土建大左と石屋タ鋼筋舗し板ガ塗防内絶具水,1,R051013,35,建設業（総合）,1
47014918,知事,（株）平成システム工業,平良 亮,901-2101,浦添市,西原５－４５－２０,098-959-7879,3000,法人,管,,R050622,0,電気・設備工事,1
47010128,知事,（株）平成重車輌,仲嶺 哲夫,904-2234,うるま市,州崎７－３９,098-934-3906,10000,法人,土と石鋼舗し水,,R030709,15,建設業（総合）,1
47007810,知事,（株）平成造園,神谷 朝貞,903-0804,那覇市,首里石嶺町２－７２－７,098-887-5822,10000,法人,土と石舗園水,,R040619,28,建設業（総合）,1
47014191,知事,（株）平和,宮城 健,901-0616,南城市,玉城字前川３６６－３,098-948-3792,5000,法人,と,,R021113,5,その他専門工事,1
47001942,知事,（有）平和建設,平田 永和,907-0002,石垣市,字真栄里４０８－６,0980-82-2877,10000,法人,土建と石電管舗園水消解,,R030629,35,建設業（総合）,
47007333,知事,平和建設（株）,森元 武司,904-0034,沖縄市,山内２－１３－５,098-932-6299,10000,法人,土建大と石屋タ鋼舗し内水,,R021017,28,建設業（総合）,1
47013181,知事,（有）ヘイワ工業,宮城 成吉,901-2132,浦添市,伊祖１－１５－１１,090-3190-3871,10000,法人,土と石鋼筋舗し水,,R040323,8,建設業（総合）,1
47008931,知事,平和タイル商会,池間 弘明,905-0011,名護市,字宮里４５３－６,0980-52-2487,,個人,タ,,R030220,20,その他専門工事,
47014638,知事,ペイント工房,銘苅 朝明,901-0202,豊見城市,字嘉数７３－２,098-911-1607,,個人,塗防,,R040520,0,塗装・防水,1
47013486,知事,（株）ペイントハウス太陽,友利 卓也,901-2132,浦添市,伊祖４－１８－２,098-878-6008,3000,法人,塗防,,R041101,8,塗装・防水,1
47015144,知事,（株）ベースクリエート,土器屋 賢吾,904-2142,沖縄市,字登川６５６－１,098-989-4907,2000,法人,土と石鋼舗し水,,R060614,0,建設業（総合）,1
47012574,知事,平敷組,平敷 正,904-2314,うるま市,勝連平敷屋４３８－１,090-3794-8840,,個人,と,,R060901,12,その他専門工事,1
47014726,知事,（合）平敷組,平敷 兼宏,901-2205,宜野湾市,赤道２－１６－１,098-892-0761,1000,法人,土と石鋼舗し水,,R040916,0,建設業（総合）,1
47013872,知事,平識工業,平識 大作,904-0001,沖縄市,越来１－１３－３３,090-8290-2034,,個人,と,,R070117,5,その他専門工事,1
47006626,知事,（有）平敷屋アルミ工業,根川 愿,904-2314,うるま市,勝連平敷屋３７９６－１,098-978-3422,8000,法人,建具,,R030713,28,建設業（総合）,1
47014729,知事,（株）ベストライフ,平良 安裕,901-2133,浦添市,城間３－１９－１０－１０２ シティライツマンション,080-1535-3298,3000,法人,内,,R040916,0,内装工事,1
47014979,知事,ＨＥＡＤ（株）,濱川 奈々恵,901-0201,豊見城市,真玉橋３７４－８,050-1147-2748,1000,法人,建大左と石屋タ鋼筋板ガ塗防内絶具解,,R050922,0,建設業（総合）,1
47014478,知事,ペテロ組,宮平 秀夫,901-0231,豊見城市,字我那覇４４７－２ひかりハウス５０２号,098-856-5851,,個人,大と,,R031001,0,その他専門工事,1
47010617,知事,辺野古木炭創業（企）,徳田 仁,905-2171,名護市,字辺野古３６０－９１,0980-55-2411,9800,法人,土建と石鋼舗し塗園水解,,R050529,15,建設業（総合）,
47015099,知事,ＨＥＡＶＥＮ’Ｓ ＤＯＯＲ ＦＵＲＮＩＴＵＲＥ,田中 雄作,901-2223,宜野湾市,大山１－１０－１６,098-890-7330,,個人,内,,R060329,0,内装工事,1
47003569,知事,平安座総合開発（株）,大濵 博達,904-2426,うるま市,与那城平安座８２９０,098-977-8205,35000,法人,土建大左と石屋管タ鋼筋舗し板ガ塗防内機絶具水消解,1,R061010,35,建設業（総合）,1
47001338,知事,（資）平安名組,平安名 盛智,904-0414,国頭郡恩納村,字前兼久５４－１,098-964-2816,20500,法人,土建大左と石屋管タ鋼筋舗し板ガ塗防内絶園具水解,1,R030731,35,建設業（総合）,
47013015,知事,（有）邦栄商事,知念 邦雄,907-0024,石垣市,字新川２４２９,0980-87-5164,3000,法人,土建と石鋼舗し水解,,R030721 R060620,8,建設業（総合）,
47013642,知事,豊栄電業（株）,野田 修,901-2301,中頭郡北中城村,字島袋１４８７,098-989-3067,3000,法人,土と電管,,R060307,8,建設業（総合）,1
47012598,知事,防音おきなわ（合）,外間 大章,901-2225,宜野湾市,大謝名５－１３－２６－２０５号,098-943-5247,7000,法人,大左石屋タ板ガ塗防内絶具,,R061017,12,塗装・防水,1
47011400,知事,（株）豊神建設,上原 進,901-0205,豊見城市,字根差部７２４－４,098-850-5630,20000,法人,土建と石鋼舗し塗水解,1,R050309,12,建設業（総合）,1
47011595,知事,豊心建設,島袋 豊,904-2141,沖縄市,池原２－１９－１２ ＫＥＩＷＡハイツ２－Ｄ,098-938-1899,,個人,土と石鋼舗し水,,R040621,12,建設業（総合）,1
47013409,知事,（株）ホウシン工業,平良 実,903-0117,中頭郡西原町,翁長６１５－１,098-943-2604,3000,法人,大内具,,R050125,8,内装工事,1
47002682,知事,（有）豊政建設工業,比嘉 将治,903-0103,中頭郡西原町,字小那覇１０４２－１,098-945-5868,10000,法人,建大左と石屋タ鋼筋板ガ塗防内絶具,,R040615,35,建設業（総合）,1
47014225,知事,（株）ホウトク沖縄,前浜 政武,901-1304,島尻郡与那原町,字東浜２４－６オアシス東浜,098-988-8344,1000,法人,電,,R021211,5,電気・設備工事,1
47015143,知事,（株）Ｈａｗｋ Ｒｅｂａｒ,山城 賢吾,904-1302,国頭郡宜野座村,字宜野座２６８－５・Ｆ２,098-880-0159,1000,法人,建大左と石屋タ鋼筋板ガ塗防内絶具解,,R060614 R060821,0,建設業（総合）,
47010796,知事,（有）ＨＯＰＥ,上地 可南子,906-0013,宮古島市,平良字下里１５７６－２,0980-72-9402,5000,法人,土建と石電管舗水,,R070316,15,建設業（総合）,
47015301,知事,（株）ホープ,島袋 竜太,903-0104,中頭郡西原町,上原１－１３－２２－４Ｂ－１,070-5418-7127,5000,法人,大と,,R070228,0,その他専門工事,1
47014051,知事,（株）ＨＯＰＥコーポレーション,川上 由二,904-2166,沖縄市,古謝津嘉山町２５－６,098-923-1526,1000,法人,建大左と石屋タ鋼筋板ガ塗防内絶具解,,R070710,5,建設業（総合）,1
47014454,知事,ホームサポートぎま,儀間 隼人,904-0304,中頭郡読谷村,楚辺１３９５－１０８,090-9401-4900,,個人,塗,,R030903,0,塗装・防水,1
47010040,知事,（株）ホーム２１,玉城 和広,902-0072,那覇市,字真地４２６－１６６,098-833-8855,20000,法人,建大左と石屋タ鋼筋板ガ塗防内絶具解,1,R060702,15,建設業（総合）,1
47012176,知事,（有）ホームパートナー,松川 浩司,906-0006,宮古島市,平良字西仲宗根４４３－４,0980-75-5600,3000,法人,建,,R041029,12,建設業（総合）,
47015107,知事,（株）ホームペイント,仲地 亮,902-0067,那覇市,字安里８１－２,098-917-1844,1000,法人,塗内,,R060419,0,塗装・防水,1
47011150,知事,ホームペイント工業,砂川 守,906-0013,宮古島市,平良字下里１４３９－６,0980-72-7035,,個人,塗防,,R031201,15,塗装・防水,
47009448,知事,（株）ホカマ,外間 慎也,904-1201,国頭郡金武町,字金武８０３８－６５,098-968-4392,28000,法人,土建大左と石屋管タ鋼筋舗し板ガ塗防内絶園具水解,1,R040914,20,建設業（総合）,
47000763,知事,（有）外間建設,外間 敬,904-1201,国頭郡金武町,字金武４７９１,098-968-3448,10000,法人,土建大と石鋼舗水解,,R040301,35,建設業（総合）,
47014397,知事,外間建設,外間 晃,901-2121,浦添市,内間５－２－２,090-1942-0809,,個人,大と,,R030709,5,その他専門工事,1
47013256,知事,外間工業,外間 壽直,901-2301,中頭郡北中城村,島袋１３３３,090-3075-3040,,個人,管,,R040719,8,電気・設備工事,1
47012495,知事,（株）外間重機,外間 和汪,901-0242,豊見城市,字高安７３,098-850-1264,5000,法人,土と石鋼舗し水解,,R060501,12,建設業（総合）,1
47005432,知事,（有）外間電気土木,外間 勝,901-0344,糸満市,字伊原１８２－１,098-997-3441,27000,法人,土と石電管鋼舗し水消,1,R070210,35,建設業（総合）,1
47013390,知事,（株）北－栄,伊江 朝泰,903-0811,那覇市,首里赤平町２－４ ２階,098-882-1858,100000,法人,土と石鋼舗し塗水解,1,R040318,8,建設業（総合）,1
47008303,知事,（有）北栄建設,座間味 栄文,905-0007,名護市,字屋部２０４,0980-43-9294,40000,法人,土建大左と石屋タ鋼筋舗板ガ塗防内絶具水解,1,R040815,20,建設業（総合）,
47004755,知事,（有）北山建設,山城 明,905-0423,国頭郡今帰仁村,字平敷７８番地,0980-56-2924,40000,法人,土建大左と石屋電管タ鋼筋舗し板ガ塗防内絶園具水,,R040906,35,建設業（総合）,
47006909,知事,（株）北勝建設,新里 勝則,905-1411,国頭郡国頭村,字辺土名２９４－１,0980-41-5616,20000,法人,土建大左と石屋電管タ鋼筋舗し板ガ塗防内絶園具水解,1,R070929,28,建設業（総合）,
47012527,知事,（有）北翔産業,内間 美由紀,901-2424,中頭郡中城村,字南上原１３－３,098-942-2545,5000,法人,土と石鋼舗し水解,,R060510,12,建設業（総合）,1
47012146,知事,（株）北辰,石川 正志,904-2201,うるま市,字昆布９８５－１,098-923-1124,10000,法人,土と石鋼舗し塗水,,R040820,12,建設業（総合）,1
47013777,知事,北伸電工（合）,岸本 輝彦,905-0009,名護市,宇茂佐の森３－１０－１,0980-43-6111,4000,法人,電管,,R060917,5,電気・設備工事,
47011627,知事,（株）ホクセイ,上原 孝政,904-1201,国頭郡金武町,字金武７９０５－１,098-968-3534,49000,法人,土建と石鋼舗し塗水,,R061027,12,建設業（総合）,
47012748,知事,（株）北西興産,新里 盛一,905-2171,名護市,字辺野古１３４－１・１Ｆ,098-876-9710,1000,法人,土と石鋼舗し塗水解,,R070525,12,建設業（総合）,
47013546,知事,（合）北全,宮城 正博,905-1145,名護市,字川上２８６－１,0980-58-3199,5000,法人,土と石鋼舗水解,,R050831,8,建設業（総合）,
47008193,知事,北電工業,崎浜 秀敏,905-0006,名護市,字宇茂佐１７０９－１０５,0980-53-6062,,個人,電,,R021222,20,電気・設備工事,
47013106,知事,（株）北電通,與那覇 寛榮,902-0075,那覇市,字国場１０００－３カンセイホーム国場２－Ｂ号室,098-987-5633,3000,法人,建,,R040509,8,建設業（総合）,1
47013726,知事,（株）北東建設,北東 優一,901-2424,中頭郡中城村,字南上原５２９－２１－７,090-1942-2744,9000,法人,土と石鋼舗し塗水,,R060716,5,建設業（総合）,1
47011944,知事,（株）北都装美,比嘉 秀樹,904-0104,中頭郡北谷町,字桃原７－１,098-921-7955,3000,法人,防,,R030602,12,塗装・防水,1
47014231,知事,北斗内装,嘉数 重治,902-0075,那覇市,国場１４６ ２階,098-834-3369,,個人,内,,R021225,5,内装工事,1
47005956,知事,（有）北部空調設備,仲里 仁榮,905-0007,名護市,字屋部１５９７－２,0980-53-1253,38000,法人,土と石電管鋼舗し水,1,R040427,35,建設業（総合）,
47013196,知事,北部港運（株）,崎原 清,905-0404,国頭郡今帰仁村,字上運天３３５－１０,0980-56-2507,20000,法人,土建と石鋼舗水,,R040501,8,建設業（総合）,
47000026,知事,北部造園土木（株）,仲間 康展,904-1303,国頭郡宜野座村,字惣慶１５１４,098-968-8040,22000,法人,土建大左と石屋電管タ鋼筋舗し板ガ塗防内絶園具水解,1,R040605,35,建設業（総合）,
47004053,知事,（有）北部通信建設,玉代勢 厚,905-0018,名護市,大西４－１３－１７,0980-53-4624,20000,法人,土と石電舗通水,1,R070908,35,建設業（総合）,
47007131,知事,（有）北部電水工業,末吉 常雄,905-0006,名護市,字宇茂佐１６２０,0980-53-7845,9000,法人,土と石電管鋼舗水消,,R041120,28,建設業（総合）,
47009037,知事,（有）北部リース,宮城 建雄,905-1152,名護市,字伊差川９３１,0980-52-0248,5000,法人,土建と石鋼舗水,,R030807,20,建設業（総合）,
47008218,知事,（有）北勇工業,糸数 和男,905-1147,名護市,字田井等３４３,0980-58-2812,20000,法人,土と石電管鋼舗し塗水消解,1,R041114,20,建設業（総合）,
47015229,知事,北陽エレベーター工業（有）,吉浜 彰,905-0021,名護市,東江５－８－１１,0980-54-3743,3500,法人,機,,R061021,0,電気・設備工事,
47014026,知事,北利建設（株）,長嶺 正利,901-0512,島尻郡八重瀬町,字具志頭１７２３－１,098-998-1641,5000,法人,土と石鋼舗し水,,R070626,5,建設業（総合）,1
47005524,知事,北琉計装（株）,岸本 久博,905-0015,名護市,大南２－９－１,0980-53-4873,10000,法人,電管消,,R030130,35,電気・設備工事,
47015321,知事,ＨＯＫＵＬＥＡ（株）,大出 真裕,900-0014,那覇市,松尾２－１９－３９ グリーンハイツ那覇２０９,080-4155-0206,1000,法人,土と石電管鋼舗し水消,,R070328,0,建設業（総合）,1
47007173,知事,ホシザキ沖縄（株）,稲嶺 満之,900-0012,那覇市,泊３－３－１３,098-861-1240,20000,法人,電管内機絶,1,R040920 R060312 R070905,28,電気・設備工事,1
47010182,知事,（有）星電気工事社,比嘉 江美子,905-0005,名護市,字為又１２１９番地２７５,0980-52-1237,3000,法人,電,,R030927,15,電気・設備工事,
47011801,知事,（株）ホット沖縄,白石 武博,900-0036,那覇市,西１－９－１８,098-863-2828,40000,法人,土建大左と石屋タ鋼筋舗し板ガ塗防内絶具水解,1,R040618,12,建設業（総合）,1
47014014,知事,（株）堀川工業,藤原 雅人,901-2134,浦添市,字港川４９５－１,098-877-5315,1000,法人,管板,,R070612,5,電気・設備工事,1
47009996,知事,（有）ほりけん,石垣 真,901-2422,中頭郡中城村,字新垣１６０２－１,098-975-7120,3000,法人,大左板塗防内絶,,R060527,20,塗装・防水,1
47013550,知事,（株）Ｗｈｉｔｅ,黒木 崇巧,900-0003,那覇市,安謝２－２５－６,098-988-3707,1000,法人,土と石鋼舗し水解,,R050907,8,建設業（総合）,1
47014609,知事,（有）ホンダ・ＣＰ,本多 健介,900-0004,那覇市,字銘苅２０６,090-8664-7757,5000,法人,左,,R040408,0,その他専門工事,1
47009733,知事,（有）本田装建,與那覇 寛榮,900-0027,那覇市,山下町１－１１,098-857-2848,42000,法人,土建と石鋼舗水,,R061008,20,建設業（総合）,1
47013011,知事,（有）ボンド工業,古賀 博昭,900-0016,那覇市,前島３－９－２ コーポ前島１Ｆ,098-861-0800,5000,法人,大左石屋タ板ガ塗防内絶具,,R030721,8,塗装・防水,1
47015330,知事,（株）マーク工業,照屋 全友,901-0403,島尻郡八重瀬町,字世名城３６６－１,090-3072-6161,1000,法人,土と石鋼舗し水,,R070411,0,建設業（総合）,1
47009047,知事,（有）マーブルストーン,金城 正清,904-2173,沖縄市,比屋根７－１３－１０,098-933-6400,5000,法人,石,,R030813,20,その他専門工事,1
47010005,知事,マール・デル・プラタ工業,比嘉 常雄,901-2401,中頭郡中城村,字久場７－４,098-895-2812,,個人,土と石鋼舗し水,,R030115,15,建設業（総合）,1
47015316,知事,マイスター（株）,糸数 昌之,901-2227,宜野湾市,宇地泊２－３４－２２－１Ｆ,098-988-3803,1000,法人,建大左と石屋タ鋼筋板ガ塗防内絶具解,,R070328,0,建設業（総合）,1
47007909,知事,（株）マイテレホン,田里 友一郎,901-2132,浦添市,伊祖１－３０－６,098-873-0777,10000,法人,電通,,R040826 R060411,28,電気・設備工事,1
47001954,知事,前一組,前里 政二,901-2112,浦添市,字沢岻１４２８－１ ヴァンヴェール沢岻ヒルズ１０６,098-878-6092,,個人,建,,R030808,35,建設業（総合）,1
47013404,知事,前一組,前田 健一,900-0024,那覇市,古波蔵４－１３－５２－２０１,098-996-3497,,個人,大,,R050202,8,その他専門工事,1
47010882,知事,（有）前川グリーン土木,前川 善明,904-0203,中頭郡嘉手納町,字嘉手納２６８－１ エスポワール幸１０１,098-956-5117,5000,法人,土と石鋼舗し園水解,,R060607,15,建設業（総合）,1
47006653,知事,（有）前川工業,前川 一,904-0204,中頭郡嘉手納町,字水釜１９０,098-957-2079,25000,法人,土建と石管鋼舗し塗水解,1,R050919,28,建設業（総合）,1
47007073,知事,前川左官工業,前川 明良,903-0104,中頭郡西原町,字兼久２１２－１５,098-945-4364,,個人,左,,R041227,28,その他専門工事,1
47000825,知事,（株）前木組,前木 繁孝,907-0024,石垣市,字新川２４１６－６,0980-82-3109,45000,法人,土建大左と石管鋼舗し塗防内具水解,1,R061122,35,建設業（総合）,
47014791,知事,前里建設,志喜屋 晃,907-0242,石垣市,字白保３４７－１,0980-86-7963,,個人,土建と石管鋼舗し水,,R041209,0,建設業（総合）,
47014160,知事,（株）眞榮城建設,眞榮城 守正,904-2173,沖縄市,比屋根４－６－２ サザンウィンド１０３,090-3795-6068,5000,法人,土建大左と石屋タ鋼筋舗し板ガ塗防内絶具水,,R040815,5,建設業（総合）,1
47013709,知事,（株）眞榮城鉄筋工業,眞榮城 秀明,904-0105,中頭郡北谷町,字吉原１１４８番地１,090-7450-8239,3000,法人,筋,,R060613,5,その他専門工事,1
47014480,知事,前新屋塗装,前新屋 義和,904-2312,うるま市,勝連平安名３４６－３,098-978-8013,,個人,塗,,R031105,0,塗装・防水,1
47005049,知事,（株）真栄田組,眞榮田 義卓,905-2172,名護市,字豊原９４－１,0980-55-3915,46000,法人,土建と石鋼舗水解,,R070617,35,建設業（総合）,
47014084,知事,（株）真栄田組,眞榮田 大志,901-0224,豊見城市,字与根１４８－３,090-8415-5338,5000,法人,土と石鋼舗し水解,,R060425,5,建設業（総合）,1
47014417,知事,（合）前田建材,石川 信友,901-2102,浦添市,字前田５２２－１,098-879-2753,5000,法人,建大左石屋タ板ガ塗防内絶具,,R030730 R050425,0,建設業（総合）,1
47000819,知事,前田建設（株）,仲地 政和,901-2215,宜野湾市,真栄原１－９－２０,098-898-2383,30000,法人,土建大と石屋管タ鋼舗し内水解,1,R031214,35,建設業（総合）,1
47003987,知事,前田建設,前田 浩澄,905-1415,国頭郡国頭村,字浜１２４,0980-41-5886,,個人,建,,R041130,35,建設業（総合）,
47013353,知事,マエダ建設（合）,前田 隆,904-1301,国頭郡宜野座村,字松田２４３３,098-968-8692,1000,法人,土建と石鋼舗し水,,R041108,8,建設業（総合）,
47012765,知事,（有）マエダ工業所,與那嶺 達啓,900-0012,那覇市,泊３－７－１３,098-868-4460,30000,法人,管,,R070612,12,電気・設備工事,1
47010834,知事,（有）真栄田重工,眞榮田 宗文,904-2312,うるま市,勝連平安名１２５４－１ コーポＭ１０３号室,098-979-8305,3000,法人,と,,R070614,15,その他専門工事,1
47014120,知事,前田設備,前田 龍二,904-2243,うるま市,字宮里８５６,098-974-4676,,個人,管,,R060604,5,電気・設備工事,1
47008585,知事,（株）真栄田造園,眞榮田 義則,904-0403,国頭郡恩納村,字喜瀬武原３１４－１,098-967-8332,20000,法人,土建と石鋼舗し塗園水解,1,R030129 R030923,20,建設業（総合）,
47000482,知事,マエダ電気工事（株）,真栄田 士郎,900-0025,那覇市,壺川１－１６－１１,098-853-9091,20000,法人,電通,1,R041110 R050524,35,電気・設備工事,1
47011171,知事,前當組,前當 重利,904-2312,うるま市,勝連平安名２９９８,098-978-9889,,個人,大,,R040104,15,その他専門工事,1
47003134,知事,（有）前堂建設,前堂 勝次,904-2213,うるま市,字田場９８７－１,098-973-0921,20000,法人,土建大と石鋼舗水,,R040720,35,建設業（総合）,1
47010419,知事,（有）前西開発,前西 政則,901-0502,島尻郡八重瀬町,字大頓１４２０－２０１,098-998-5170,5000,法人,土と石鋼舗水,,R041213,15,建設業（総合）,1
47013912,知事,（株）Ｍａｅｈａｒａ,前原 信,901-1204,南城市,大里字稲嶺２３０６－１,098-963-9804,5000,法人,左,,R070306,5,その他専門工事,1
47006962,知事,前原ガーデン,前原 朝好,901-1204,南城市,大里字稲嶺１１５４,098-946-8975,,個人,土と石舗園水,,R040927,28,建設業（総合）,1
47005466,知事,（株）真栄原産業,宮城 德秀,901-2215,宜野湾市,真栄原２－９－６,098-897-0633,20000,法人,土と石舗水,,R021207,35,建設業（総合）,1
47012899,知事,前原電工,前原 信三,901-1114,島尻郡南風原町,字神里３１,090-1948-7937,,個人,電,,R030127,12,電気・設備工事,1
47013296,知事,（有）前平重機,前田 功,903-0123,中頭郡西原町,津花波１２１－９,098-943-4068,3000,法人,土と石鋼舗し水解,,R040831,8,建設業（総合）,1
47006372,知事,前外間建設,前外間 憲,904-2312,うるま市,勝連平安名５１９,098-978-4902,,個人,建,,R021028,28,建設業（総合）,1
47015467,知事,眞壁塗装工業,眞壁 鈴花,904-0411,国頭郡恩納村,字恩納４５８,098-966-8152,,個人,塗防,,R071003,0,塗装・防水,
47012921,知事,（株）牧工業,牧港 徹朗,901-0504,島尻郡八重瀬町,字後原３４８－１,098-998-3777,500,法人,鋼,,R030314,8,その他専門工事,1
47002857,知事,真喜志建設,眞喜志 康明,904-2236,うるま市,喜仲２－５－２０,098-973-3849,,個人,土建と石鋼舗水,,R041107,35,建設業（総合）,1
47014011,知事,（株）真喜志電設,与儀 真喜,901-0204,豊見城市,字金良４２８－９,098-850-0325,9500,法人,電,,R070612,5,電気・設備工事,1
47014893,知事,真喜志塗装（株）,真喜志 康行,901-2101,浦添市,西原２－１８－８,080-3221-4936,2000,法人,塗防,,R050526,0,塗装・防水,1
47006926,知事,（有）牧野建設,嵩原 康彦,901-0152,那覇市,小禄５－８－１２,098-858-4110,20000,法人,土と石管鋼舗し水解,1,R060422,28,建設業（総合）,1
47000848,知事,牧港建設（株）,山田 浩邦,901-2132,浦添市,伊祖１－２１－２－２０１,098-877-2666,40000,法人,土建大と石屋鋼舗し水解,1,R070502,35,建設業（総合）,1
47009417,知事,（有）牧港鉄工所,朝谷 紫織,901-2406,中頭郡中城村,字当間５７４,098-895-7037,10000,法人,管機,,R050325,20,電気・設備工事,1
47005303,知事,（株）牧港ヒューム管工業所,宮城 キミ子,901-2131,浦添市,牧港４－６－１７,098-876-2752,38600,法人,土と石鋼舗水,,R070818,35,建設業（総合）,1
47011817,知事,マクルアート,知念 裕子,904-1102,うるま市,石川東山２－１２－８,098-964-4569,,個人,土と石舗し水,,R070818,12,建設業（総合）,1
47000713,知事,（有）真組,浦崎 直幸,905-0503,国頭郡伊江村,字川平３９６,0980-49-2056,30000,法人,土建大と石管鋼舗し塗園水解,1,R030810,35,建設業（総合）,
47014971,知事,誠工業,新垣 誠,900-0002,那覇市,曙２－２１－５ フリーベル曙５０１,090-9781-9324,,個人,屋管板,,R050901,0,電気・設備工事,1
47013438,知事,誠シャッター沖縄（株）,神谷 厚仁,902-0063,那覇市,三原２－２－３８,098-987-4651,9000,法人,大左石屋電タ板ガ塗防内絶具,,R050411,8,電気・設備工事,1
47014985,知事,マコト住建,神谷 英治,901-0313,糸満市,字賀数６４－６,090-3790-1054,,個人,建大屋タ内,,R051006,0,建設業（総合）,1
47014129,知事,ＭＡＫＯＴＯ地下工業,池宮 慎,903-0804,那覇市,首里石嶺町４－２４０－１コーポひまわりＦ棟４０５,090-4995-8233,,個人,井,,R070918,5,その他専門工事,1
47012706,知事,誠鉄筋,永吉 誠,901-1104,島尻郡南風原町,字宮平６４３－３ コーポなかむら２０１,098-889-8884,,個人,筋,,R070309,12,その他専門工事,1
47007527,知事,（有）正開発,上原 正廣,901-0325,糸満市,字大里９９,098-994-8359,10000,法人,土建大と石管タ鋼筋舗し園水,,R020929,28,建設業（総合）,1
47014912,知事,（株）正技建,古堅 正也,904-0203,中頭郡嘉手納町,字嘉手納２２２,090-9405-7495,2000,法人,土建と石鋼舗し塗水,,R050616,0,建設業（総合）,1
47014373,知事,将樹建装,德元 啓,901-1303,島尻郡与那原町,字与那原１７１６－９,090-1941-0964,,個人,建大解,,R030625 R060508,5,建設業（総合）,1
47013238,知事,（株）昌樹鉄筋工業,久手堅 昌樹,902-0077,那覇市,長田２－１２－９,098-834-3571,5000,法人,筋,,R040703,8,その他専門工事,1
47011727,知事,正組,比嘉 正男,901-2317,中頭郡北中城村,字瑞慶覧４３９－４,098-933-2554,,個人,大とタ鋼筋,,R070409,12,その他専門工事,1
47012665,知事,（株）政建工業,安里 安政,904-2223,うるま市,字具志川２９７４－２,098-973-0322,10000,法人,土建大左と石屋タ鋼筋舗し板ガ塗防内絶具水解,,R060311,12,建設業（総合）,1
47012319,知事,真建設,大田 真彦,904-0102,中頭郡北谷町,伊平１－３－２７,098-989-6320,,個人,大,,R050712,12,その他専門工事,1
47009578,知事,政興業,浦崎 政也,902-0064,那覇市,寄宮３－７－８,098-836-3467,,個人,と,,R060121,20,その他専門工事,1
47010685,知事,マサ工業,池間 勝,903-0125,中頭郡西原町,上原１－７－１７,098-882-8923,,個人,と,,R060618,15,その他専門工事,1
47005996,知事,（有）正志建設,長間 武也,901-0203,豊見城市,字長堂４０１－１０,098-856-5652,15000,法人,大,,R040806,35,その他専門工事,1
47009329,知事,（有）正設備興業,大城 範真,901-0314,糸満市,字座波６６２,098-995-1143,5000,法人,管,,R031119,20,電気・設備工事,1
47008768,知事,マサ友電設（株）,天願 昌輝,904-2223,うるま市,字具志川２５１３,098-974-4724,30000,法人,電管通消,1,R060116,20,電気・設備工事,1
47014659,知事,（株）マサヒ興,比嘉 正彦,901-2402,中頭郡中城村,字泊４５９－２,098-895-4001,3000,法人,土と石鋼舗し内水解,,R040617 R060517,0,建設業（総合）,1
47014953,知事,（株）まさみつ建設,前幸地 雅光,907-0242,石垣市,白保１９－３,080-1734-9249,2000,法人,土建と石鋼舗し塗水,,R050804,0,建設業（総合）,
47001628,知事,（株）正吉建設,赤嶺 勲,902-0074,那覇市,字仲井真３６５－２,098-853-3839,40000,法人,土建大左と石屋管タ鋼筋舗し板ガ塗防内絶具水解,1,R040902,35,建設業（総合）,1
47009217,知事,（有）勝電機,下西 孝光,901-0241,豊見城市,字豊見城１１３１－１,098-850-3829,3000,法人,電,,R040322,20,電気・設備工事,1
47011521,知事,（株）益野塗装工業,伊佐 剛,901-2402,中頭郡中城村,字泊２２０－１,098-942-3680,10000,法人,塗,,R060521,12,塗装・防水,1
47015194,知事,（株）眞住,谷津 敬介,900-0002,那覇市,曙２－９－１３－６０４号,098-863-7007,3000,法人,左と,,R060906,0,その他専門工事,1
47003172,知事,（有）又吉建設,又吉 利克,901-2101,浦添市,西原５－４５－２３,098-877-4190,20000,法人,土と石鋼舗し塗園水解,1,R070710,35,建設業（総合）,1
47010534,知事,又吉建設,又吉 一夫,904-2312,うるま市,勝連平安名３６,098-978-6133,,個人,大,,R050805,15,その他専門工事,1
47013326,知事,（合）またよし工業,又吉 勇,904-2171,沖縄市,高原４－１２－２０,098-933-8922,2500,法人,絶,,R041004,8,その他専門工事,1
47007666,知事,（有）又吉シーリング工業,又吉 清太,901-2131,浦添市,牧港１－５７－３０エム２Ａ－１,098-878-2247,5600,法人,防,,R031108,28,塗装・防水,1
47006990,知事,（有）又吉重機建設,又吉 直也,904-0416,国頭郡恩納村,字山田１３０５,098-964-3247,30000,法人,土建大左と石屋管タ鋼筋舗し板ガ塗防内絶園具水解,1,R041021,28,建設業（総合）,
47011244,知事,又吉鉄工所,又吉 常正,904-0304,中頭郡読谷村,字楚辺２１４３－２,098-956-2297,,個人,土と石鋼舗し水,,R040704,15,建設業（総合）,1
47009711,知事,街クリーン（株）,赤嶺 太介,901-0616,南城市,玉城字前川１１８８,098-948-7006,20000,法人,土建と石鋼舗し塗水解,1,R060818,20,建設業（総合）,1
47009333,知事,街クリーン建設（株）,赤嶺 太介,902-0078,那覇市,字識名２９０－２１,098-832-4141,20000,法人,土と石鋼舗し水解,,R040725,20,建設業（総合）,1
47013328,知事,町田工業（株）,町田 宗則,904-1201,国頭郡金武町,字金武４０５１－１,098-968-4202,3000,法人,土と石鋼舗水解,,R041010,8,建設業（総合）,
47015238,知事,松愛建設（合）,金城 太一,903-0116,中頭郡西原町,字幸地９２－３,098-944-7707,1000,法人,建大左と石屋タ鋼筋板ガ塗防内絶具,,R061122,0,建設業（総合）,1
47013592,知事,松岡組,松岡 明宏,907-0003,石垣市,字平得１８８－２,0980-88-7769,,個人,大,,R051130,8,その他専門工事,
47000497,知事,（株）松川建設,松川 道乃,906-0301,宮古島市,下地字川満１１８０－１,0980-79-7752,60000,法人,土建と石鋼舗し塗水解,1,R021108,35,建設業（総合）,
47014326,知事,松川左官,松川 弘和,906-0106,宮古島市,城辺字西里添６１６,0980-79-7083,,個人,左,,R030514,5,その他専門工事,
47009789,知事,松川住宅設備（株）,松川 盛勇,907-0013,石垣市,浜崎町２－６－３８,0980-82-2191,40000,法人,土建と石鋼舗解,1,R030826 R041120,20,建設業（総合）,
47011038,知事,（有）松基工務店,松尾 行訓,901-2133,浦添市,城間４－３４－７,098-877-3670,16000,法人,土と石鋼舗し水,,R030509,15,建設業（総合）,1
47013899,知事,松組,松尾 理恵,904-2213,うるま市,字田場７４０－３,098-927-5120,,個人,と,,R070323,5,その他専門工事,1
47007746,知事,（有）まつけん,松川 直樹,902-0068,那覇市,真嘉比３－２０－２２,098-885-2779,10000,法人,土建大と石屋タ舗内水,,R040419,28,建設業（総合）,1
47002328,知事,（有）松建工業,松田 邦男,905-0211,国頭郡本部町,字東１３,0980-47-2886,10000,法人,土と石電管鋼舗し水消解,,R050107,35,建設業（総合）,
47014812,知事,（株）まつけん設計,松川 秀樹,901-2101,浦添市,西原１－４－１６－２０２,098-878-8955,10000,法人,建大屋タ鋼内,,R050120,0,建設業（総合）,1
47013350,知事,（株）松建土木,松田 克博,904-2223,うるま市,字具志川２１０４－１,098-923-4167,3000,法人,土と石鋼舗し水,,R021110,8,建設業（総合）,1
47014644,知事,松工業,松岡 康平,901-2205,宜野湾市,赤道１－６－２ ピースハウスＣ－２号,098-927-7002,,個人,と,,R040603,0,その他専門工事,1
47004683,知事,（有）松島建設,松川 勇勝,906-0013,宮古島市,平良字下里１３７９,0980-72-1724,31000,法人,土と石鋼舗塗水,1,R030716,35,建設業（総合）,
47012255,知事,松島デザイン事務所,松島 良貴,901-2424,中頭郡中城村,字南上原８１７南上原ハイツＢ,098-961-2182,,個人,建大屋タ内,,R050410,12,建設業（総合）,1
47013412,知事,松島電気工事（株）,松島 良成,901-2127,浦添市,屋富祖２－２５－１４（１０２）,098-874-1223,5000,法人,電,,R050301,8,電気・設備工事,1
47014859,知事,（合）松匠建築デザイン,松原 英昭,906-0013,宮古島市,平良字下里１３２５,0980-79-0243,1500,法人,建大屋タ,,R050414,0,建設業（総合）,
47012734,知事,（株）松城電気,森田 享次,902-0071,那覇市,繁多川３－１３－６,098-987-7888,2000,法人,電,,R070501,12,電気・設備工事,1
47012172,知事,（株）松田組,松田 修,904-0315,中頭郡読谷村,字渡具知６７,098-955-2800,25000,法人,土建と石鋼舗し塗水,,R041019,12,建設業（総合）,1
47013644,知事,（株）松田組,松田 達雄,905-0007,名護市,字屋部７８４－７,0980-54-3361,2000,法人,と,,R060314,8,その他専門工事,
47010321,知事,松竹重機,松竹 譲,904-0203,中頭郡嘉手納町,字嘉手納２９,098-955-2037,,個人,と,,R040613,15,その他専門工事,1
47015235,知事,（合）マツダ建工,松田 宏,904-1106,うるま市,石川８２１－１５,098-989-5325,2990,法人,土建と石鋼舗し内水解,,R061113,0,建設業（総合）,1
47006696,知事,松田建設,松田 兼治,904-0303,中頭郡読谷村,字伊良皆１９４－５,098-956-0545,,個人,建,,R031015,28,建設業（総合）,1
47013968,知事,（株）松田工業,松田 賢輝,901-1117,島尻郡南風原町,字津嘉山１６０５－２ 丸仲アパート２０２,098-996-3701,1000,法人,土と石鋼舗し内水解,,R070807,5,建設業（総合）,1
47004192,知事,（株）松田工務店,松田 久則,904-1115,うるま市,石川伊波９４,098-964-2364,35000,法人,土建大と石屋管タ舗内水解,1,R070214,35,建設業（総合）,1
47012360,知事,（有）松田テクノ,花城 清次,903-0103,中頭郡西原町,字小那覇５３１番地の１,098-944-3457,10000,法人,土と石鋼舗し水解,,R050920,12,建設業（総合）,1
47012995,知事,松田電気,松田 誠,904-2245,うるま市,字赤道９７１－４２ 赤道団地Ｂ－５９,098-979-2241,,個人,電,,R030704,8,電気・設備工事,1
47013641,知事,（株）松田電設,松田 清,901-2214,宜野湾市,我如古１－４１－５,098-898-2780,1000,法人,電,,R060307,8,電気・設備工事,1
47015373,知事,（株）松田塗装社,松田 辰貴,904-2212,うるま市,字赤野２３０－１,098-987-8744,1000,法人,塗防,,R070613,0,塗装・防水,1
47013182,知事,（株）松電,松田 貴啓,905-0006,名護市,字宇茂佐１５２８番地６,0980-43-6504,20000,法人,土と石電管鋼舗し塗水消,1,R040324 R050306 R061119,8,建設業（総合）,
47012770,知事,（合）松堂組,松堂 忠吉,903-0104,中頭郡西原町,字兼久４０２－６,098-882-8360,5000,法人,土と石鋼筋舗し水,,R070626,12,建設業（総合）,1
47011814,知事,松堂建築事務所,松堂 明,901-2101,浦添市,西原３－１５－２,098-873-3020,,個人,建,,R020816,12,建設業（総合）,1
47008992,知事,（有）松都建設,松川 禎,903-0813,那覇市,首里赤田町３－４,098-884-3330,3000,法人,土建大左と石屋タ鋼筋舗し板ガ塗防内絶具水解,,R030516,20,建設業（総合）,1
47011824,知事,松知総業,松堂 弘光,904-2312,うるま市,勝連平安名３７３,098-978-3380,,個人,内,,R070830,12,内装工事,1
47008770,知事,松根左官,松根 春雄,901-2214,宜野湾市,我如古３－１５－３３,098-898-6599,,個人,左,,R070728,20,その他専門工事,1
47008493,知事,松葉畳店,大川 宏光,901-2202,宜野湾市,普天間２－７－１７,098-892-2701,,個人,内,,R030618,20,内装工事,1
47009956,知事,（有）松原組,松原 和明,901-1104,島尻郡南風原町,宮平７－３,098-889-2734,3000,法人,と,,R021031,20,その他専門工事,1
47013450,知事,（株）松原工業,松原 恭兵,901-0312,糸満市,字北波平３２５－１,098-894-6267,5000,法人,と解,,R050509,8,その他専門工事,1
47013253,知事,（株）松原ブロック工業,松原 勝,901-2132,浦添市,伊祖１－１１－２９ユーハイム３０２,098-876-6300,3000,法人,石タ,,R040719,8,その他専門工事,1
47006971,知事,（有）松宮開発,根間 キヨミ,906-0013,宮古島市,平良字下里１３３８－３,0980-73-0391,25000,法人,土と石電管鋼舗し塗水,1,R061109,28,建設業（総合）,
47014312,知事,（有）松村興業,松村 大地,904-0203,中頭郡嘉手納町,字嘉手納８８－５,098-923-2740,3000,法人,左,,R070701,5,その他専門工事,1
47009365,知事,松元組,松元 清,904-2311,うるま市,勝連南風原４７３３－１,098-978-4058,,個人,建大,,R041222,20,建設業（総合）,1
47012716,知事,（株）松幸,新垣 大輝,904-2171,沖縄市,高原４－２６－１６,098-930-1566,1000,法人,土と舗園,,R070403,12,建設業（総合）,1
47007185,知事,真鶴建設,眞鶴 正博,904-2307,うるま市,与那城饒辺４２９,098-978-7105,,個人,建大,,R070605,28,建設業（総合）,1
47013207,知事,（有）真鶴木工所,真鶴 清一,904-2307,うるま市,与那城饒辺３９４,098-978-2606,12000,法人,具,,R040524,8,その他専門工事,1
47007272,知事,（株）マテックス,江澤 正幸,902-0075,那覇市,字国場８７２－２,098-855-8212,25000,法人,電機通消,,R070821,28,電気・設備工事,1
47014769,知事,（合）マニーホールド,仲大 孝,901-0405,島尻郡八重瀬町,字伊覇１０６－５ アビタシオンＴ・Ｋ１０６,098-996-3584,1000,法人,土と石管鋼舗し塗園水,,R041216,0,建設業（総合）,1
47012595,知事,衛鉄筋（株）,宮里 衛,901-0411,島尻郡八重瀬町,字友寄６９６,098-995-8727,2000,法人,筋,,R061014,12,その他専門工事,1
47012927,知事,マリン・テック（株）,山城 徳明,904-2141,沖縄市,池原３－１６５２,098-939-5775,6000,法人,土と石鋼舗し水解,,R030318,8,建設業（総合）,1
000026001,大臣,（株）マリンワークス,関 敏也,905-0011,名護市,宮里５－８－５,0980-43-5478,5000,法人,土と石鋼し塗水,,R061030,,建設業（総合）,
47008451,知事,（株）マルイ,大城 拓人,904-0113,中頭郡北谷町,字宮城１－４１２,098-936-0101,17000,法人,土と石鋼舗し水解,,R040517,20,建設業（総合）,1
47008707,知事,（有）マル井建設,伊波 一人,905-0007,名護市,字屋部７０１－１,0980-52-1996,30000,法人,土建大左と石屋管タ鋼筋舗し板ガ塗防内絶園具水解,1,R041029 R050920,20,建設業（総合）,
47009307,知事,（有）丸井建設,桜井 秀和,906-0013,宮古島市,平良字下里１５１７－９,0980-73-6105,25000,法人,土建と石管鋼舗し水,1,R040813,20,建設業（総合）,
47005068,知事,マルヰ産業（株）,吉田 勇,900-0002,那覇市,曙２－２５－２４,098-861-1661,91473,法人,土大左と石屋電管タ舗し板ガ塗防内絶具水消,1,R041006 R051124,35,建設業（総合）,1
47013653,知事,（株）丸伊志開発,伊志嶺 浩三,906-0013,宮古島市,平良字下里１１７３－６ 奥原アパート２０２,090-1942-7257,1000,法人,土と石鋼舗し水解,,R060405,8,建設業（総合）,
47003070,知事,（株）丸石建設,大石根 史,904-2215,うるま市,みどり町４－１－１０,098-973-3828,21000,法人,土建大と石鋼舗し塗防内水解,1,R031020,35,建設業（総合）,1
47001726,知事,（株）丸石設備,石原 清正,901-2101,浦添市,西原３－４－１４,098-878-2406,40000,法人,土建大と石管鋼舗塗内機水解,,R060621,35,建設業（総合）,1
47010515,知事,（有）丸伊設備,前田 五月,904-1202,国頭郡金武町,字伊芸２０８,098-968-4120,3000,法人,土と石管鋼舗し水,,R050704,15,建設業（総合）,
47011380,知事,丸一企画,當山 健一,901-2201,宜野湾市,新城１－３－６,098-892-5540,,個人,塗,,R050617,12,塗装・防水,1
47005997,知事,（株）丸一組,富村 一夫,901-3115,島尻郡久米島町,字儀間１４１,098-985-2772,20000,法人,土と石管鋼舗し水解,,R040822,35,建設業（総合）,
47003795,知事,丸一建設,濵川 秀一,903-0124,中頭郡西原町,字呉屋４３７－６,098-945-5879,,個人,土建大と石舗水,,R021204,35,建設業（総合）,1
47014134,知事,まるいち建設,濵川 和男,904-2215,うるま市,みどり町２－１８－１２ １０３,090-8919-0921,,個人,大とタ鋼筋解,,R070918,5,その他専門工事,1
47011707,知事,丸一設備工業,末吉 忠一郎,901-1412,南城市,佐敷新里５７－２,098-996-5297,,個人,土と石管鋼舗水,,R070315,12,建設業（総合）,1
47012352,知事,丸一たたみ店,生盛 豊,907-0004,石垣市,字登野城９－３,0980-82-4345,,個人,内,,R050909,12,内装工事,
47006306,知事,（有）丸市電気工事社,佐渡山 安市,904-2213,うるま市,字田場７９１－１,098-973-9332,10000,法人,土と電舗水,,R030118,28,建設業（総合）,1
47009518,知事,（有）丸伊電建,前田 順次,905-0601,島尻郡伊是名村,字内花２６７４－６,0980-45-2591,21000,法人,土建と石電鋼舗園水,,R051008,20,建設業（総合）,
47014141,知事,（株）マルイ溶圧,大城 直人,901-0223,豊見城市,字翁長４９８－１,098-995-9425,1000,法人,筋,,R021016,5,その他専門工事,1
47008205,知事,（株）丸内,伊豆味 俊規,901-2214,宜野湾市,我如古３－１４－１,098-898-0057,35000,法人,土建と石鋼舗し塗水解,1,R030711,20,建設業（総合）,1
47014380,知事,丸内はつり工業,内嶺 直樹,903-0804,那覇市,首里石嶺町２－９４－１ ベルグランパレＢ－３０４,098-884-8553,,個人,と,,R030702,5,その他専門工事,1
47001634,知事,（株）丸栄組,奥平 昌行,906-0013,宮古島市,平良字下里１３５７－１６,0980-73-4608,20000,法人,土と石舗水,,R070315,35,建設業（総合）,
47002971,知事,（有）丸永建設,下地 秀美,906-0006,宮古島市,平良字西仲宗根１５８５－１４,0980-72-1200,5000,法人,土建と石舗園水,,R040510,35,建設業（総合）,
47014873,知事,（株）丸栄工務店,砂川 千夏,906-0013,宮古島市,平良字下里１１７２－１２,0980-72-0051,10000,法人,土と石舗塗水,,R050428,0,建設業（総合）,
47008428,知事,（有）丸榮産業,東江 正人,902-0073,那覇市,字上間３３８,098-854-2066,6000,法人,土と石管鋼舗し井水,,R050522,20,建設業（総合）,1
47013012,知事,（株）丸英産業,安谷屋 正和,907-0024,石垣市,字新川２２５３,0980-84-1526,3000,法人,土建と石鋼筋舗し水,,R040601,8,建設業（総合）,
47005975,知事,（有）丸栄タイル商会,洲鎌 馨,907-0004,石垣市,字登野城５５２－２,0980-82-8109,3000,法人,土と石タ,,R040720,35,建設業（総合）,
47003887,知事,（有）丸栄電気水道工業,砂川 新榮,901-2134,浦添市,港川１－２５－１,098-877-8720,5000,法人,土管舗水消,,R071003,35,建設業（総合）,1
47012966,知事,（株）丸雄組,久場 一博,904-0327,中頭郡読谷村,字儀間２９４,098-923-2917,1000,法人,土と石鋼筋舗し水解,,R030513 R051211 R070107,8,建設業（総合）,1
47003828,知事,丸尾建設（株）,丸尾 剛,907-0014,石垣市,新栄町５４－１２,0980-82-4324,30000,法人,土建大と石鋼筋舗し水解,1,R060401,35,建設業（総合）,
47002215,知事,（有）丸川電気工業,川満 文子,901-2102,浦添市,字前田８６２－２０２,098-878-6189,5000,法人,電,,R040215,35,電気・設備工事,1
47003330,知事,（有）丸寛建設,与那覇 寛雄,901-2111,浦添市,字経塚８１１－４３,098-878-9563,3000,法人,建,,R070905,35,建設業（総合）,1
47010847,知事,（資）丸輝開発,仲宗根 輝尚,906-0505,宮古島市,伊良部字国仲６４５－７,0980-78-5473,7000,法人,土と石鋼舗し水,,R070722,15,建設業（総合）,
47014797,知事,マルキ建装,上門 勝,904-2245,うるま市,字赤道５７－１ ２０２号,098-974-9122,,個人,内,,R041216,0,内装工事,1
47014831,知事,（株）丸貴工業,川滿 友貴,901-2103,浦添市,仲間２－５－８,098-879-2850,200,法人,内,,R050224,0,内装工事,1
47011964,知事,（有）丸喜産業,安里 正勝,904-0012,沖縄市,安慶田３－７－１５,098-938-3365,20000,法人,土建大左と石屋タ鋼筋舗し板ガ塗防内絶具水解,1,R030714,12,建設業（総合）,1
47014652,知事,（合）丸幹総合,下地 幹,906-0012,宮古島市,平良字西里１１１９－２９ 和アパート２、５Ａ,090-6858-9506,5000,法人,土と石鋼舗し水,,R040610,0,建設業（総合）,
47011759,知事,（株）丸輝電気,田里 等,904-0103,中頭郡北谷町,字桑江５１１－１４ １Ｆ,098-936-6262,3000,法人,電管,,R070607,12,電気・設備工事,1
47014511,知事,マルキ電設,知念 清輝,901-0606,南城市,玉城字糸数５２,098-948-7500,,個人,電,,R031112,0,電気・設備工事,1
47000417,知事,（株）丸清組,仲座 正人,901-0242,豊見城市,字高安４９番地２０２,098-856-3923,33000,法人,土と石舗水,1,R030919,35,建設業（総合）,1
47005100,知事,（有）丸清建設工業,伊波 その子,901-2203,宜野湾市,野嵩３－３３－１１,098-895-4001,20000,法人,土建大左と石屋管タ鋼筋舗し板ガ塗防内絶園具水解,1,R040515,35,建設業（総合）,1
47005271,知事,（有）丸清産業,伊吉 弘,901-1115,島尻郡南風原町,字山川４４９,098-889-6544,15000,法人,土と電管舗水,,R070423,35,建設業（総合）,1
47010122,知事,（有）丸金開発,金城 和好,905-1318,国頭郡大宜味村,字津波１４０４,0980-44-2567,41000,法人,土と石鋼舗し塗水,1,R060204,15,建設業（総合）,
47008752,知事,（有）丸金建設,平良 聰,904-1111,うるま市,石川東恩納１６８１－７９,098-965-5581,5000,法人,土建大と石屋タ鋼舗内園水解,,R070717,20,建設業（総合）,1
47009475,知事,丸金建装,金城 義典,901-0336,糸満市,字真壁２６１,098-997-3387,,個人,土建と石鋼舗内水,,R050717,20,建設業（総合）,1
47015338,知事,（有）丸金プロパン,金武 政和,901-2122,浦添市,勢理客１－２２－５,098-878-8039,3000,法人,管,,R070502,0,電気・設備工事,1
47010674,知事,（株）まるくに,小那覇 邦郎,905-0007,名護市,字屋部１６９４－１,0980-54-0195,25100,法人,土と石鋼舗し塗水,1,R040204,15,建設業（総合）,
47008237,知事,（有）丸国アルミ工業,国吉 宏喜,906-0109,宮古島市,城辺字下里添１０４２－３９４,0980-77-2996,3000,法人,具,,R030420,20,その他専門工事,
47013956,知事,（株）丸京建設,島袋 京丈,901-2104,浦添市,当山１－１１－８ 石原アパート１階１０２号,098-975-7381,5000,法人,土と石鋼舗し水解,,R070428,5,建設業（総合）,1
47008419,知事,マルケイはつり,上原 薫,901-0223,豊見城市,字翁長７９１－２,098-850-5996,,個人,と,,R040209,20,その他専門工事,1
47003954,知事,（株）丸憲,比嘉 秀一,900-0021,那覇市,泉崎１－１６－５,098-863-3632,40000,法人,土建大と石屋タ鋼舗し塗内園水解,1,R030726,35,建設業（総合）,1
47000221,知事,（株）丸玄建設,川満 明,906-0013,宮古島市,平良字下里６３７－２,0980-72-8864,30000,法人,土建大と石鋼舗し水解,1,R021129,35,建設業（総合）,
47000510,知事,（株）丸元建設,糸数 幸恵,900-0025,那覇市,壺川２－１３－２６,098-853-3261,100000,法人,土建大左と石屋タ鋼筋舗し板ガ塗防内具水解,1,R030819,35,建設業（総合）,1
47008932,知事,（株）マルケン建設工業,新垣 司,904-2171,沖縄市,高原３－１０－４５,098-895-3920,20000,法人,土と石鋼舗し塗園水解,1,R021211,20,建設業（総合）,1
47008135,知事,丸源工業,友利 源貞,903-0804,那覇市,首里石嶺町４－４０９－３,098-884-0546,,個人,石タ,,R070821,20,その他専門工事,1
47013704,知事,（有）丸工開発,渡慶次 幸弘,904-2215,うるま市,みどり町５－２２－１９,098-982-4055,3000,法人,土と石鋼舗し水,,R060725,5,建設業（総合）,1
47007957,知事,（有）丸興電気,目取真 興正,904-0102,中頭郡北谷町,字伊平４１４－５,098-936-5116,3000,法人,電通消,,R041022,28,電気・設備工事,1
47010316,知事,（有）丸興電設,伊藝 房子,904-2204,うるま市,字西原４６８－７,098-989-8518,3000,法人,電,,R040612,15,電気・設備工事,1
47004404,知事,（有）丸崎建設,崎浜 吉秀,905-0228,国頭郡本部町,字伊野波７２８－１,0980-47-3735,20000,法人,土建大と石屋管鋼舗内水解,1,R031003,35,建設業（総合）,
47003438,知事,（株）丸産業,石川 丈正,901-2102,浦添市,前田１－５４－１,098-877-0120,49800,法人,土建大と屋管タ鋼内機絶水解,1,R040202,35,建設業（総合）,1
47005284,知事,丸三建設（株）,田本 秀正,901-2101,浦添市,西原２－１２－８,098-877-4444,22000,法人,土と石鋼舗し水,1,R021218,35,建設業（総合）,1
47009997,知事,（有）丸三設備,宮里 道也,901-2214,宜野湾市,我如古３－１５－１５,098-898-2582,3000,法人,土と石管舗水,,R021225,20,建設業（総合）,1
47008571,知事,（有）マルサンテック,砂川 盛三,906-0007,宮古島市,平良字東仲宗根７１０－２,0980-73-0338,20000,法人,土建と石鋼舗し水解,,R040722,20,建設業（総合）,
47007678,知事,丸繁建設,諸見里 真光,901-0504,島尻郡八重瀬町,字後原６１４－８,098-998-9381,,個人,土建と石舗水,,R070712,28,建設業（総合）,1
47004564,知事,（有）丸繁土木,新垣 繁,901-1204,南城市,大里字稲嶺５８,098-946-8468,10000,法人,土と石舗し水,,R030220,35,建設業（総合）,1
47006290,知事,丸茂ペイント,粟藏 茂德,906-0015,宮古島市,平良字久貝１０５２－２０,0980-72-6184,,個人,塗,,R020724,28,塗装・防水,
47014680,知事,（株）丸島,兼島 政作,906-0202,宮古島市,上野字新里２３５－６０１,0980-79-6788,6000,法人,土建と石管鋼舗し塗水解,,R040701 R041017,0,建設業（総合）,
47002299,知事,（有）丸島建設,島袋 松男,905-0421,国頭郡今帰仁村,字越地２８４,0980-56-5032,20000,法人,土建大と石管鋼舗し塗園具水解,1,R030825,35,建設業（総合）,
47003203,知事,（有）丸春建設,比嘉 民子,904-0011,沖縄市,照屋４－１２－１０,098-938-6354,35000,法人,土建大左と石屋タ鋼筋舗し板ガ塗防内絶具水解,1,R070824,35,建設業（総合）,1
47014827,知事,（株）丸将,石川 将樹,904-1111,うるま市,石川東恩納６２ ユタカアパート１Ｆ,098-989-9711,3000,法人,土と石鋼舗し塗水解,,R050217,0,建設業（総合）,1
47013307,知事,丸昇組,伊波 直也,904-1111,うるま市,石川東恩納１６６３,090-3796-3620,,個人,大,,R040912,8,その他専門工事,1
47014185,知事,（株）丸諸建設,諸喜田 敏彦,905-0427,国頭郡今帰仁村,字兼次５８－２,0980-43-7731,3000,法人,土と石鋼舗し水解,,R021030,5,建設業（総合）,
47013659,知事,丸城,城間 盛明,905-1147,名護市,字田井等３５３ 田井等アパート１０１,0980-59-5604,,個人,土と石鋼舗し水解,,R060412,8,建設業（総合）,
47014492,知事,（株）丸信,比嘉 秀充,905-0005,名護市,字為又４３,0980-52-4019,10000,法人,土と石管舗水,,R031022,0,建設業（総合）,
47009139,知事,（有）丸真開発,垣花 登喜子,906-0013,宮古島市,平良字下里１４７２－４,0980-73-5288,10000,法人,土建大左と石タ筋舗塗防内具,,R040120 R040131,20,建設業（総合）,
47001219,知事,（株）丸真組,眞志取 健一,900-0024,那覇市,古波蔵３－１８－１５,098-832-0533,20000,法人,土と石鋼舗し塗園水解,1,R041030,35,建設業（総合）,1
47002593,知事,（株）丸新建設,新里 太,901-2203,宜野湾市,野嵩２－１２－６,098-892-0791,40000,法人,土建大と石屋管タ鋼舗し内園水解,1,R030908,35,建設業（総合）,1
47009907,知事,（有）丸親建設,新垣 正明,901-0152,那覇市,小禄１－１７－２３－１０５,098-858-4848,3000,法人,建大屋タ内,,R070816,20,建設業（総合）,1
47014017,知事,（株）丸真建設,真喜志 一輝,900-0016,那覇市,前島２－２２－２２ヴィラフェリス５階,098-869-1040,48000,法人,土建大左と石屋電管タ鋼筋舗し板ガ塗防内絶具水解,1,R060126,5,建設業（総合）,1
47014604,知事,（株）丸眞興業,知念 真次,901-2421,中頭郡中城村,字登又２６６－１,090-9781-9040,5000,法人,土と舗,,R040408,0,建設業（総合）,1
47012922,知事,（株）丸仁工業,林 仁志,901-0211,豊見城市,字饒波５１ チャームドコート１０２号室,098-857-9446,3000,法人,筋,,R030314,8,その他専門工事,1
47008643,知事,（有）丸真産業,當眞 嗣也,904-1301,国頭郡宜野座村,字松田２４７０,098-968-4162,20000,法人,土建と石管鋼舗し塗水,,R030827,20,建設業（総合）,
47009156,知事,（有）丸真産業,名嘉真 康夫,906-0601,宮古郡多良間村,字塩川２５０,0980-79-2748,3000,法人,土と石鋼舗し水,,R041120,20,建設業（総合）,
47007286,知事,丸信タイル工業,友利 和正,901-2225,宜野湾市,大謝名２－１－２０グリーンハイツ和Ａ－１,098-897-4660,,個人,タ,,R070831,28,その他専門工事,1
47007629,知事,（有）丸進土木,平良 勝子,906-0007,宮古島市,平良字東仲宗根３４２－１,0980-72-7349,3000,法人,土と石鋼舗し水,,R030928,28,建設業（総合）,
47011716,知事,（株）丸伸土木工業,石垣 伸,901-0241,豊見城市,字豊見城５３０－８ レジデンスながみね１０２,098-995-9512,3000,法人,土建と石鋼舗し塗園水解,,R070329,12,建設業（総合）,1
47014550,知事,丸盛建設,山城 盛安,901-2101,浦添市,西原６－１６－９ Ｂ－７３,080-6492-2588,,個人,土建と石鋼舗し水解,,R040114,0,建設業（総合）,1
47011145,知事,（有）丸生重機,玉城 淳二,907-0024,石垣市,字新川４２６－１,0980-82-4776,5000,法人,土建と石鋼舗し水解,,R031011,15,建設業（総合）,
47012813,知事,（株）丸瀬建設,瀬長 常雄,901-0241,豊見城市,字豊見城４２３－３,098-850-3790,5000,法人,土建と石舗水,,R070821,12,建設業（総合）,1
47012181,知事,丸設備工業,名嘉 純夫,901-1204,南城市,大里字稲嶺２３５５－６ー２１－４,098-946-2746,,個人,土と石管鋼舗し水,,R041108,12,建設業（総合）,1
47013896,知事,（株）マルゼン,比嘉 基,900-0003,那覇市,安謝２－２－１２,098-863-6111,30000,法人,大左石屋タ板ガ塗防内絶具,,R070217,5,塗装・防水,1
47000830,知事,（有）丸善組,善平 初美,906-0506,宮古島市,伊良部字長浜２１６－２,0980-78-3561,30000,法人,土建と石管鋼舗し水解,1,R060806,35,建設業（総合）,
47002178,知事,（株）丸善組,新垣 尚,904-1103,うるま市,石川赤崎１－９－３,098-964-2608,30000,法人,土建大左と石屋電タ鋼筋舗し板ガ塗防内絶具水解,1,R051118,35,建設業（総合）,1
47013596,知事,丸宗（株）,山里 廣,904-2234,うるま市,字州崎１３－１７,098-921-2727,10000,法人,管機,,R051130,8,電気・設備工事,1
47000232,知事,（株）丸高,大西 英彦,904-2171,沖縄市,高原２－３－２,098-923-2801,20000,法人,電消,1,R031220,35,電気・設備工事,1
47012650,知事,（株）マルタカ,＊安 覚,901-0313,糸満市,字賀数３４６－５,098-994-2056,500,法人,土と石鋼筋舗し塗水,,R070129,12,建設業（総合）,1
47001952,知事,（株）丸孝組,前田 孝明,905-1303,国頭郡大宜味村,字喜如嘉１１１７－１,0980-44-3510,35000,法人,土建大と石管鋼舗し塗内園水解,1,R021224,35,建設業（総合）,
47006985,知事,（有）丸高建設工業,＊安 覚,901-0223,豊見城市,字翁長８４４－２０,098-850-0978,20000,法人,土建大と石屋タ鋼筋舗内水,1,R070107,28,建設業（総合）,1
47011309,知事,丸拓建設,天久 詳一,905-0005,名護市,字為又５０６－２,0980-53-7702,,個人,土建大と石管鋼舗し水,,R041221,12,建設業（総合）,
47007514,知事,（有）丸武建設,前西原 好広,907-1801,八重山郡与那国町,字与那国４０２２－６７,0980-87-2221,20000,法人,土建と石電管鋼舗し塗水,1,R030514,28,建設業（総合）,
47001757,知事,（有）マルタ工業,多良間 百代,906-0006,宮古島市,平良字西仲宗根３１１－１,0980-72-3175,20000,法人,土建大左と石屋タ鋼筋舗し板ガ塗防内絶具水解,1,R050616,35,建設業（総合）,
47014133,知事,（株）丸太鉄筋工業,比嘉 太加志,901-1202,南城市,大里古堅６９１－１ １０２,098-943-8535,2000,法人,筋,,R070911,5,その他専門工事,1
47011113,知事,（有）丸玉メンテナンス,玉城 守,902-0065,那覇市,壺屋２－８－１（５０１号）,098-943-8920,15000,法人,管,,R030831,15,電気・設備工事,1
47012315,知事,（株）マルチプラン,安田 英樹,901-1102,島尻郡南風原町,字宮城３５０－２,098-889-2086,3000,法人,土建と石鋼舗し水解,,R050701,12,建設業（総合）,1
47014359,知事,丸嗣（株）,黒島 秀嗣,907-0024,石垣市,字新川２３１３－６,0980-87-7224,1000,法人,大内,,R030611,5,内装工事,
47011640,知事,丸哲建設,川満 哲雄,906-0303,宮古島市,下地字洲鎌２９６－１１,0980-76-3137,,個人,大,,R061125,12,その他専門工事,
47014385,知事,（合）丸哲工業,狩俣 政幸,906-0015,宮古島市,平良字久貝１２０８－３,0980-72-4660,9000,法人,鋼,,R030709,5,その他専門工事,
47007452,知事,（有）丸天建設,天久 繁次,905-0212,国頭郡本部町,字大浜８８３－８,0980-47-3989,10000,法人,土建大と石管舗園水,,R030131,28,建設業（総合）,
47009235,知事,（有）丸当開発,當間 邦光,901-0242,豊見城市,字高安３５５－５,098-850-0167,9800,法人,土建と石鋼舗し塗水,,R060521,20,建設業（総合）,1
47007938,知事,（株）丸統重機土木,新里 好美,906-0506,宮古島市,伊良部字長浜１５８２－４,0980-78-6337,30000,法人,土建と石管鋼舗し塗園水,1,R040627,28,建設業（総合）,
47014853,知事,マルト企画,豊里 友典,904-2242,うるま市,字高江洲７９６－４,098-974-8646,,個人,筋,,R050407,0,その他専門工事,1
47012817,知事,（株）まるとく,下地 幸徳,901-2404,中頭郡中城村,添石７１－１,098-894-2739,3000,法人,筋,,R070831,12,その他専門工事,1
47013298,知事,（株）丸徳開発,儀間 長徳,901-0306,糸満市,西崎３－２０７Ａ－２,098-995-3823,6000,法人,土と石鋼舗し塗水解,,R040908,8,建設業（総合）,1
47015263,知事,（有）丸徳開発,上原 健,900-0024,那覇市,古波蔵３－１１－１６,098-851-5380,10000,法人,土と石鋼舗し塗水,,R061227,0,建設業（総合）,1
47006346,知事,（有）丸徳工業,平良 英徳,903-0103,中頭郡西原町,字小那覇１３６６－１,098-895-4000,7000,法人,土と石舗水,,R021107,28,建設業（総合）,1
47013312,知事,（株）丸徳塗装,新垣 和徳,903-0122,中頭郡西原町,字小橋川７５（２Ｆ）,098-927-3201,5000,法人,塗,,R040920,8,塗装・防水,1
47005866,知事,（有）丸友開発,惣慶 長喜,902-0072,那覇市,字真地１８５,098-832-6758,22000,法人,土と石鋼舗し塗水,1,R030419 R030704,35,建設業（総合）,1
47014534,知事,（株）まるなか建設,仲程 雄一,904-1106,うるま市,石川１－２７－１３,098-965-7082,5000,法人,土建大左と石屋タ鋼筋舗し板ガ塗防内絶具水解,,R031217,0,建設業（総合）,1
47013944,知事,（株）丸長重機,翁長 朝計,901-2422,中頭郡中城村,字新垣４９８,090-3794-9055,5000,法人,と,,R070420,5,その他専門工事,1
47002720,知事,丸仲水道工事社,仲間 義明,904-1201,国頭郡金武町,字金武１６３,098-968-4988,,個人,土と石管舗水,,R021209,35,建設業（総合）,
47002241,知事,（有）丸仲電気,仲間 幹男,904-1201,国頭郡金武町,字金武３２６－２,098-968-2128,10000,法人,土と石電舗通水消,,R030910,35,建設業（総合）,
47007947,知事,（有）丸仲土建,仲宗根 末光,905-0505,国頭郡伊江村,字西江上２,0980-49-5438,40000,法人,土建大と石管鋼舗し塗園水解,1,R070710,28,建設業（総合）,
47006882,知事,（有）丸中土木,垂水 大輔,904-0033,沖縄市,山里２－１５－１５－１０６号室,098-989-8349,4000,法人,土と石舗水,,R040811,28,建設業（総合）,1
47013154,知事,丸波左官,饒波 正光,901-2422,中頭郡中城村,字新垣１０９４番地２,090-4470-3611,,個人,土建大左と石屋タ鋼筋舗し板ガ塗防内絶具水,,R031220,8,建設業（総合）,1
47014719,知事,（株）丸西工業,西波照間 達也,903-0103,中頭郡西原町,字小那覇１０４９－２,098-835-8805,1000,法人,土建と石鋼舗し水,,R040902,0,建設業（総合）,1
47011791,知事,丸久工業,久高 誠,904-2202,うるま市,字天願１４８４池端宅,090-7153-6790,,個人,具,,R070713,12,その他専門工事,1
47015222,知事,（株）丸久工務店,照屋 博道,904-2243,うるま市,字宮里２０２－１,080-1725-7397,5000,法人,土と石鋼舗し水,,R061021,0,建設業（総合）,1
47006718,知事,（株）丸久商会,永山 久,901-2223,宜野湾市,大山７－４－１０,098-897-0073,45000,法人,土建と石屋鋼舗板内水,,R070829,28,建設業（総合）,1
47012849,知事,丸久電設（有）,久貝 貞義,902-0073,那覇市,字上間３４５番地１グレイスハイムうえま２号棟６０６,098-855-5705,3000,法人,電,,R071030,12,電気・設備工事,1
47001811,知事,（株）丸秀,伊良皆 勝浩,906-0007,宮古島市,平良字東仲宗根３５０,0980-72-3396,40000,法人,土建と電管舗ガ塗防内機水消,1,R021121,35,建設業（総合）,
47012538,知事,（株）丸秀建設工業,當銘 秀樹,901-0204,豊見城市,字金良４２９－１６,098-856-2878,9500,法人,土建大左と石屋タ鋼筋舗し板ガ塗防内絶具水解,,R060702,12,建設業（総合）,1
47011580,知事,（有）マルヒデ産業,千葉 秀雄,901-0146,那覇市,具志３－２３－１５,098-859-1204,3000,法人,屋,,R060812,12,その他専門工事,1
47013972,知事,丸平工業,平良 吉彦,901-0411,島尻郡八重瀬町,字友寄８１６,098-998-2649,,個人,具,,R070529,5,その他専門工事,1
47015322,知事,（株）丸博開発,仲座 長博,901-2126,浦添市,宮城２－３９－５,098-961-8644,1000,法人,土建大左と石屋タ鋼筋舗し板ガ塗防内絶具水解,,R070404,0,建設業（総合）,1
47000492,知事,（株）丸博建設,平良 ヒデ,906-0104,宮古島市,城辺字比嘉９５２,0980-77-4316,30000,法人,土建と石管鋼舗し塗水解,1,R050207,35,建設業（総合）,
47008905,知事,（株）丸浩重機工業,比嘉 ルミ,901-1207,南城市,大里字古堅７５２－１,098-945-4387,24750,法人,土建大左と石屋タ鋼筋舗し板ガ塗防内絶具水解,1,R030909,20,建設業（総合）,1
47014189,知事,（株）丸浩ライフ・ワン,比嘉 俊浩,907-0002,石垣市,字真栄里３９４－１,0980-84-2111,5900,法人,土と石鋼舗し塗水解,,R021106,5,建設業（総合）,
47000063,知事,（株）丸福,狩俣 康成,901-2122,浦添市,勢理客３－３－１３,098-878-8412,45650,法人,土建と石電管舗塗機通水,1,R070613,35,建設業（総合）,1
47014391,知事,（合）丸福建設,知花 盛夫,904-0322,中頭郡読谷村,字波平２２５５－２,098-989-8140,5000,法人,土と石鋼舗し塗水,,R030709 R050705,5,建設業（総合）,1
47013902,知事,丸福重機（合）,稲福 健一,904-2142,沖縄市,字登川９１６－１,098-934-4190,1000,法人,と,,R070228,5,その他専門工事,1
47001006,知事,（有）丸間組,仲間 実道,904-2166,沖縄市,古謝津嘉山町３１－１６,098-937-9328,5000,法人,土建大と石屋管タ鋼舗内水解,,R030914,35,建設業（総合）,1
47009043,知事,（有）丸正開発,大城 達樹,901-0315,糸満市,字照屋７７６－１,098-995-2848,20000,法人,土建大左と石屋タ鋼筋舗し板ガ塗防内絶具水解,1,R070726,20,建設業（総合）,1
47013599,知事,（株）丸正組,仲村 朝浩,904-2312,うるま市,勝連平安名２９２５－２,098-978-2552,5000,法人,建,,R051207,8,建設業（総合）,1
47002938,知事,（有）丸正工業,比嘉 久子,905-0013,名護市,城１－２１－１５,0980-53-2134,20000,法人,土と石電管鋼舗し水,1,R040828,35,建設業（総合）,
47006243,知事,（株）丸政工務店,上原 惠子,904-1202,国頭郡金武町,字伊芸２０００－２,098-968-2631,49500,法人,土建大左と石屋電管タ鋼筋舗し板ガ塗防内絶園具水解,1,R060901,28,建設業（総合）,
47005729,知事,（有）丸政設備,伊波 ひろみ,904-0415,国頭郡恩納村,字仲泊１２２９－１ツマサーハル１０３号室,098-965-2762,35000,法人,土と石管鋼舗し塗機水解,1,R060828,35,建設業（総合）,
47012874,知事,（株）丸正鉄工,比嘉 正光,904-2142,沖縄市,字登川３２６６－１,098-939-1068,5000,法人,建鋼解,,R021204,12,建設業（総合）,1
47001681,知事,（株）丸松建設,棚原 義隆,904-2155,沖縄市,美原一丁目６番５号,098-937-1088,30000,法人,土建大左と石屋タ鋼舗し板ガ塗防内絶具水解,1,R071015,35,建設業（総合）,1
47013771,知事,（合）マルミ工業,稲福 千夏,901-2121,浦添市,内間４－４－１９,098-878-2068,5000,法人,土建大と石屋タ舗内水解,,R060906 R070808,5,建設業（総合）,1
47012828,知事,（株）丸光,比嘉 隼人,901-2213,宜野湾市,志真志３－１１－１ １Ｆ屋嘉比アパート,098-898-7641,5000,法人,建大左と石屋タ鋼筋板ガ塗防内絶具解,,R061004,12,建設業（総合）,1
47002204,知事,（有）丸宮組,宮城 信昌,901-0403,島尻郡八重瀬町,字世名城８０５,098-998-4956,10000,法人,建大屋タ内,,R070628,35,建設業（総合）,1
47003376,知事,（有）丸宮組,金城 亮,904-0401,国頭郡恩納村,字名嘉真５４,098-967-8668,25000,法人,土建大と石屋鋼筋舗防内具水,1,R031213,35,建設業（総合）,
47007799,知事,（有）丸宮建設,宮城 和矢,905-2264,名護市,字三原２５２－６,0980-55-8941,35000,法人,土建と石鋼舗し塗水解,1,R040617,28,建設業（総合）,
47015059,知事,（株）丸宮建設,宮城 弘安,902-0071,那覇市,繁多川１－１２－３３コーポラスタイラＢ－３０１,090-1940-9434,5000,法人,土建と石鋼舗し水,,R060202,0,建設業（総合）,1
47006475,知事,（有）丸宮産業,宮城 久季,900-0024,那覇市,古波蔵１－２９－３９,098-834-8668,10000,法人,土と石管舗水,,R021216,28,建設業（総合）,1
47006101,知事,丸元ガラス,祖納元 信幸,907-0002,石垣市,字真栄里７５６－１６,0980-82-3997,,個人,土と石舗ガ具水,,R041205,28,建設業（総合）,
47013426,知事,（株）丸元電気工事,砂川 元,904-0032,沖縄市,諸見里１－２－１１,098-933-4274,20000,法人,電,,R050328,8,電気・設備工事,1
47006493,知事,（有）まるや開発,仲本 政功,901-0401,島尻郡八重瀬町,字東風平７９４－１,098-998-6090,5000,法人,土と石管鋼舗水,,R051118,28,建設業（総合）,1
47001108,知事,（有）丸安建設,屋宜 満,904-1304,国頭郡宜野座村,字漢那７５９,098-968-2976,20000,法人,土建大左と石屋電管タ鋼筋舗し板ガ塗防内絶具水解,1,R060730,35,建設業（総合）,
47004971,知事,丸屋電設,玉城 弘昭,905-0007,名護市,字屋部１６７３,0980-52-0401,,個人,電,,R040529,35,電気・設備工事,
47000288,知事,（有）丸山組,山城 良幸,905-0504,国頭郡伊江村,字西江前１５１－２,0980-49-2876,40000,法人,土建大と石管鋼舗し塗内園具水解,1,R070711,35,建設業（総合）,
47015362,知事,マルユウ建設,田中 隆喜,902-0073,那覇市,字上間５９８－１ 上間マンション３０６,080-1708-6314,,個人,土と石鋼舗し水解,,R070530,0,建設業（総合）,1
47011500,知事,丸勇鉄筋工業,比嘉 勇人,901-2321,中頭郡北中城村,字美崎８－Ｈ,098-935-5587,,個人,筋,,R060313,12,その他専門工事,1
47007022,知事,（有）丸優電気,比嘉 優,904-0323,中頭郡読谷村,字高志保３２６,098-958-6890,5000,法人,電,,R041117,28,電気・設備工事,1
47008611,知事,（有）マルユウ土建,平識 雄太郎,904-2204,うるま市,字西原６７５－４,098-974-7396,45000,法人,土建大左と石屋管タ鋼筋舗し板ガ塗防内絶具水解,1,R061210,20,建設業（総合）,1
47010319,知事,（有）マルヨ,饒平名 知成,905-0214,国頭郡本部町,字渡久地８８２－３,0980-47-3957,5000,法人,建大左石屋タ板ガ塗防内絶具,,R040613,15,建設業（総合）,
47014156,知事,（株）まる吉,吉田 真人,901-2102,浦添市,前田１－１０－１４ ２Ｆ,090-4779-8047,9300,法人,土と石鋼舗し水,,R071016,5,建設業（総合）,1
47002949,知事,（株）丸吉組,吉永 功,901-3111,島尻郡久米島町,字山城８２８－１,098-985-8352,38000,法人,土建大左と石屋管タ鋼筋舗し板ガ塗防内絶園具水解,1,R030611 R040117,35,建設業（総合）,
47002194,知事,丸良建設（株）,平良 正樹,906-0006,宮古島市,平良字西仲宗根４５６,0980-72-2093,48000,法人,土建と石鋼舗し塗水解,1,R060928,35,建設業（総合）,
47007482,知事,（有）丸義建設,野原 篤,901-1113,島尻郡南風原町,字喜屋武３８３番地１,098-889-7652,5000,法人,建大,,R030408,28,建設業（総合）,1
47012854,知事,（株）丸芳工業,金武 芳和,901-2112,浦添市,沢岻２－８－５,098-873-0526,5000,法人,土建と石鋼舗し水解,,R021030 R030115,12,建設業（総合）,1
47013031,知事,（株）マルヨシ電気,平良 勉,901-2132,浦添市,伊祖５－８－６,098-875-0409,3000,法人,電,,R030804,8,電気・設備工事,1
47003490,知事,（有）丸良電建工業,比嘉 良勝,905-0216,国頭郡本部町,字浜元７８０－１,0980-47-3873,20000,法人,土建大と電管鋼舗水解,1,R070518,35,建設業（総合）,
47011043,知事,（有）丸和,国吉 真彦,901-0412,島尻郡八重瀬町,字上田原１８９番地,098-998-0460,5000,法人,土と石電鋼舗し水消,,R030519,15,建設業（総合）,1
47013814,知事,（株）丸和開発,比嘉 和史,902-0075,那覇市,字国場１０６９－１ サントピア古蔵３０５,098-850-7895,5000,法人,左,,R060202,5,その他専門工事,1
47012724,知事,（株）丸和組,横目 和夫,901-1205,南城市,大里字高平６０１－１,098-946-7687,3000,法人,と,,R070407,12,その他専門工事,1
47013188,知事,（株）丸和興業,田場 武和,904-2235,うるま市,字前原２４３－３,098-989-1123,5000,法人,塗防,,R040417,8,塗装・防水,1
47009305,知事,（株）丸和産業,當間 健太,905-0415,国頭郡今帰仁村,字玉城６２３,0980-56-3969,10000,法人,電管,,R040925,20,電気・設備工事,
47012259,知事,（株）丸和産業,石垣 正,902-0075,那覇市,字国場１１８３番地２,098-831-8682,3000,法人,電管,,R050411,12,電気・設備工事,1
47015279,知事,丸和電気（株）,砂川 勇樹,906-0013,宮古島市,平良字下里１３７２－１８,0980-79-9714,300,法人,電,,R070128,0,電気・設備工事,
47014992,知事,（株）真和志工業,奥原 真之介,902-0077,那覇市,長田２－５－２４（１０２）,098-851-4288,5000,法人,大筋,,R051020,0,その他専門工事,1
47007282,知事,（有）万代設備,石嶺 晃,904-0103,中頭郡北谷町,字桑江６３２－１,098-936-7488,25000,法人,土と石電管鋼舗機水消,1,R060507,28,建設業（総合）,1
47013421,知事,（株）ＭｉＡホーム,宮里 健,904-0325,中頭郡読谷村,字瀬名波２５３－２,098-958-4587,5000,法人,土と石鋼舗し塗水解,,R050320,8,建設業（総合）,1
47012321,知事,（株）みいぢ電気,新地 孝正,904-0324,中頭郡読谷村,字長浜１７７３－４,098-958-2772,5000,法人,電,,R050712,12,電気・設備工事,1
47010794,知事,（有）三樹開発,棚原 豊樹,906-0013,宮古島市,平良字下里１１９０－３,0980-73-1884,20000,法人,土と石鋼舗し園水,,R070310,15,建設業（総合）,
47015251,知事,未来コーポレーション,喜納 富彦,901-2223,宜野湾市,大山２－９－２ １－Ａ,080-6492-0622,,個人,電,,R061205,0,電気・設備工事,1
47012061,知事,三喜産業,桑畑 喜一郎,904-2231,うるま市,字塩屋３５４－２３,098-974-8051,,個人,建大,,R040223,12,建設業（総合）,1
47012947,知事,幹設備,島袋 幹也,904-2213,うるま市,字田場１２１－１ コーポアゲナ１０２,098-989-5247,,個人,管,,R030419,8,電気・設備工事,1
47014235,知事,美国建設（株）,新垣 弘樹,901-0402,島尻郡八重瀬町,字富盛２９２０,098-998-0107,7000,法人,大と,,R030108,5,その他専門工事,1
47006454,知事,（有）三国電工,幸地 兼昭,901-1116,島尻郡南風原町,字照屋２９２－１,098-889-0080,25000,法人,土と石電管鋼舗し水,1,R050810,28,建設業（総合）,1
47005140,知事,（有）三崎工業,知念 秀明,903-0802,那覇市,首里大名町１－１６１－１エンゼルハイム首里大名１０６号,098-884-0537,25000,法人,土と石管鋼舗し水消,1,R030523 R051124,35,建設業（総合）,1
47008323,知事,（有）ミサキ工業,比嘉 健一郎,903-0103,中頭郡西原町,字小那覇１４６２－１,098-946-9810,8000,法人,土建大と石屋タ鋼舗内具水,,R030717,20,建設業（総合）,1
47000759,知事,（有）ミサキ工務店,宮城 明美,901-0243,豊見城市,字上田１５４,098-851-9015,22000,法人,土建大と屋タ舗内,,R070824,35,建設業（総合）,1
47013093,知事,（株）美桜組,外間 剛,904-2233,うるま市,字豊原２４３－１ オキナワハウス１階,098-923-5712,1500,法人,建大と石屋タ鋼塗内,,R031108,8,建設業（総合）,1
47014023,知事,（株）ＭＩＳＡＴＯ,美里 浩昭,901-2134,浦添市,港川１－３５－８－６０５,098-870-0123,3000,法人,土と石鋼舗し塗水,,R070626,5,建設業（総合）,1
47011058,知事,（有）ミサト建設,美里 秀幸,902-0072,那覇市,字真地４５０－１５,098-832-3219,4690,法人,と,,R030616,15,その他専門工事,1
47011286,知事,美里コンクリートポンプ,辺土名 広子,904-2151,沖縄市,松本２－５８８－９,098-937-3222,,個人,と,,R041004,15,その他専門工事,1
47013915,知事,（合）美里設備工業,喜納 哲史,904-2153,沖縄市,美里５－１３－６,098-937-5466,5000,法人,土と石管鋼舗し水,,R070316,5,建設業（総合）,1
47009737,知事,（有）美島開発,比嘉 毅,901-2301,中頭郡北中城村,字島袋２７４－４、１０２号室,098-930-0947,3000,法人,土と石鋼舗し水,,R061014,20,建設業（総合）,1
47012458,知事,（株）美島工業,金城 順子,901-0244,豊見城市,宜保４－３－１９,098-856-6901,1000,法人,土建と石鋼舗し塗水解,,R060305,12,建設業（総合）,1
47012284,知事,（株）ミシマ・プラン,島袋 香,904-2155,沖縄市,美原２－１８－３,098-937-4006,3000,法人,土建と石電管鋼舗し塗水,,R050531,12,建設業（総合）,1
47014350,知事,（株）三島ブロックメーソンリーコンストラクション,三島 幸則,900-0006,那覇市,おもろまち１－１－２５－６０２,098-866-9894,3000,法人,石タ,,R030604,5,その他専門工事,1
47011398,知事,ミズト建設（株）,與那嶺 利奈,904-0021,沖縄市,胡屋４－２３－３,098-932-9524,6000,法人,土建と石管鋼舗し水,,R050714,12,建設業（総合）,1
47011515,知事,（有）ＭＩＺＵＨＯ,新垣 守崇,903-0125,中頭郡西原町,上原１－１０－１９ ルーフビル２Ｆ,098-944-4496,3000,法人,建大左と石屋タ鋼筋板ガ塗防内絶具,,R060512,12,建設業（総合）,1
47006842,知事,（有）美住工務店,比嘉 勇二,902-0078,那覇市,識名１－６－２６,098-833-0166,5000,法人,建大,,R040526,28,建設業（総合）,1
47015444,知事,溝下建装,溝下 裕基,901-0242,豊見城市,字高安１４３ ＢＥＬＬ１０１,090-3191-8260,,個人,内,,R070912,0,内装工事,1
47012088,知事,（有）三高工業,高宮城 三郎,904-2142,沖縄市,字登川２９４１,098-989-3851,5000,法人,機,,R040509,12,電気・設備工事,1
47005509,知事,（株）美玉開発,照屋 一盛,902-0074,那覇市,字仲井真３５６－１赤嶺アパート３Ａ,098-831-7143,26000,法人,土建大左と石屋タ鋼筋舗し板ガ塗防内絶園具水解,1,R040314,35,建設業（総合）,1
47003246,知事,三伊土木（有）,金城 信幸,905-0703,島尻郡伊平屋村,字我喜屋１８１３－１,0980-46-2328,25000,法人,土と石鋼舗し塗水,1,R030614,35,建設業（総合）,
47002618,知事,光蔵工業（株）,稲嶺 晴夫,901-2131,浦添市,牧港５－１３－１,098-877-5489,10000,法人,絶,,R030218,35,その他専門工事,1
47014102,知事,滿工業,川滿 忍,906-0007,宮古島市,平良字東仲宗根８９８－１５ ２Ｆ,090-4987-5386,,個人,左,,R070904,5,その他専門工事,
47015302,知事,（株）ミッション．,平田 義三,901-0305,糸満市,西崎６－１２－９グレイスヒラタ５０５,098-840-3905,3000,法人,建大左と石屋タ鋼筋板ガ塗防内絶具,,R070305,0,建設業（総合）,1
47015047,知事,（株）光永企画,光永 光,903-0116,中頭郡西原町,字幸地４２４ プレミールヴィラ４０２号,098-917-4323,5000,法人,塗,,R060112,0,塗装・防水,1
47009109,知事,（有）三濱工業,小濱 清勇,901-2203,宜野湾市,野嵩４－２－５,098-892-7318,3000,法人,土と石舗し水,,R031029,20,建設業（総合）,1
47001195,知事,（株）三星建設,瀬長 誠,901-0243,豊見城市,字上田５３６－２１,098-850-6089,40000,法人,土と石管鋼舗水消解,1,R040910 R060408,35,建設業（総合）,1
47010208,知事,（有）三ツ元,喜屋武 伸矢,901-1206,南城市,大里字仲間９２２,098-975-9429,15000,法人,建大屋タ内,,R031120,15,建設業（総合）,1
47013703,知事,（株）三基建設,當銘 健,907-0001,石垣市,字大浜３７４－７,0980-88-6114,20000,法人,土と石鋼舗し塗水解,,R060607,5,建設業（総合）,
47006632,知事,（有）三ツ矢土建,金城 常雄,901-0331,糸満市,字真栄平１６４４－５,098-997-3130,10000,法人,土建と石鋼舗し塗園水,,R070824,28,建設業（総合）,1
47015340,知事,ミツヤハウス,與那嶺 壮史,901-1104,島尻郡南風原町,字宮平８７４－６,098-996-3395,,個人,建大左と石屋タ鋼筋板ガ塗防内絶具,,R070502,0,建設業（総合）,1
47002536,知事,三善建設（株）,宮里 佳斉,903-0103,中頭郡西原町,字小那覇１１５１,098-945-4331,50000,法人,土建大と石屋タ鋼舗し塗内水解,1,R030425 R050529,35,建設業（総合）,1
47012639,知事,満吉住宅,川満 栄春,901-0311,糸満市,字武富５９５－２６６,098-987-5200,,個人,土建と石鋼舗し水,,R070116,12,建設業（総合）,1
47013854,知事,（株）三良総建,城間 盛広,904-0032,沖縄市,諸見里１－４０－３３ １Ｆ,098-962-2809,3000,法人,土と石鋼舗し塗水解,,R061213,5,建設業（総合）,1
47013958,知事,（株）三二六工務店,宮城 充,900-0024,那覇市,古波蔵４－３－８,098-840-4569,5000,法人,電内,,R070511,5,電気・設備工事,1
47007783,知事,（株）充総興,福里 正吉,901-2132,浦添市,伊祖２－２４－９,098-875-0153,20000,法人,土と石電舗通水解,1,R040216 R050224,28,建設業（総合）,1
47014615,知事,（有）三和工業,仲村 実,904-2213,うるま市,字田場１８３６－１,098-973-2511,10000,法人,管,,R040415,0,電気・設備工事,1
47011979,知事,（有）三和商事,仲村 靖,904-2213,うるま市,字田場１８３６－１,098-973-6349,5000,法人,土と石管鋼舗し水,,R030817,12,建設業（総合）,1
47011012,知事,（有）みつわ装工,川満 祐作,901-2131,浦添市,牧港１－５５－８,098-875-9303,5000,法人,内,,R030405,15,内装工事,1
47015375,知事,（株）光和タイル商会,大嶺 悦子,907-0023,石垣市,字石垣６７,0980-83-5622,5000,法人,タ,,R070620,0,その他専門工事,
47011042,知事,ミツワ電機,久貝 敏,901-2103,浦添市,仲間２－３９－８,098-878-6056,,個人,管,,R030517,15,電気・設備工事,1
47011204,知事,（有）光和塗装,祖平 光広,901-0145,那覇市,高良２－１５－３７,098-859-3790,9500,法人,塗防,,R040419,15,塗装・防水,1
47015425,知事,（株）みどり建設,内間 誉仁,906-0015,宮古島市,平良字久貝１９５,070-9098-0385,5000,法人,土と石鋼舗し水解,,R070825,0,建設業（総合）,
47014053,知事,みどり工業,金城 聰,904-2215,うるま市,みどり町２－２５－５,098-974-4331,,個人,管,,R070717,5,電気・設備工事,1
47015273,知事,碧工業,喜納 武康,904-2236,うるま市,喜仲２－５－４,070-5498-8503,,個人,土と石鋼舗し水解,,R070110,0,建設業（総合）,1
47014606,知事,みどり畳店,砂川 康勇,905-0017,名護市,大中２－１－１,0980-52-2317,,個人,内,,R040408,0,内装工事,
47008745,知事,（有）みどり町建設,知花 武信,904-2215,うるま市,みどり町５－１２－１０,098-972-7843,3000,法人,土建園,,R070710,20,建設業（総合）,1
47003178,知事,三成技建（株）,當山 玄吉,906-0012,宮古島市,平良字西里８９５－３,0980-73-1995,20000,法人,土と石管鋼舗し水消,1,R070529,35,建設業（総合）,
47012082,知事,（株）ミナミ,島袋 尚光,901-1104,島尻郡南風原町,字宮平６６３－４ 栄廣マンション３０１,098-888-1052,2000,法人,電,,R040324,12,電気・設備工事,1
47009122,知事,（有）南開発,大城 誠,902-0073,那覇市,字上間４７９－１若竹マンション２－Ａ,098-851-9735,8000,法人,土と石鋼舗し水解,,R031125,20,建設業（総合）,1
47003772,知事,（資）南機械サービス,宮里 正良,903-0101,中頭郡西原町,字掛保久１９６－３,098-945-9023,10000,法人,と電管機,,R021220,35,電気・設備工事,1
47011287,知事,南技建,友利 隆,901-0311,糸満市,字武富５９５－６６,098-994-2488,,個人,大,,R041004,15,その他専門工事,1
47001386,知事,（株）南建設,安次富 寿江,905-0015,名護市,大南２－５－７,0980-52-1545,40000,法人,土建大と石屋管タ鋼舗し内園水解,1,R070412,35,建設業（総合）,
47010436,知事,（有）ミナミ建設,玉城 剛,901-1203,南城市,大里字大城１８２０－７,098-945-7103,3000,法人,土と石鋼舗し水,,R050124,15,建設業（総合）,1
47011276,知事,ミナミ建設（株）,當山 順子,901-2424,中頭郡中城村,字南上原９２７－２ 普天間アパート１０２,098-895-1931,5000,法人,土と石鋼舗し水,,R040925,15,建設業（総合）,1
47009059,知事,（有）南工業,新垣 英樹,901-0212,豊見城市,字平良１０８－１－１０３,098-856-8071,20000,法人,土建大左と石屋電管タ鋼舗し板ガ塗防内機絶具水解,1,R070519,20,建設業（総合）,1
47013841,知事,南工業,伊良波 廉,901-0151,那覇市,鏡原町７－１ ＡＺ大橋２－Ｂ,080-6866-4631,,個人,大,,R061129,5,その他専門工事,1
47014879,知事,ミナミ興業（株）,大城 稔,901-0305,糸満市,西崎２－３－２０ マ・エスパス２０１,090-3459-2478,1000,法人,と,,R050512,0,その他専門工事,1
47014439,知事,みなみ工務店,南谷 賢二,901-2412,中頭郡中城村,字奥間９４８－１８,090-9997-7916,,個人,建大屋タ内,,R030827,0,建設業（総合）,1
47008166,知事,（有）ミナミ製作所,幸地 正雄,901-0306,糸満市,西崎町５－１０－１５,098-992-4776,3000,法人,内,,R021014,20,内装工事,1
47008839,知事,南電気,與儀 實,904-0322,中頭郡読谷村,字波平２２７,098-958-6900,,個人,電,,R021026,20,電気・設備工事,1
47012366,知事,南日本空調設備（株）,津波 秀二,903-0124,中頭郡西原町,字呉屋９１,098-944-5330,6000,法人,管,,R051008,12,電気・設備工事,1
47015386,知事,（株）みなもと,池間 祐介,906-0013,宮古島市,平良字下里１４７６－２,090-8872-5228,3000,法人,電消,,R070801,0,電気・設備工事,
47013113,知事,ミナモト工業（合）,比嘉 裕二,902-0064,那覇市,寄宮２－１５－８,098-832-2053,3000,法人,内,,R031219,8,内装工事,1
47013538,知事,源工務店,石川 真源,904-0303,中頭郡読谷村,字伊良皆５０５ Ｂ８３,098-956-5064,,個人,内,,R050823,8,内装工事,1
47014571,知事,（有）みなもと電技,仲村 浩,901-1202,南城市,大里字大里８６１,098-871-9515,3000,法人,電管,,R040225 R051018,0,電気・設備工事,1
47001728,知事,（有）嶺井工業,嶺井 政一,905-0019,名護市,大北５－２－４８,0980-53-2992,20000,法人,土と石管舗水,1,R061115,35,建設業（総合）,
47009464,知事,ミネイ電工,嶺井 博敏,901-0615,南城市,玉城字堀川５２３－５,098-948-7241,,個人,電,,R050702,20,電気・設備工事,1
47008601,知事,（有）嶺技研,長嶺 政美,901-0235,豊見城市,字名嘉地２５３番地,098-856-1498,20000,法人,土と石電管鋼舗園水解,1,R030704 R031014 R031015,20,建設業（総合）,1
47004959,知事,（株）嶺建材,長嶺 単,901-0306,糸満市,西崎町４－８－６,098-851-9995,10000,法人,土建大と石屋タ鋼舗し塗内園水,,R040318,35,建設業（総合）,1
47007136,知事,（有）嶺建設,田場 晃,904-2312,うるま市,勝連平安名１２３,098-978-7822,35000,法人,土建大と石鋼舗し塗防内具水解,1,R040331,28,建設業（総合）,1
47007756,知事,（株）嶺建設,安次嶺 早寿,901-0211,豊見城市,字饒波２５２－１,098-856-5963,40000,法人,土建大左と石屋管タ鋼筋舗し板ガ塗防内絶園具水解,1,R041120,28,建設業（総合）,1
47012953,知事,嶺工業,長嶺 茂,904-2172,沖縄市,泡瀬３－４３－５,070-5275-4949,,個人,と,,R030426,8,その他専門工事,1
47007803,知事,峰産業,大嶺 正德,905-0421,国頭郡今帰仁村,字越地２９６,0980-56-5550,,個人,土建と石電管鋼舗水,,R040416,28,建設業（総合）,
47013278,知事,（有）嶺住宅設備,與那嶺 好春,904-2141,沖縄市,池原１－１５－３,098-938-9835,5000,法人,土建大と石屋電管タ鋼舗し内水解,,R040808,8,建設業（総合）,1
47013702,知事,嶺設計（株）,赤嶺 正樹,901-0222,豊見城市,字渡橋名４－１０１,090-9569-0469,5000,法人,建,,R060607,5,建設業（総合）,1
47005090,知事,（有）みね造園,赤嶺 勇助,901-0153,那覇市,宇栄原５－２８－３８,098-858-6158,10000,法人,土と石舗園水,,R040605,35,建設業（総合）,1
47014239,知事,（株）ミネハラ,仲間 賢,900-0016,那覇市,前島３－１０－１７メゾン光２０２,090-9566-3535,3000,法人,土と石鋼舗し水,,R030115,5,建設業（総合）,1
47010140,知事,（有）嶺原鉱業,松原 峯子,906-0103,宮古島市,城辺字福里１９２,0980-77-2686,3000,法人,土建と石鋼舗し水解,,R030725,15,建設業（総合）,
47008863,知事,（有）実組,砂川 実,901-2416,中頭郡中城村,字和宇慶７１７,098-895-2245,3000,法人,大,,R021102,20,その他専門工事,1
47015087,知事,美浜産業（株）,戸＊ 祐,902-0071,那覇市,繁多川１－１２－１７ メゾンあらた３－Ｂ,098-882-8211,100,法人,解,,R060315,0,その他専門工事,1
47015374,知事,（株）みはら建設,伊波 憲藏,904-2155,沖縄市,美原１－１２－１８，１０４号,098-939-7885,3000,法人,建具,,R070613,0,建設業（総合）,1
47010109,知事,（有）ミフネ理建,伊良皆 義和,906-0007,宮古島市,平良字東仲宗根３３０,0980-73-4731,5000,法人,電管,,R030621,15,電気・設備工事,
47004350,知事,（株）宮一建設工業,宮里 誠,901-0306,糸満市,西崎町５－１０－９,098-992-4867,40000,法人,土と石鋼舗し塗水,1,R060604,35,建設業（総合）,1
47011067,知事,宮内板金,宮内 誠,901-2203,宜野湾市,野嵩１－１２３６－２,098-892-3243,,個人,板,,R030626,15,その他専門工事,1
47014364,知事,宮城開発,宮城 哲也,904-2171,沖縄市,高原２－８－４０ ルピナス高原９０１,090-1179-6484,,個人,と,,R030618,5,その他専門工事,1
47000020,知事,（有）宮城錦水園,宮城 讓二,903-0804,那覇市,首里石嶺町１－１２７－７,098-884-2938,9000,法人,土と石鋼舗し園水,,R021204,35,建設業（総合）,1
47000293,知事,（有）宮城組,宮城 操,905-0505,国頭郡伊江村,字西江上１７６,0980-49-3765,10000,法人,土建と石鋼舗し園水解,,R070710,35,建設業（総合）,
47000837,知事,（株）宮城組,宮城 正勝,901-3107,島尻郡久米島町,字謝名堂１００－１,098-985-8639,40000,法人,土建大と石電管鋼舗し塗防内園水解,1,R040627,35,建設業（総合）,
47013342,知事,（株）宮城組,宮城 利安,901-0152,那覇市,小禄１－２９－２０－８０１,098-858-8266,5000,法人,と,,R041027,8,その他専門工事,1
47000999,知事,（有）ミヤギ建設,宮城 英侑,901-2212,宜野湾市,長田４－５－３,098-893-0546,10000,法人,土建大左と石屋管タ鋼筋舗し板ガ塗防内絶具水解,,R030928,35,建設業（総合）,1
47010221,知事,（有）宮城工業,宮城 智,901-2421,中頭郡中城村,字登又１８９,098-895-6539,3000,法人,土建と石管鋼舗し機水,,R031206,15,建設業（総合）,1
47011360,知事,宮城工業,宮城 盛康,901-2316,中頭郡北中城村,字安谷屋９８,098-935-3577,,個人,筋,,R050502,12,その他専門工事,1
47004527,知事,（有）宮城工務店,宮城 勝広,904-1301,国頭郡宜野座村,字松田２８６４－２,098-968-8374,20000,法人,土建と石管鋼舗水,1,R040605,35,建設業（総合）,
47015227,知事,（合）宮城左官,宮城 敦,901-0306,糸満市,西崎町３－１２１－１０２,080-1748-1387,5000,法人,左,,R061021,0,その他専門工事,1
47013488,知事,宮城重機,宮城 武,903-0101,中頭郡西原町,字掛保久２２８,098-945-4139,,個人,土と鋼,,R050615,8,建設業（総合）,1
47013711,知事,（株）宮城重機興業,宮城 雄三,906-0013,宮古島市,平良字下里２０９６,0980-73-9037,5000,法人,土と舗,,R060614,5,建設業（総合）,
47004374,知事,（有）宮城重機土木,宮城 正利,901-1402,南城市,佐敷字手登根４７１－２,098-947-6120,40000,法人,土建大左と石屋管タ鋼筋舗し板ガ塗防内絶園具水解,,R070421,35,建設業（総合）,1
47013448,知事,（株）宮城総業,宮城 堅誠,905-2171,名護市,字辺野古４,0980-43-5072,3000,法人,土と石鋼舗し水,,R050424,8,建設業（総合）,
47014118,知事,（合）宮城鉄筋工業,宮城 貴秀,904-2162,沖縄市,海邦２－５－１２ ジュネスＭ１（１－Ｂ）,098-959-7098,3000,法人,筋,,R070904,5,その他専門工事,1
47001904,知事,（有）ミヤギ電工,宮城 康弘,902-0072,那覇市,字真地４３３,098-836-3777,9000,法人,電,,R040410,35,電気・設備工事,1
47013741,知事,ミヤギぷらすた～ら～,宮城 修,904-2163,沖縄市,大里１－２－９ 照屋アパートＢ－１,098-927-3134,,個人,左,,R060723,5,その他専門工事,1
47000632,知事,（有）宮国組,宮国 博文,906-0015,宮古島市,平良字久貝９０４－１,0980-78-3653,23000,法人,土建と石鋼舗し園水解,1,R061003,35,建設業（総合）,
47012644,知事,（株）宮國組,宮國 俊明,901-2111,浦添市,字経塚５７９,098-879-8639,5000,法人,と,,R070121,12,その他専門工事,1
47015057,知事,三宅開発,三宅 徹,901-0242,豊見城市,字高安９３５ 新垣アパートＢ１０２号,090-7479-9517,,個人,土と石鋼舗し塗水,,R060202,0,建設業（総合）,1
47014973,知事,（有）ミヤケン,宮園 幸広,904-0023,沖縄市,久保田１－１０－３３比嘉ビル１Ｆ,098-923-5622,5000,法人,内,,R050908,0,内装工事,1
47011053,知事,宮建業,宮本 勇,901-2204,宜野湾市,上原１－８－７,098-893-1869,,個人,建,,R030608,15,建設業（総合）,1
47014723,知事,宮建装,宮城 譲二,904-0325,中頭郡読谷村,字瀬名波１９３ レジデンス瀬名波１０２,090-6638-8580,,個人,内,,R040909,0,内装工事,1
47011793,知事,宮建塗装,宮城 勝,905-0228,国頭郡本部町,字伊野波６１４－７,0980-47-5195,,個人,塗,,R070721,12,塗装・防水,
47014136,知事,宮工業,宮城 丈二,904-2301,うるま市,与那城照間１３３２－５,090-6856-0318,,個人,管,,R070918,5,電気・設備工事,1
47014854,知事,（株）宮古島建築,森﨑 光夫,906-0013,宮古島市,平良字下里２１６－１、１０３,0980-79-6740,20000,法人,建大屋タ鋼内,1,R050407,0,建設業（総合）,
47014773,知事,（株）宮古島設備工事,坂原 剛,906-0013,宮古島市,平良字下里２１６－１－１０７,0980-72-4647,20000,法人,土と石管鋼舗し塗水,1,R060329,0,建設業（総合）,
47014419,知事,（合）みやこ住建,與那覇 善裕,906-0007,宮古島市,平良字東仲宗根４４０,0980-79-8502,1100,法人,建,,R030806,0,建設業（総合）,
47005332,知事,宮古タタミ店,下地 涼太,906-0012,宮古島市,平良字西里８２６－１５,0980-72-1585,,個人,内,,R060801,35,内装工事,
47013823,知事,宮古テレビ（株）,上地 克幸,906-0007,宮古島市,平良字東仲宗根９６８－９,0980-72-3859,46600,法人,通,,R061108,5,電気・設備工事,
47004881,知事,（有）宮古電水土木,砂川 一範,906-0015,宮古島市,平良字久貝１０６０－７,0980-73-2651,40000,法人,土建と石電管舗し園水消,1,R050910,35,建設業（総合）,
47013757,知事,（株）宮古生コン,川平 勲,906-0012,宮古島市,平良字西里８８８,0980-72-3047,45000,法人,土と石鋼舗し水,,R060821,5,建設業（総合）,
47006568,知事,（有）三八五ペイント工業,神谷 嘉勝,901-1101,島尻郡南風原町,字大名３４０－４,098-888-0306,3000,法人,土左と塗防,,R030501,28,建設業（総合）,1
47006455,知事,（有）宮古舗道,根間 玄一郎,906-0013,宮古島市,平良字下里３１０７－３０,0980-73-1098,18000,法人,土建と石鋼舗し塗水,,R030107,28,建設業（総合）,
47012020,知事,（株）ミヤコン,中尾 忠作,906-0011,宮古島市,平良字東仲宗根添３４１８－６,0980-72-9689,49000,法人,土と石鋼舗水,,R031111,12,建設業（総合）,
47012784,知事,宮里組,宮里 和夫,902-0075,那覇市,字国場９６４ ３階,098-832-0261,,個人,と,,R070708,12,その他専門工事,1
47001564,知事,宮里建設,宮里 昭博,901-0156,那覇市,字田原１１－８ ハピネス田原２（２０２）,090-8293-8476,,個人,建,,R061111,35,建設業（総合）,1
47013836,知事,（株）宮里建装,宮里 貞幸,901-2223,宜野湾市,大山６－９－１１,098-898-4149,5000,法人,大左石屋タ板ガ塗防内絶具,,R061122,5,塗装・防水,1
47012749,知事,宮里工業（株）,宮里 忠光,904-2242,うるま市,字高江洲６７１－１,090-3014-2531,5000,法人,土大と石タ鋼筋舗水,,R030820,12,建設業（総合）,1
47014824,知事,（株）宮里興業,宮里 直志,904-2174,沖縄市,与儀１－４－３ あがりてぃーだ４０３,090-8292-5361,5000,法人,左,,R050203,0,その他専門工事,1
47015306,知事,（株）ミヤザト工業,宮里 恭隆,904-2232,うるま市,字川田４７８－１ＳＥＡＬＩＮＥ・Ｃ棟,098-975-6027,1000,法人,と,,R070307,0,その他専門工事,1
47010324,知事,宮里住設,宮里 繁,901-3121,島尻郡久米島町,字嘉手苅２４,098-985-3348,,個人,土建と石管鋼舗し水,,R040618,15,建設業（総合）,
47009762,知事,（株）宮里住宅社,宮里 新太,905-0207,国頭郡本部町,字備瀬１１０３－１,0980-48-3646,600,法人,土建大左と石屋タ鋼筋舗し板ガ塗防内絶具水解,,R060514,20,建設業（総合）,
47014647,知事,宮里鉄筋（合）,宮里 力哉,902-0067,那覇市,字安里５７－９,098-861-1718,2000,法人,筋,,R040603,0,その他専門工事,1
47007773,知事,宮里鉄工,宮里 満,904-2245,うるま市,字赤道３６１－１,098-974-0727,,個人,土と石鋼舗水,,R070626,28,建設業（総合）,1
47002056,知事,（有）宮里電気,宮里 徳彦,905-1147,名護市,字田井等３９１,0980-58-1437,15000,法人,土と石電管舗水,,R031225,35,建設業（総合）,
47005147,知事,（有）宮里電水工業,宮里 權次郎,904-1201,国頭郡金武町,字金武１８２４,098-968-3497,10000,法人,土建と石電管鋼舗し水消,,R030717,35,建設業（総合）,
47002795,知事,（有）宮里農園,宮里 勝,904-2244,うるま市,字江洲４９２－２,098-972-5108,21000,法人,園,1,R040908,35,その他専門工事,1
47000618,知事,宮嶋建設（株）,黒島 昭正,906-0015,宮古島市,平良字久貝１０５９,0980-72-9896,40000,法人,土と石管舗し園水解,1,R061206,35,建設業（総合）,
47007281,知事,（有）宮島建設,名護 淳一,904-2423,うるま市,与那城宮城７６１,098-987-8182,25000,法人,土建と石鋼舗し水,,R041026,28,建設業（総合）,1
47015308,知事,（合）ミヤシロホーム,宮平 玲央,904-1107,うるま市,石川曙１－８－１３,098-989-8390,1000,法人,土と石管鋼舗し内水,,R070307,0,建設業（総合）,1
47015353,知事,宮創美,宮城 隼人,903-0802,那覇市,首里大名町１－２３５,098-884-1848,,個人,防,,R070516,0,塗装・防水,1
47000561,知事,（株）宮太組,宮城 功和,905-1311,国頭郡大宜味村,字塩屋６２－３,0980-44-2347,40000,法人,土建と石鋼舗し塗水解,1,R041007,35,建設業（総合）,
47013647,知事,（株）宮タケ建設,宮城 健,901-0203,豊見城市,字長堂１４３－１,098-996-2325,5000,法人,土建大と石鋼舗し水解,,R060314,8,建設業（総合）,1
47015388,知事,宮テクメンテサービス（株）,新崎 侑司,901-2211,宜野湾市,宜野湾１－２２－２７－２０１,080-1543-9465,1000,法人,大左石屋タ板ガ塗防内絶具,,R070704,0,塗装・防水,1
47012517,知事,（株）宮鐵工,宮國 進,901-0204,豊見城市,字金良３２９－３,098-856-4092,3000,法人,鋼,,R060609,12,その他専門工事,1
47014330,知事,（株）宮鐵鋼業,宮城 勉,901-1117,島尻郡南風原町,字津嘉山７０３－１,098-889-1373,3000,法人,筋,,R030521,5,その他専門工事,1
47005463,知事,宮徳建設,宮城 則和,904-2141,沖縄市,池原２－１９－２０,098-934-8270,,個人,建,,R070123,35,建設業（総合）,1
47008294,知事,（有）宮塗装,宮良 丈晴,901-0152,那覇市,小禄２－８－１２,098-858-8088,3000,法人,建大左と石屋タ鋼筋板ガ塗防内絶具,,R030722,20,建設業（総合）,1
47015160,知事,（合）みやと中部重工業,宮里 靖,904-2211,うるま市,字宇堅１０２２,098-973-2962,5000,法人,塗内,,R060705,0,塗装・防水,1
47013605,知事,（株）ミヤナガ,宮良 長祥,907-0022,石垣市,字大川３２１,0980-87-6383,5000,法人,土と石鋼舗し塗水解,,R051214,8,建設業（総合）,
47010161,知事,（有）宮八造園土木,下地 宏子,907-0002,石垣市,字真栄里３９５－２,0980-83-2823,5000,法人,土と舗園,,R050526,15,建設業（総合）,
47011186,知事,宮原運送土木（株）,宮城 哲康,905-2264,名護市,字三原２５２－６,0980-55-9088,10000,法人,土建と石鋼舗し水解,,R040312,15,建設業（総合）,
47014476,知事,（株）雅,仲尾次 貴,901-0156,那覇市,字田原１０５－１ エクセレントミヤビ１０５,098-851-8314,5000,法人,土建大左と石屋電管タ鋼筋舗し板ガ塗防内絶園具水,,R031001 R051226,0,建設業（総合）,1
47015179,知事,（株）雅,桃原 弘幸,901-0405,島尻郡八重瀬町,字伊覇２４７－４,090-8620-9395,5000,法人,土と石鋼舗し水解,,R060809,0,建設業（総合）,1
47010433,知事,（有）雅建設工業,吉里 笑子,904-2242,うるま市,字高江洲６７７－１,098-974-3666,3000,法人,土と石管鋼舗し水,,R050114,15,建設業（総合）,1
47014857,知事,（株）雅建築,平安名 雅之,904-2142,沖縄市,登川３０４３,098-988-5414,3000,法人,大左石屋タ板ガ塗防内絶具,,R050407,0,塗装・防水,1
47009144,知事,雅工業,赤嶺 雅俊,902-0078,那覇市,識名４－１１－３５,098-834-1663,,個人,土と石鋼舗水,,R031219,20,建設業（総合）,1
47014884,知事,（株）雅工務店,松堂 翔,904-1107,うるま市,石川曙２－２－１５,098-927-7135,1000,法人,建大左石屋タ板ガ塗防内絶具解,,R050519 R060417,0,建設業（総合）,1
47015399,知事,（株）ＭＩＹＡＶＩ創建,宮城 幸輝,904-2164,沖縄市,桃原４－２９－１,098-979-9710,5000,法人,大左石屋タ板ガ塗防内絶具,,R070725,0,塗装・防水,1
47014855,知事,（株）ミヤビホーム,大城 雅史,902-0071,那覇市,繁多川４－１－１５ハイツ吉村Ａ,098-987-1739,550,法人,内,,R050407,0,内装工事,1
47012439,知事,宮平建設,宮平 忠志,906-0013,宮古島市,平良字下里１０８９－１２,0980-72-6798,,個人,土建と石鋼舗水,,R060206,12,建設業（総合）,
47012974,知事,宮平建設,宮平 良富,904-0302,中頭郡読谷村,字喜名２２５,098-958-3941,,個人,建大屋タ内,,R030525,8,建設業（総合）,1
47013411,知事,宮平建設（株）,大城 莊吉,901-1104,島尻郡南風原町,字宮平８９２－３,090-1941-3828,5000,法人,建大左と石屋タ鋼筋板ガ塗防内絶具,,R050301,8,建設業（総合）,1
47009506,知事,宮平重機（有）,宮平 保幸,901-0146,那覇市,具志２－２２－１３,098-857-3631,20000,法人,と,,R050910,20,その他専門工事,1
47003372,知事,（資）宮平体育堂,仲宗根 香代子,900-0023,那覇市,楚辺２－２８－５,098-855-9851,9815,法人,土大と石鋼舗塗防内水,,R070426,35,建設業（総合）,1
47008577,知事,（有）宮平電気工業,浜比嘉 太,904-1303,国頭郡宜野座村,字惣慶１６９０－２,098-968-8366,48000,法人,土建と石電管鋼舗し水,,R050308,20,建設業（総合）,
47014098,知事,（株）宮平塗装,宮平 富恭,903-0105,中頭郡西原町,字東崎９－５３,098-946-9065,3000,法人,塗防,,R020814 R021120,5,塗装・防水,1
47013692,知事,宮平ポンプ,宮平 孝也,904-2213,うるま市,字田場２１０１,098-973-3969,,個人,と,,R060527,8,その他専門工事,1
47001751,知事,（有）宮宏建設,宮城 寛厚,904-2154,沖縄市,東１－２１－１０,098-937-9405,10000,法人,土建大と石屋管タ鋼舗し内水解,,R060606,35,建設業（総合）,1
47013859,知事,（株）ミヤフク,宮城 尚生,905-1635,名護市,字済井出７３ 桜コーポ２０１号室,0980-52-8057,20000,法人,土建大左と石屋管タ鋼筋舗し板ガ塗防内絶具水解,1,R050905 R061004,5,建設業（総合）,
47011995,知事,（株）ミヤホーム,宮里 辰也,901-2214,宜野湾市,我如古２－１７－５,098-897-5850,5000,法人,大石屋電タガ塗防内具,,R030905,12,電気・設備工事,1
47000207,知事,（株）宮昌工業,宮城 哲人,901-0503,島尻郡八重瀬町,字新城１７６７,098-987-0831,55000,法人,土建大左と石屋タ鋼筋舗し板ガ塗防内絶具水,1,R070822,35,建設業（総合）,1
47007507,知事,（有）宮正塗装舎,宮里 正,904-0202,中頭郡嘉手納町,屋良１－４－８,098-956-4029,5000,法人,と塗防,,R040112,28,塗装・防水,1
47000088,知事,（有）宮松建設,宮城 辰雄,905-1147,名護市,字田井等４３５,0980-58-2336,20000,法人,土建大左と石屋タ鋼筋舗し板ガ塗防内絶具水解,1,R070331,35,建設業（総合）,
47014268,知事,宮本工務店,宮本 豪,901-2202,宜野湾市,普天間２－１－２０－１,090-9782-5862,,個人,管,,R030219,5,電気・設備工事,1
47013467,知事,（株）宮基造園,宮里 英幸,901-1104,島尻郡南風原町,字宮平１０９６－３,090-8415-8298,2000,法人,園,,R050529,8,その他専門工事,1
47014060,知事,宮良左官工業,宮良 優一,901-2122,浦添市,勢理客２－９－１ １０２,090-8000-9277,,個人,大左石屋タ板ガ塗防内絶具,,R070717,5,塗装・防水,1
47013746,知事,宮良住設,宮良 用育,901-2113,浦添市,大平１－１９－３ ２Ｆ,098-875-3502,,個人,管,,R060726,5,電気・設備工事,1
47011375,知事,みやら商店,宮良 政一,902-0072,那覇市,字真地２１６－１,098-889-4877,,個人,内,,R050605,12,内装工事,1
47012959,知事,美幸内装,大城 幸安,901-1112,島尻郡南風原町,本部６,098-889-0563,,個人,内,,R030506,8,内装工事,1
47013907,知事,（有）三善電気工事社,上原 永二,902-0078,那覇市,識名１－１６－２０,098-996-1905,3000,法人,電管,,R070306,5,電気・設備工事,1
47006965,知事,美来（株）,野原 勝吉,906-0013,宮古島市,平良字下里１５７５,0980-73-5545,8000,法人,土建と石管舗水解,,R051015 R060517,28,建設業（総合）,
47014730,知事,（株）未来,野底 雄貴,902-0077,那覇市,長田２－１２－１－１０２,090-5471-4502,3000,法人,と解,,R061115,0,その他専門工事,1
47014844,知事,みらい,西中間 武海,903-0826,那覇市,首里寒川町２－７９,098-988-8694,,個人,大左石屋タ板ガ塗防内絶具,,R050317,0,塗装・防水,1
47012398,知事,（株）未来アート,宮國 勝彦,901-2126,浦添市,宮城５－９－１６,098-873-0014,3000,法人,左,,R051220,12,その他専門工事,1
47014920,知事,ミライエ（株）,平良 力,901-2212,宜野湾市,長田３－２５－１０－１０３ トミーハウス,098-943-1057,5000,法人,建大左と石屋タ鋼筋板ガ塗防内絶具解,,R050622,0,建設業（総合）,1
47012836,知事,（株）未来開発,高良 新常,907-0024,石垣市,字新川２４２４－１６,0980-87-7048,5000,法人,土と石舗水,,R021002,12,建設業（総合）,
47012661,知事,（有）未来建設,岡 義昭,904-1115,うるま市,石川伊波１５５３－３０,098-964-5623,46000,法人,建大と屋タ鋼内,,R070223,12,建設業（総合）,1
47012179,知事,みらい工業（株）,下地 新榮,901-2215,宜野湾市,真栄原１－２０－１,098-890-3054,3000,法人,建大屋タ鋼内,,R041108,12,建設業（総合）,1
47014597,知事,（株）みらい工務店,上原 美菜子,906-0012,宮古島市,平良字西里７２２－２ アイムホーム１Ａ,0980-79-5223,5000,法人,建大屋タ鋼内,,R040331,0,建設業（総合）,
47011804,知事,未来産業,親川 吉彦,901-2126,浦添市,宮城２－１４－１,098-879-8148,,個人,土と石鋼舗し水,,R070804,12,建設業（総合）,1
47014629,知事,（株）未来通信システム,高江洲 和也,901-0323,糸満市,字新垣１６７,098-975-6898,5000,法人,通,,R040520,0,電気・設備工事,1
47010784,知事,（株）未来電,光井 さよ子,905-0024,名護市,字許田２０１－３１,0980-53-6876,6000,法人,電,,R070309,15,電気・設備工事,
47013221,知事,（合）未来電気設備,仲盛 哲治,904-0313,中頭郡読谷村,字大湾７２５ Ｃ－１４０,098-956-0641,2000,法人,電,,R040613,8,電気・設備工事,1
47013918,知事,（株）ミライ電設,榮野川 盛弥,904-0032,沖縄市,諸見里２－１４－１３ メゾン松３０３,098-927-8325,1000,法人,電,,R070319,5,電気・設備工事,1
47010200,知事,（株）みらいホーム,東舟道 博保,901-0416,島尻郡八重瀬町,字宜次７００,098-996-2909,10000,法人,建大左石屋タ板ガ塗防内絶具,,R070304,15,建設業（総合）,1
47010309,知事,（有）ミリキ,金城 勇,901-0361,糸満市,字糸満２２１,098-840-8032,3000,法人,土と石鋼舗し水,,R040528,15,建設業（総合）,1
47014901,知事,みるみ畳店,上地 一男,906-0013,宮古島市,平良字下里５８４－２,0980-72-3904,,個人,内,,R050609,0,内装工事,
47008361,知事,（株）美和建設,山根 靖幸,904-2245,うるま市,字赤道５４３－１,098-973-0539,30000,法人,土建と石鋼舗し塗水解,1,R050721,20,建設業（総合）,1
47014508,知事,（有）ムーブプランニング,花城 理,900-0021,那覇市,泉崎２－１０３－１４,098-851-9137,3000,法人,建内,,R031112,0,建設業（総合）,1
47015384,知事,むかい木工,迎里 幸善,907-0242,石垣市,字白保１３５,0980-86-8333,,個人,大,,R070627,0,その他専門工事,
47015076,知事,（株）睦工業,金城 睦,904-1101,うるま市,石川東山本町２－１１－１５,098-989-5113,100,法人,機,,R060222,0,電気・設備工事,1
47013855,知事,夢電（株）,与那覇 忠彦,901-1116,島尻郡南風原町,字照屋４０－１１,098-851-3927,7000,法人,電管,,R061220,5,電気・設備工事,1
47006041,知事,ムトウ建設（株）,武東 愛一郎,900-0002,那覇市,曙２－２５－２７,098-866-7553,28000,法人,土建大左と石屋タ鋼筋舗し板ガ塗防内絶園具水解,1,R061106,28,建設業（総合）,1
47013666,知事,（株）ムネ木工所,我那覇 宗彦,905-0005,名護市,為又１２１９－２７８,0980-54-3425,1000,法人,塗内具,,R060425,8,塗装・防水,
47014347,知事,ムネリフォーム,古堅 宗嗣,901-0202,豊見城市,字嘉数２０２－６,098-953-3864,,個人,建大左と石屋タ鋼筋板ガ塗防内絶具解,,R030604 R050628,5,建設業（総合）,1
47014287,知事,村政工業（株）,村吉 政己,904-2143,沖縄市,知花５－３１－３５ パティオそよ風２０６,098-988-4522,1000,法人,土と石鋼舗し塗水解,,R030312,5,建設業（総合）,1
47001029,知事,（有）村元建設,村元 翔太,905-0503,国頭郡伊江村,字川平５２５,0980-49-2729,30000,法人,土建と石管鋼舗し塗水解,1,R070517,35,建設業（総合）,
47012935,知事,（株）ムラヤマ,村山 秀徳,901-2126,浦添市,宮城５－１２－３－５０３号ウィングシャトー浦添宮城,098-917-1795,5000,法人,と,,R030405,8,その他専門工事,1
47002265,知事,（有）村吉ガス圧接工業,村吉 政勇,903-0115,中頭郡西原町,字池田７８９－１,098-945-1818,5000,法人,筋,,R040312,35,その他専門工事,1
47010269,知事,（有）名桜電水,中村 良子,905-0005,名護市,字為又１２１９－２７３,0980-51-1975,8000,法人,土と石電管鋼舗し水,,R040227,15,建設業（総合）,
47007960,知事,（有）明央土建,金城 忠男,901-0323,糸満市,字新垣２００－１,098-994-8607,40000,法人,土建大と石管タ鋼筋舗し塗園水,,R050928,28,建設業（総合）,1
47011354,知事,（有）メイクホーム沖縄,喜舎場 宗広,901-0405,島尻郡八重瀬町,字伊覇２４９,098-996-0440,3000,法人,土建大と石屋タ鋼舗し内水,,R050418,12,建設業（総合）,1
47012520,知事,（株）メイクマン,宮城 順一,901-2133,浦添市,字城間２００８,098-877-9787,249500,法人,建大屋タ内,,R060609,12,建設業（総合）,1
47000418,知事,（株）明光電気,仲村 彰,900-0025,那覇市,壺川１－１２－３,098-833-3068,25000,法人,土と電管水消,,R041011,35,建設業（総合）,1
47007257,知事,（有）明城建設,長濱 邦彦,904-2141,沖縄市,池原２－１５－３５,098-939-7134,30000,法人,土建大と石屋鋼舗し塗内園水解,1,R070121,28,建設業（総合）,1
47007055,知事,（株）明新建設,新里 美保,906-0006,宮古島市,平良字西仲宗根５６３－８・２Ｆ,0980-72-8815,40000,法人,土建と石鋼舗し塗水解,1,R050824,28,建設業（総合）,
47007708,知事,（有）明水工設,具志堅 美津子,901-1303,島尻郡与那原町,字与那原３６２０,098-944-0636,3000,法人,土と石管舗水,,R040515,28,建設業（総合）,1
47013115,知事,（株）名政,名城 政也,904-0112,中頭郡北谷町,字浜川１１７－４４,098-936-0553,1000,法人,電管,,R031219,8,電気・設備工事,1
47014371,知事,明成開発,友寄 明,905-0502,国頭郡伊江村,字東江前５４７,080-2774-7234,,個人,建内,,R030625,5,建設業（総合）,
47001934,知事,（株）明成建設,知念 章,901-2131,浦添市,牧港１－６４－１７,098-877-2279,48000,法人,土建大左と石屋タ鋼筋舗し板ガ塗防内絶園具水解,1,R030908 R050427,35,建設業（総合）,1
47014506,知事,（株）明誠建設,通事 誠,904-2213,うるま市,字田場１１０９－９,098-989-7468,3000,法人,土と石鋼舗し塗水,,R031105,0,建設業（総合）,1
47015003,知事,（合）明正電気工事社,比嘉 祐作,905-0026,名護市,字喜瀬１５３,0980-52-0344,5000,法人,電管,,R051110,0,電気・設備工事,
47008011,知事,（有）明星電設,與儀 新,901-2114,浦添市,安波茶１－２９－７,098-876-3078,10000,法人,電,,R070214,20,電気・設備工事,1
47002422,知事,（有）名設,知名 定敏,904-0314,中頭郡読谷村,古堅６９７－２,098-956-2167,10000,法人,土と電管水,,R070819,35,建設業（総合）,1
47004513,知事,（有）名徳工務店,名嘉 勝治,902-0077,那覇市,長田２－１３－４,098-832-1867,20000,法人,土建と石鋼舗し塗水解,1,R070516,35,建設業（総合）,1
47012917,知事,（有）明邦産業,下地 邦男,906-0006,宮古島市,平良字西仲宗根５５８－３,0980-72-3062,5000,法人,具,,R030223,8,その他専門工事,
47013729,知事,（株）めいわカンパニー,山川 浩司,902-0075,那覇市,字国場５５,098-996-1199,3000,法人,管,,R060628,5,電気・設備工事,1
47004672,知事,（有）明和技研,大村 智恵蔵,901-0244,豊見城市,字与根西原５０－５４,098-850-3806,10000,法人,土と石管舗水解,,R030703,35,建設業（総合）,1
47014957,知事,（株）明和建設,備瀬 明,901-3108,島尻郡久米島町,字比嘉９９－１,098-985-7926,25000,法人,土建と石鋼舗し塗水解,,R050818,0,建設業（総合）,
47003293,知事,明和工業（株）,屋冨祖 良和,901-2213,宜野湾市,志真志１－１－５,098-893-3656,10000,法人,土と石電管鋼舗し絶水,,R050818,35,建設業（総合）,1
47009232,知事,明和システム（株）,饒平名 和子,901-2102,浦添市,前田３－８－１３,098-876-7087,20100,法人,電通消,,R040509,20,電気・設備工事,1
47012725,知事,（株）めいわ総建,山川 和明,900-0024,那覇市,古波蔵１－２１ー１６ ２階,098-987-7005,5000,法人,土と石鋼舗し水解,,R070407,12,建設業（総合）,1
47014820,知事,（株）メーベル,安次嶺 盛朗,901-1117,島尻郡南風原町,字津嘉山１８０４－１,098-882-6688,5000,法人,大左屋ガ塗防内具,,R050203,0,塗装・防水,1
47011469,知事,（株）メガテック,當山 秀和,901-2227,宜野湾市,宇地泊１－１０－２３,098-943-4997,2500,法人,電,,R051226,12,電気・設備工事,1
47010568,知事,（有）銘苅工業,嵩原 直紀,904-1201,国頭郡金武町,字金武３８６８,098-968-6611,3000,法人,土と石鋼舗し水解,,R051024,15,建設業（総合）,
47014078,知事,（株）銘苅興業,神里 武,901-2205,宜野湾市,赤道２－４－１６,098-943-9322,1000,法人,土と石鋼舗し水解,,R070731,5,建設業（総合）,1
47010694,知事,銘苅電気,銘苅 朝正,904-2151,沖縄市,松本３－１０－２,098-934-4325,,個人,電,,R060630,15,電気・設備工事,1
47014663,知事,（株）恵電設,川満 恵介,901-0305,糸満市,西崎６－５－５ＳｕｚｕｙａＢＬＤ１Ｆ,098-894-6031,1000,法人,電,,R040624,0,電気・設備工事,1
47014224,知事,メタル（株）,新里 保,904-2307,うるま市,与那城饒辺７２７－３０ エテルニタ３Ｆ,098-978-5437,2000,法人,内,,R021211,5,内装工事,1
47013567,知事,メタルプラス（株）,西平 守利,903-0122,中頭郡西原町,字小橋川１７２－１,098-917-1270,5000,法人,土と石鋼舗し水,,R051009,8,建設業（総合）,1
47014997,知事,（合）目取真塗装,目取真 男理,901-2122,浦添市,勢理客２－１２－１２比嘉アパート３０３,098-942-6480,5000,法人,塗,,R051027,0,塗装・防水,1
47005474,知事,（株）メンテック,下地 賢政,907-0004,石垣市,字登野城６４５－２,0980-83-0154,21000,法人,土と電管鋼舗通水消,1,R061018,35,建設業（総合）,
47010768,知事,杢建装,上原 直人,901-0303,糸満市,字兼城４４１,098-852-3982,,個人,建大屋タ内具,,R070112,15,建設業（総合）,1
47013179,知事,（株）木彩工房ちゅら,名城 敏之,904-0012,沖縄市,安慶田５－３－３２,098-930-0133,5000,法人,内,,R040323,8,内装工事,1
47011044,知事,（株）基土木,仲宗根 貢,904-2142,沖縄市,字登川２９８９,098-938-6081,42500,法人,土建大左と石屋管タ鋼筋舗し板ガ塗防内絶具水解,1,R030512,15,建設業（総合）,1
47014286,知事,（合）基商,藤原 弘介,906-0103,宮古島市,城辺字福里６２７－４,0980-77-4672,3000,法人,土建,,R030312,5,建設業（総合）,
47012843,知事,元長組（合）,元長 亮,901-2214,宜野湾市,我如古３－４－２,098-943-2822,5000,法人,内,,R021015,12,内装工事,1
47014528,知事,本原畳店,本原 正将,907-0004,石垣市,登野城９０－１,0980-82-3569,,個人,内,,R031210,0,内装工事,
47001369,知事,（有）心優開発,金城 信邦,905-0703,島尻郡伊平屋村,字我喜屋１１,0980-46-2609,20000,法人,土と石鋼舗し塗水,1,R060722,35,建設業（総合）,
47008436,知事,（株）本部砕石,屋良 朝敏,905-0225,国頭郡本部町,字崎本部３０９４,0980-47-2652,30000,法人,土と石舗水,1,R060612,20,建設業（総合）,
47006303,知事,（資）本部清掃,新川 榮策,905-0228,国頭郡本部町,字伊野波６００,0980-47-5409,5000,法人,土と石舗園水,,R070821,28,建設業（総合）,
47002622,知事,本部造園（株）,喜納 政竹,905-0205,国頭郡本部町,字山川１４３２,0980-48-3291,35000,法人,土と石鋼舗し塗園水解,1,R030717,35,建設業（総合）,
47015464,知事,（株）本部電工,大城 靖也,901-1112,島尻郡南風原町,字本部１,098-996-5723,3000,法人,電,,R071003,0,電気・設備工事,1
47005794,知事,本村運送（資）,本村 将太,906-0005,宮古島市,平良字西原１２１－１,0980-72-2305,8000,法人,土と石舗水解,,R070312,35,建設業（総合）,
47015298,知事,（有）モブ,前花 涼子,901-2126,浦添市,宮城二丁目１６番５号,098-879-9611,3000,法人,内,,R070221,0,内装工事,1
47008313,知事,（株）ももやま,大庭 直樹,904-0035,沖縄市,南桃原２－１６－２,098-933-5311,18000,法人,内,,R030810,20,内装工事,1
47014594,知事,（有）森川設備工業,宮城 順光,901-2224,宜野湾市,真志喜１－１３－１,098-897-3428,5000,法人,土と石管舗水,,R040331,0,建設業（総合）,1
47011007,知事,（有）森空冷サービス,森永 英次,902-0075,那覇市,字国場４０１－１,098-836-4884,5000,法人,管絶,,R030328,15,電気・設備工事,1
47010314,知事,森組,森根 清也,904-2245,うるま市,赤道９７２－１６５,098-979-1467,,個人,土と石鋼舗水,,R030715,15,建設業（総合）,1
47013705,知事,（合）盛組,盛 徳雄,905-2171,名護市,字辺野古１３４－１８－１Ｆ（７７号室）,0980-43-9255,6000,法人,土建と石鋼舗し水解,,R060607,5,建設業（総合）,
47004763,知事,（有）盛建設,當眞 雪枝,904-1301,国頭郡宜野座村,字松田６２９－２,098-968-8961,30000,法人,土建大と石屋管タ鋼舗し塗防内園水解,1,R030516,35,建設業（総合）,
47012029,知事,（株）モリ建設,森根 裕,904-2243,うるま市,字宮里４７－２０１号,098-973-1707,20000,法人,土と石鋼舗し塗水,1,R070613,12,建設業（総合）,1
47014728,知事,盛工業,伊盛 尚次,901-2132,浦添市,伊祖４－８－２ サンライズビル４０５,098-877-0636,,個人,大左石屋タ板ガ塗防内絶具,,R040916,0,塗装・防水,1
47014546,知事,（株）盛工芸,中村 竜之,901-0301,糸満市,字阿波根８７３－１,098-992-7330,9000,法人,内,,R040107,0,内装工事,1
47012100,知事,盛工務店,伊佐 広作,901-0202,豊見城市,字嘉数４８２－２,098-840-2939,,個人,建大,,R040601,12,建設業（総合）,1
47008031,知事,盛島建設,盛島 四郎,904-2172,沖縄市,泡瀬２－５８－５,098-939-5260,,個人,建大屋タ内,,R021028,20,建設業（総合）,1
47006826,知事,盛重機,新城 盛次,901-3122,島尻郡久米島町,字兼城１１１１－１,098-985-4125,,個人,土と石舗水,,R040414,28,建設業（総合）,
47009408,知事,盛重工,荻堂 盛春,901-2102,浦添市,字前田４－８－５,098-877-0340,,個人,土と石鋼舗し水,,R050304,20,建設業（総合）,1
47009466,知事,モリセラミック,城間 盛順,903-0126,中頭郡西原町,字棚原５３,098-946-5728,,個人,タ,,R050702,20,その他専門工事,1
47006177,知事,（有）森田建設,森田 清勇,904-2303,うるま市,与那城４４３－１,098-978-5012,30000,法人,土建大左と石屋管タ鋼筋舗し板ガ塗防内絶園具水解,1,R040212,28,建設業（総合）,1
47010306,知事,森田電工,森田 政信,902-0064,那覇市,寄宮１－３０－２,098-857-9677,,個人,電,,R040510,15,電気・設備工事,1
47015416,知事,（合）モリテック,稲嶺 盛久,904-0033,沖縄市,山里１－８－３,098-930-2312,3000,法人,土と石電鋼舗し内水,,R070808,0,建設業（総合）,1
47006667,知事,（有）盛土建,新垣 幸清,901-0413,島尻郡八重瀬町,字志多伯３７９－１２,098-998-8685,10000,法人,土建と石鋼舗し水解,,R050409,28,建設業（総合）,1
47002267,知事,森正工業（株）,森東 冨士夫,901-2226,宜野湾市,嘉数４ー２５ー５,098-898-3601,13500,法人,具,,R070522,35,その他専門工事,1
47005650,知事,（有）森松組,森松 長次,904-0314,中頭郡読谷村,字古堅９２６－２,098-956-9471,10000,法人,土建大と石舗水,,R060421,35,建設業（総合）,1
47011388,知事,（有）森本建装,森本 博幸,904-2161,沖縄市,古謝二丁目２２番２３号 １０２号,098-934-6411,3000,法人,内,,R050627,12,内装工事,1
47007997,知事,（有）諸電気,諸見里 美榮子,904-2244,うるま市,字江洲３９２－３,098-974-0968,3000,法人,電消,,R041219,28,電気・設備工事,1
47007197,知事,（株）もろみ,仲尾 勝成,904-0021,沖縄市,胡屋７－４－３１,098-933-5685,30100,法人,土と石管鋼舗機水,1,R041128,28,建設業（総合）,1
47000255,知事,（資）諸見建設,諸見 嘉彰,905-0602,島尻郡伊是名村,字諸見４６９５,0980-45-2205,11000,法人,土建と石舗し水,,R030521,35,建設業（総合）,
47014352,知事,諸見里ガラス店（合）,諸見里 安幸,904-1302,国頭郡宜野座村,字宜野座１７,098-968-8777,5000,法人,土と石鋼舗しガ水,,R030611,5,建設業（総合）,
47012359,知事,（株）諸見里造園土木,諸見里 真樹,902-0077,那覇市,長田２－１９－３砂川共同住宅４０２号室,098-894-6344,1000,法人,土と石鋼舗し塗園水,,R050920,12,建設業（総合）,1
47014204,知事,（株）モロミホーム,諸見里 邦雄,901-0514,島尻郡八重瀬町,字安里３２２－１,098-998-6335,5000,法人,塗防,,R021127 R060130,5,塗装・防水,1
47003289,知事,門口建設,門口 清敏,901-2104,浦添市,当山２－８－１４－２０５号 Ｔ－９,098-876-3414,,個人,土と石舗水,,R041109,35,建設業（総合）,1
47014495,知事,（株）家願寿,浜本 光,901-0301,糸満市,字阿波根３６５－９ ２階,098-800-2022,5000,法人,塗,,R031029,0,塗装・防水,1
47014848,知事,（合）八重島圧接工業,上地 誠,907-0024,石垣市,字新川４２４－２,0980-87-7481,5000,法人,筋,,R050324,0,その他専門工事,
47000955,知事,（株）八重島工業,平良 聡,907-0022,石垣市,字大川１４２５－９,0980-83-5269,20000,法人,土建と石管舗し水解,1,R030806,35,建設業（総合）,
47010973,知事,（有）八重島工務店,上地 武,907-0024,石垣市,字新川冨和底１５１０－５８,0980-83-2852,3000,法人,土と石鋼筋舗し水,,R030222,15,建設業（総合）,
47011302,知事,八重瀬興業（株）,玉城 健次,901-0504,島尻郡八重瀬町,字後原１１２８－２,098-998-1623,10000,法人,土大左と石屋タ鋼舗し板ガ塗防内絶具水,,R041204,12,建設業（総合）,1
47006856,知事,八重設備工業,野底 一彦,907-0004,石垣市,字登野城７６８,0980-83-5175,,個人,土と石電管舗水消,,R040606 R070710,28,建設業（総合）,
47000823,知事,八重山興業（株）,東 宇弘,907-0022,石垣市,字大川５４７,0980-82-2150,45000,法人,土建大左と石屋タ鋼筋舗し板ガ塗防内絶具水解,1,R030704,35,建設業（総合）,
47010104,知事,（有）八重山土木,島尻 寛人,907-0021,石垣市,字名蔵２４３－３０３,0980-83-9986,8000,法人,土と石鋼舗し塗園水,,R030614,15,建設業（総合）,
47014276,知事,八重山生コン工業（株）,米盛 博和,907-0004,石垣市,字登野城５４０－４,0980-82-2525,35000,法人,と,,R030312,5,その他専門工事,
47007473,知事,（株）八起電設,仲嵩 由志,902-0077,那覇市,長田２－１０－３３,098-833-3041,20000,法人,土と石電管鋼舗し水消,1,R030406,28,建設業（総合）,1
47011041,知事,屋嘉比塗装,屋嘉比 政之,904-0011,沖縄市,照屋１－３２－４１,098-939-6035,,個人,塗,,R030517,15,塗装・防水,1
47013051,知事,（株）ヤカブ工業,島袋 慶武,901-0619,南城市,玉城字屋嘉部４００－１,098-948-1946,3000,法人,土建と石電管鋼舗し水,,R030902,8,建設業（総合）,1
47011445,知事,屋宜建設工業,屋宜 宣信,904-2215,うるま市,みどり町３－１１－２,098-973-0107,,個人,土と石鋼舗水解,,R051117,12,建設業（総合）,1
47013949,知事,（合）屋宜電気工事,屋宜 宗春,901-1105,島尻郡南風原町,字新川６－３ １Ｆ,098-851-7503,1000,法人,電,,R070420,5,電気・設備工事,1
47008275,知事,屋宜電設,屋宜 朝德,902-0078,那覇市,識名３－１３－２２,098-833-4115,,個人,電,,R030622,20,電気・設備工事,1
47015315,知事,（株）八坂機神,神谷 朝広,901-0405,島尻郡八重瀬町,字伊覇３７番地,098-987-7240,5000,法人,建大左と石屋タ鋼筋板ガ塗防内絶具,,R070314,0,建設業（総合）,1
47013992,知事,八潮重設運輸（株）,潮平 真一郎,902-0073,那覇市,字上間１６２,098-851-8563,3000,法人,土と石鋼舗し水,,R070605,5,建設業（総合）,1
47012297,知事,（株）屋島組,屋冨祖 秀清,900-0036,那覇市,西２－１６－３,098-867-5505,40150,法人,土建大と屋タ鋼舗し塗内水解,1,R050611,12,建設業（総合）,1
47006824,知事,（株）八島建設,田村 一生,907-0013,石垣市,浜崎町３－１０,0980-83-8481,20000,法人,土建と石鋼舗し塗水解,1,R070424,28,建設業（総合）,
47001576,知事,ヤシマ工業（株）,仲田 一郎,900-0033,那覇市,久米２－１６－２５,098-863-2191,40000,法人,土と電管機通水消,1,R030701,35,建設業（総合）,1
47013346,知事,八島ホーム（合）,奧間 政德,904-2241,うるま市,字兼箇段１８８０－６,098-989-3157,5000,法人,土建と石鋼舗し水解,,R041101,8,建設業（総合）,1
47005214,知事,安岡建設（株）,大村 光昭,900-0005,那覇市,字天久９１８番地６,098-943-7264,30000,法人,土と石鋼舗し塗水解,1,R040913,35,建設業（総合）,1
47011959,知事,（株）安巧業,金城 安,904-2215,うるま市,みどり町４－１－８,098-989-1779,5000,法人,と解,,R040501,12,その他専門工事,1
47012832,知事,（株）安工業,比嘉 安雄,904-0023,沖縄市,久保田２－２９－２,098-923-5976,3000,法人,管機,,R071002,12,電気・設備工事,1
47015045,知事,ヤスダ家電,安田 友宏,905-0015,名護市,大南２－１４－３－１,0980-43-0183,,個人,管,,R060112,0,電気・設備工事,
47014199,知事,（合）康電工業,上里 康浩,906-0202,宮古島市,上野字新里１４４－８,0980-76-6367,3000,法人,電管,,R021120,5,電気・設備工事,
47013410,知事,（有）安仲産業,安次富 長順,901-2413,中頭郡中城村,字津覇５７３－２,098-987-6275,5000,法人,具,,R050301,8,その他専門工事,1
47003081,知事,（株）保村塗装店,保村 健,901-2406,中頭郡中城村,字当間６６６,098-895-4767,10000,法人,塗防,,R030822,35,塗装・防水,1
47006668,知事,安盛建設,山城 安盛,904-1107,うるま市,石川曙２－２４－２９,098-965-2472,,個人,大,,R030916,28,その他専門工事,1
47013962,知事,（株）八藤後組,八藤後 正男,901-2302,中頭郡北中城村,字渡口５０,080-1740-4604,5000,法人,大,,R031101,5,その他専門工事,1
47004894,知事,ヤナギ電設工業（株）,仲宗根 智子,905-0007,名護市,字屋部１７１３－１,0980-53-1593,20000,法人,土と石電管舗通水,1,R041202 R070522,35,建設業（総合）,
47004979,知事,（有）屋比久電気工事,屋比久 孟盛,901-2104,浦添市,当山１－３－２１,098-879-5990,10000,法人,電,,R070203,35,電気・設備工事,1
47011245,知事,（有）屋富祖工業,屋富祖 功,904-2155,沖縄市,美原２－１５－９,098-937-5665,3000,法人,土大左と石屋タ鋼舗し板ガ塗防内具水,,R040705,15,建設業（総合）,1
47001716,知事,屋富祖電気工事社,福永 幸弘,901-2127,浦添市,字屋富祖４－８－３－１０１,098-877-2753,,個人,電,,R051222,35,電気・設備工事,1
000026736,大臣,（株）屋部土建,仲座 義人,905-0014,名護市,港２－６－５,0980-53-2227,100000,法人,土建大と石屋電管タ鋼舗し塗防内園水解,1,R031002,,建設業（総合）,
47010483,知事,山一,山城 一喜,905-1424,国頭郡国頭村,字辺野喜２１６番地,0980-41-2544,,個人,土と石電管舗水,,R050508,15,建設業（総合）,
47006984,知事,（有）山一開発,山田 紀之,902-0071,那覇市,繁多川２－１－５０,098-836-7807,27000,法人,土建大左と石屋管タ鋼筋舗し板ガ塗防内絶具水解,1,R040425,28,建設業（総合）,1
47013369,知事,（株）山一設備工業,山内 盛一,904-0325,中頭郡読谷村,字瀬名波１０４７－２,098-958-0721,5000,法人,管,,R041207,8,電気・設備工事,1
47000076,知事,（株）山内組,山内 昌司,901-2201,宜野湾市,新城１－６－１０,098-892-3581,30000,法人,土建大左と石屋管タ鋼筋舗し板ガ塗防内絶園具水解,1,R030906,35,建設業（総合）,1
47000803,知事,（有）山内組,熊谷 賢人,901-2317,中頭郡北中城村,字瑞慶覧５８５,098-923-2324,45000,法人,土建大左と石屋電管タ鋼筋舗し板ガ塗防内絶具水解,1,R040114 R060322,35,建設業（総合）,1
47012992,知事,（株）山内工業,山内 哲也,900-0023,那覇市,楚辺２－３５－１４ 古波津商事ビル１Ｆ,098-859-5020,3000,法人,筋,,R030610,8,その他専門工事,1
47006222,知事,（有）ヤマウチ設備,山内 美保子,901-2202,宜野湾市,普天間２－３９－３,098-893-7638,20000,法人,土建と石管鋼舗し塗機水消,1,R041006 R051030,28,建設業（総合）,1
47013451,知事,（株）山内総業,山内 盛斗,904-0033,沖縄市,山里２－１１－３,098-927-8045,1000,法人,左,,R050509,8,その他専門工事,1
47012740,知事,（株）山内鉄筋工業,山内 健,901-2316,中頭郡北中城村,字安谷屋３９５,098-989-5079,5000,法人,筋,,R070515,12,その他専門工事,1
47013422,知事,（有）山内電気,山内 千枝子,905-0204,国頭郡本部町,字豊原５０２－１,0980-48-4672,3000,法人,電,,R050320,8,電気・設備工事,
47012152,知事,やまうち内装,山内 昌也,901-2424,中頭郡中城村,字南上原５０１,098-895-2247,,個人,内,,R040904,12,内装工事,1
47012713,知事,（株）山開発,山城 邦広,904-2143,沖縄市,知花４－１３－１,098-938-3394,5000,法人,土と石舗塗園水解,,R070327,12,建設業（総合）,1
47006112,知事,（有）やまかわ,宮田 美保,907-0003,石垣市,字平得８２０－６,0980-82-5376,5000,法人,土と石鋼舗し園水,,R021225,28,建設業（総合）,
47012050,知事,（有）山川アルミ工業,大城 進,901-1116,島尻郡南風原町,字照屋９５,098-889-4709,5000,法人,大左石屋タ板ガ塗防内絶具,,R021021,12,塗装・防水,1
47003354,知事,（有）山川建設,山川 宗一,905-0401,国頭郡今帰仁村,字仲宗根９９－１,0980-56-4549,33000,法人,土建と石管鋼舗し塗園水解,1,R050920,35,建設業（総合）,
47004280,知事,（有）山川建設,吉田 安盛,901-1207,南城市,大里字古堅９１１－１,098-943-5234,36000,法人,土と石鋼舗し塗水,1,R041011,35,建設業（総合）,1
47014262,知事,（有）山川設備工業,玉城 正英,901-2126,浦添市,宮城４－１８－２０,098-877-0501,3000,法人,管,,R030219,5,電気・設備工事,1
47001290,知事,（株）山川電気,山川 光雄,902-0078,那覇市,識名２－１５－１５ １０１,098-987-1420,20000,法人,電通消,1,R031208,35,電気・設備工事,1
47006574,知事,（有）山川電工,山川 勝,904-1201,国頭郡金武町,字金武６６９,098-968-5160,6000,法人,電消,,R070524,28,電気・設備工事,
47013095,知事,（株）山川電設工業,山川 孝史,904-2243,うるま市,字宮里２６８－１、Ｄ－６,098-987-8711,5000,法人,電,,R031118,8,電気・設備工事,1
47014707,知事,山川電創,山川 智央,900-0003,那覇市,安謝１－１８－２０ めぞねっとおかっぱ あか２号,050-1420-0452,,個人,電通,,R040819,0,電気・設備工事,1
47008925,知事,（株）やまき,屋宜 和作,901-0325,糸満市,字大里１０９４－１,098-852-3322,11000,法人,管鋼板内絶,,R030209,20,電気・設備工事,1
47014625,知事,（株）山空,山城 雄太,901-1101,島尻郡南風原町,字大名２５２－３,098-987-0968,3000,法人,電管,,R040502,0,電気・設備工事,1
47001411,知事,（株）山口建設,嘉陽 大地,905-1303,国頭郡大宜味村,字喜如嘉９９２－２,0980-44-3452,35000,法人,土建大左と石屋管タ鋼筋舗し板ガ塗防内絶具水解,1,R030810 R040506,35,建設業（総合）,
47008204,知事,山健組,福里 健,904-2172,沖縄市,泡瀬４－３６－５,098-938-6317,,個人,大,,R030201,20,その他専門工事,1
47014308,知事,山建設,登川 善幸,904-0322,中頭郡読谷村,字波平８４６,098-958-4884,,個人,建大と屋タ内,,R030416,5,建設業（総合）,1
47015032,知事,山建装工,山内 武彦,901-2127,浦添市,屋富祖２－１６－２２,098-911-7782,,個人,内,,R051222,0,内装工事,1
47010053,知事,（株）山興,具志堅 秀平,902-0078,那覇市,識名４－９－２７,098-851-9635,10000,法人,建大屋タ内,,R030417,15,建設業（総合）,1
47010690,知事,山工,山川 誠,904-2242,うるま市,字高江洲３２－５,098-973-3884,,個人,土と石舗し,,R060630,15,建設業（総合）,1
47001426,知事,（株）山浩商事,山端 康成,905-0013,名護市,城２－１－２１,0980-52-2418,45000,法人,電管,,R021227,35,電気・設備工事,
47010347,知事,山里組,山里 茂夫,906-0006,宮古島市,平良字西仲宗根１４９２－３,0980-72-1879,,個人,大,,R040722,15,その他専門工事,
47013208,知事,山里組,山里 好孝,902-0076,那覇市,与儀２－１５－１８,098-853-2408,,個人,と,,R040524,8,その他専門工事,1
47004708,知事,（有）山里建設,山里 惠美子,906-0006,宮古島市,平良字西仲宗根６４３－２,0980-72-0021,84000,法人,土建と石鋼舗し塗水解,1,R031027,35,建設業（総合）,
47007713,知事,（有）山里土建,山里 朝視,901-3137,島尻郡久米島町,字山里２５８,098-985-4687,20000,法人,土建と石管鋼舗し塗園水解,1,R061125,28,建設業（総合）,
47010308,知事,ヤマシーリング,山城 良国,901-0504,島尻郡八重瀬町,字後原５２９－５,098-998-6634,,個人,ガ防,,R040517,15,塗装・防水,1
47011781,知事,山下潜水工業所,山下 正美,901-2127,浦添市,屋富祖２－４－１６－３０２ラフィーネヌーベル屋富祖第１,098-878-6734,,個人,土と石鋼舗し水解,,R070624,12,建設業（総合）,1
47008211,知事,（有）ヤマシタ電気設備,山下 愼悟,904-0105,中頭郡北谷町,字吉原７１３－２,098-936-6421,8000,法人,電,,R051015,20,電気・設備工事,1
47002974,知事,（有）山商,山下 富一,904-2233,うるま市,字豊原５５６－１,098-973-7740,20000,法人,土と石管鋼舗塗水,1,R030618,35,建設業（総合）,1
47008739,知事,（株）山昇建設,藤岡 康之,901-2132,浦添市,伊祖２－１－２－１０２号,098-943-2625,100000,法人,土建大左と石屋管タ鋼筋舗し板ガ塗防内絶具水解,1,R070530,20,建設業（総合）,1
47011745,知事,山城エンジニア,山城 哲二,901-2212,宜野湾市,長田１－２６－１７－１,070-4092-0808,,個人,管,,R070511,12,電気・設備工事,1
47007832,知事,山城開発（株）,山城 政則,900-0025,那覇市,壺川２－１－１７,098-835-0977,8800,法人,土と石鋼舗し水,,R040927,28,建設業（総合）,1
47001883,知事,（株）山城組,山城 澄人,901-0335,糸満市,字米須１０７１－１,098-997-5507,28000,法人,土建と石鋼舗し塗水解,1,R031118,35,建設業（総合）,1
47004666,知事,（有）山城組,玉那覇 艶子,904-0414,国頭郡恩納村,字前兼久３３５,098-965-1466,40000,法人,土建大左と石屋タ鋼筋舗し板ガ塗防内園具水解,1,R051225,35,建設業（総合）,
47009537,知事,（有）山城組,山城 茂紀,900-0024,那覇市,古波蔵１－２９－３６,098-834-0186,10000,法人,土建と石鋼舗し水解,,R031105,20,建設業（総合）,1
47015156,知事,山城組,山城 勇一,904-2312,うるま市,勝連平安名９０４ ２Ｆ,098-978-6560,,個人,土と石鋼舗し水,,R060705,0,建設業（総合）,1
47000062,知事,（株）山城建設,山城 匡雄,903-0806,那覇市,首里汀良町１－３７,098-943-7299,5000,法人,建,,R040617,35,建設業（総合）,1
47008067,知事,（有）山城建設,山城 小代美,905-1316,国頭郡大宜味村,字白浜４４２－６５７,0980-44-2260,35000,法人,土建大と石屋タ鋼舗し塗内園水解,1,R030122,20,建設業（総合）,
47011251,知事,山城建設,山城 毅,904-1201,国頭郡金武町,字金武５４４０,098-968-3870,,個人,土建大左と石屋タ鋼筋舗し板ガ塗防内絶具水解,,R030428,15,建設業（総合）,
47014672,知事,（合）やましろ建設,山城 亮太,901-0303,糸満市,字兼城８５８－１４,098-995-0307,1000,法人,土建大と石屋タ鋼筋舗し内水,,R040708,0,建設業（総合）,1
47012658,知事,（株）山城建装,山城 勝,901-0223,豊見城市,翁長７２１－３,098-856-7714,5000,法人,左,,R070223,12,その他専門工事,1
47014574,知事,（株）山城興業,山城 善也,904-2155,沖縄市,美原４－２１－７ 美原マンション３－Ｂ,098-955-6805,1000,法人,と解,,R040304,0,その他専門工事,1
47001504,知事,山城工務店,山城 幸信,904-1201,国頭郡金武町,字金武６６８－１,098-968-2391,,個人,建大タ内,,R040528,35,建設業（総合）,
47012741,知事,（株）山城工務店,山城 光子,904-0006,沖縄市,八重島３－１１４４－３,098-989-3346,3000,法人,建解,,R060705,12,建設業（総合）,1
47011299,知事,山城コンクリートポンプ,山城 正則,904-2226,うるま市,字仲嶺２３４－１,098-974-0279,,個人,建と,,R041122,15,建設業（総合）,1
47010199,知事,（株）山城重機,山城 祐太,905-0007,名護市,屋部１６８９,0980-43-0013,44500,法人,土建大左と石屋管タ鋼筋舗し板ガ塗防内絶園具水解,1,R031107,15,建設業（総合）,
47008953,知事,（有）山城商工,山城 康博,901-1412,南城市,佐敷字新里５５５－７,098-947-6840,5000,法人,電,,R030514,20,電気・設備工事,1
47005521,知事,山城設備,山城 幸順,904-0313,中頭郡読谷村,字大湾７２６－４,098-956-5163,,個人,土と管舗水,,R030124,35,建設業（総合）,1
47002713,知事,（株）山城電気,山城 勝則,902-0074,那覇市,字仲井真２０５－２,098-833-3948,20000,法人,と電通,1,R070926,35,電気・設備工事,1
47014900,知事,山城電機サービス,山城 重三,901-3107,島尻郡久米島町,謝名堂９３番地,098-985-7765,,個人,電管,,R050609,0,電気・設備工事,
47002111,知事,山城電設,山城 守和,905-0505,国頭郡伊江村,字西江上２２－３,0980-49-2156,,個人,土と石電管舗水,,R031120,35,建設業（総合）,
47003582,知事,（有）山城土木工事,宮澤 宏次,901-2131,浦添市,牧港１－３２－５,098-878-9406,30000,法人,土建と石管鋼舗し塗園水解,1,R030108 R040121,35,建設業（総合）,1
47010849,知事,山城内装,山城 政雄,904-0006,沖縄市,八重島２－４－１９,098-937-2395,,個人,建大屋タ内,,R070708,15,建設業（総合）,1
47015331,知事,（株）山城内装,山城 一樹,901-2131,浦添市,牧港４－２５－５ 先田アパート１０６,098-975-9522,5000,法人,建,,R070618,0,建設業（総合）,1
47011766,知事,（有）山城ペイント商会,山城 剛,904-0311,中頭郡読谷村,字比謝３７８－５,098-956-4164,5000,法人,塗防,,R070610,12,塗装・防水,1
47002147,知事,（株）ヤマシン,宮城 正也,901-2132,浦添市,伊祖２－２６－１,098-879-7654,30000,法人,大左石屋タ板ガ塗防内絶具,,R061022,35,塗装・防水,1
47006565,知事,山新建設,山城 新一,904-1113,うるま市,石川山城１８０－３,098-965-3670,,個人,建内,,R030414,28,建設業（総合）,1
47014142,知事,（株）山田組,山田 恵子,905-0009,名護市,宇茂佐の森２－１２－９,0980-43-6701,20000,法人,土と舗,,R021009,5,建設業（総合）,
47013252,知事,やまだ塗装（株）,山田 義都,904-1113,うるま市,石川山城２２,098-964-6765,5000,法人,塗,,R040718,8,塗装・防水,1
47013018,知事,ヤマチ建鋼,山内 誠,901-2316,中頭郡北中城村,字安谷屋２１４４,090-7443-3585,,個人,筋,,R030802,8,その他専門工事,1
47013809,知事,山地工業,山地 栄三,901-1303,島尻郡与那原町,字与那原６１２,098-944-1871,,個人,絶,,R061018,5,その他専門工事,1
47012300,知事,ヤマデン（株）,古謝 五男,901-2423,中頭郡中城村,字北上原９８１,098-943-7591,7000,法人,電,,R050617,12,電気・設備工事,1
47005982,知事,（有）やま店舗開発,平安山 良彦,901-0156,那覇市,田原３－１－１０,098-857-3011,7000,法人,建内,,R040709,35,建設業（総合）,1
47011390,知事,（有）大和,ジェームス スミス,904-2171,沖縄市,高原４－１２－１１,098-894-5649,8000,法人,土と石電鋼舗し塗通水,,R060430,12,建設業（総合）,1
47015295,知事,（株）ヤマト,久手堅 憲明,901-0416,島尻郡八重瀬町,字宜次３６３－１,098-998-2828,40000,法人,管,,R070221,0,電気・設備工事,1
47011600,知事,（有）大和建設,孟本 博昭,901-1116,島尻郡南風原町,字照屋７－１,098-987-1310,5500,法人,土建大と石舗塗防内水,,R060909,12,建設業（総合）,1
47012038,知事,（株）大和産業,比嘉 良則,905-0228,国頭郡本部町,字伊野波３１０,0980-47-7400,10000,法人,土建大と石電鋼舗し水,,R040914 R050417,12,建設業（総合）,
47006409,知事,（有）やまと庭樹園,大濵 俊士,907-0003,石垣市,字平得１２２－４,0980-82-3111,3000,法人,土と石舗園水,,R030619,28,建設業（総合）,
47011453,知事,大和鉄筋工業,大城 正和,901-1412,南城市,佐敷字新里７５－２,098-945-5667,,個人,筋,,R051126,12,その他専門工事,1
47015005,知事,大和電気（株）,仲間 淳一,901-0512,島尻郡八重瀬町,字具志頭６６,098-960-8211,5000,法人,電,,R051110,0,電気・設備工事,1
47011878,知事,（有）ヤマト防水工業,松山 健太,901-2213,宜野湾市,志真志１－２０－６,098-892-6272,3000,法人,防,,R021227,12,塗装・防水,1
47001828,知事,（有）大和緑建,仲本 義武,905-0004,名護市,字中山９１２－３,0980-52-0487,27000,法人,土建と石舗園水解,1,R031107,35,建設業（総合）,
47014583,知事,山内装（株）,山田 尚弥,904-2243,うるま市,字宮里７７８,098-988-7450,4000,法人,内,,R040318,0,内装工事,1
47001092,知事,（株）山中組,與那覇 久子,904-0324,中頭郡読谷村,字長浜１７５０,098-958-2634,40000,法人,土建大と石屋タ鋼舗塗内水解,1,R031106,35,建設業（総合）,1
47014123,知事,（株）山名設備,山名 健,904-1301,国頭郡宜野座村,字松田２６２９－１１４,098-968-2113,1000,法人,土と石電管鋼舗し塗水解,,R070904,5,建設業（総合）,
47007302,知事,（株）ヤマナミエンジニヤリング,松田 侑樹,905-0006,名護市,字宇茂佐１５４７－２,0980-53-6187,31000,法人,電管,,R040409,28,電気・設備工事,
47006141,知事,山根組,山根 正徳,904-2161,沖縄市,古謝１２１３－１メゾン桜１０２,098-938-2770,,個人,と,,R041224,28,その他専門工事,1
47013164,知事,山根組,山根 忍,904-2304,うるま市,与那城屋慶名４４４－１ トォーラス３０６号,098-978-6840,,個人,大と,,R040224,8,その他専門工事,1
47012925,知事,山秀組,山城 薫,904-1102,うるま市,石川東山１－１２－１５ 島袋アパートＢー２,098-965-2440,,個人,土建大と石鋼舗し水,,R030318,8,建設業（総合）,1
47007968,知事,山光建設,當山 光勇,904-0325,中頭郡読谷村,字瀬名波２,098-958-4624,,個人,建大,,R070120,28,建設業（総合）,1
47012056,知事,山モリ電機,山入端 隆男,903-0116,中頭郡西原町,幸地６５１－１,098-943-3741,,個人,電,,R040215,12,電気・設備工事,1
47009793,知事,（有）屋良興業,屋良 朝彦,904-1106,うるま市,石川２０５５－１０,098-965-3480,3000,法人,筋,,R060227,20,その他専門工事,1
47008909,知事,（株）屋良材木店,屋良 朝得,901-2203,宜野湾市,野嵩２－３４－５,098-892-3573,17000,法人,土建大左と石屋タ鋼舗しガ塗防内絶具水,,R021214,20,建設業（総合）,1
47009425,知事,（株）屋良電化ストア,屋良 朝一,902-0063,那覇市,三原２－１－３５,098-832-6763,20000,法人,電通,,R050427,20,電気・設備工事,1
47010742,知事,ヤラ電気,屋良 朝清,903-0125,中頭郡西原町,上原２－２３－６,098-946-3878,,個人,電,,R061013,15,電気・設備工事,1
47005831,知事,ヤンマー沖縄（株）,佐野 文彦,901-2223,宜野湾市,大山７－１１－１２,098-898-3111,90000,法人,土と石電管鋼舗機水,1,R031212,35,建設業（総合）,1
47015278,知事,（株）結空調設備,新垣 隆輝,901-2125,浦添市,仲西１－１５－１３又吉アパート２０１号室,098-975-7246,1000,法人,管,,R070128,0,電気・設備工事,1
47013556,知事,（株）ゆい興業,高江洲 義篤,904-2161,沖縄市,古謝２－２５－１５ １Ｆ,098-989-8024,5000,法人,管,,R050914,8,電気・設備工事,1
47014988,知事,結工業（合）,仲松 幸政,904-0011,沖縄市,照屋４－１９－１３ ２Ｆ,098-927-2833,5000,法人,と,,R061220,0,その他専門工事,1
47015224,知事,（株）ＹＵＩＣｏｎｃｅｐｔ,上原 直輝,903-0122,中頭郡西原町,字小橋川１８４－１３,098-960-4675,700,法人,電,,R061021,0,電気・設備工事,1
47014249,知事,（株）ＹＵＩサポート,宮国 誠,901-0361,糸満市,糸満１１７１,098-840-8041,3000,法人,塗,,R030129,5,塗装・防水,1
47012545,知事,（株）結電気,東江 広憲,904-2143,沖縄市,知花６－４－１９,098-989-6551,20000,法人,電管,1,R060920,12,電気・設備工事,1
47014451,知事,結塗装（合）,奥平 定一,901-0153,那覇市,宇栄原１－１１－２,098-987-1724,5000,法人,土建大左と石屋電管タ鋼筋舗し板ガ塗防内絶具水解,,R030903,0,建設業（総合）,1
47009164,知事,（有）ユイ塗装工業,森屋 保夫,901-2212,宜野湾市,長田３－１１－６,098-943-0164,5000,法人,塗防,,R040106,20,塗装・防水,1
47014814,知事,（株）結ハウス,島田 亮太,901-1117,島尻郡南風原町,字津嘉山１１－２,090-3795-0090,5000,法人,土建と石鋼舗し水解,,R050127,0,建設業（総合）,1
47015341,知事,ゆいまーる浦添,比嘉 勝政,901-2114,浦添市,安波茶２－１０－１,098-943-4653,,個人,塗防,,R070509,0,塗装・防水,1
47014223,知事,ゆいまーる運送（株）,丸山 祥明,900-0001,那覇市,港町２－１４－１１,098-800-1240,1000,法人,と,,R021211,5,その他専門工事,1
47013924,知事,（有）ゆいまーる水道,照屋 彰,901-2206,宜野湾市,愛知３－２－１７ １Ｆ,098-892-4039,3000,法人,管,,R070319,5,電気・設備工事,1
47012268,知事,（株）結丸産業,謝花 長治,901-2401,中頭郡中城村,字久場１８－４,098-988-9805,5000,法人,土と石鋼舗し水,,R050423,12,建設業（総合）,1
47012377,知事,ユーアイホーム（株）,高良 盛幸,901-1103,島尻郡南風原町,字与那覇３３５－２,098-894-4041,8000,法人,建,,R051105,12,建設業（総合）,1
47001257,知事,（有）ユウキ建設,平良 昌樹,903-0802,那覇市,首里大名町２－７５－１,098-887-5492,3000,法人,土建大左と石屋管タ鋼筋舗板ガ塗防内絶園具水解,,R060705,35,建設業（総合）,1
47008594,知事,（有）由城建設,儀間 良仁,901-2201,宜野湾市,新城２－１－１１,098-893-1513,10000,法人,土建大と石鋼舗し内水解,,R041004,20,建設業（総合）,1
47012656,知事,（株）勇樹工業,後當 正＊,904-2301,うるま市,与那城照間１０２３,098-978-9707,5000,法人,機,,R030219,12,電気・設備工事,1
47015203,知事,（株）友貴興業,玉寄 人士,901-2216,宜野湾市,字佐真下８９－７コンフォート宜野湾佐真下９０２,098-975-9388,1000,法人,と,,R060830,0,その他専門工事,1
47014010,知事,（株）祐葵製作所,比嘉 定夫,901-2206,宜野湾市,愛知１－５－２９,098-892-7352,1500,法人,土と石鋼舗し水解,,R070619,5,建設業（総合）,1
47014356,知事,結健組,下地 健太,904-0002,沖縄市,城前町１８－１４,098-953-1838,,個人,大と,,R030611,5,その他専門工事,1
47015437,知事,（株）祐建設,金城 祐介,904-2173,沖縄市,比屋根４－９－３ グランドールＫＥＮ２０５,098-988-7640,5000,法人,建大屋タ内,,R070905,0,建設業（総合）,1
47012516,知事,（株）ゆう工業,上地 広樹,906-0012,宮古島市,平良字西里１３３６－２,0980-73-1558,5000,法人,具,,R060609,12,その他専門工事,
47013685,知事,（合）ユウ工業,内間 安紀,901-2211,宜野湾市,宜野湾二丁目１５番５号パルハイム１Ｆ,098-893-3667,1000,法人,管,,R060522,8,電気・設備工事,1
47014698,知事,勇工業（株）,宮城 勇次,901-0411,島尻郡八重瀬町,字友寄５８－５,098-996-2367,1000,法人,管,,R040805,0,電気・設備工事,1
47015038,知事,雄工業,高良 雄希,901-0152,那覇市,小禄２－９－８,098-858-3504,,個人,内,,R051228,0,内装工事,1
47014721,知事,雄幸美装,嘉陽 雄治,904-2172,沖縄市,泡瀬３－３１－１５,090-9784-5021,,個人,塗,,R040909,0,塗装・防水,1
47010091,知事,（有）有志建設,波平 正勝,904-0301,中頭郡読谷村,字座喜味１０２６－１,098-958-4771,29000,法人,土建大左と石屋管タ鋼筋舗し板ガ塗防内絶具水解,1,R050108,15,建設業（総合）,1
47014867,知事,（合）結翔工業,佐和田 大地,906-0008,宮古島市,平良字荷川取１４０５－３,0980-79-7240,100,法人,土と石電鋼舗し水,,R050421,0,建設業（総合）,
47015015,知事,（株）優心,米須 啓人,901-2225,宜野湾市,大謝名１－１２－３１,098-959-3558,3000,法人,塗防,,R051124,0,塗装・防水,1
47007382,知事,（株）勇進建設,根間 明勇,906-0203,宮古島市,上野字宮国６６３,0980-76-2019,10000,法人,建,,R041222,28,建設業（総合）,
47011424,知事,勇新工業,新城 勝美,904-0301,中頭郡読谷村,字座喜味２７１３－３５,098-958-2196,,個人,と,,R050916,12,その他専門工事,1
47012567,知事,勇心工業（株）,大石 智恵子,904-1111,うるま市,石川東恩納４３１－１,098-923-1913,5000,法人,土と石管鋼舗し塗機水解,,R060820,12,建設業（総合）,1
47014406,知事,勇進工業（株）,嘉数 豊,901-0416,島尻郡八重瀬町,字宜次４３,098-894-6471,5000,法人,土と石管鋼舗し水,,R030716,0,建設業（総合）,1
47014457,知事,友心電設,金城 良和,904-2241,うるま市,字兼箇段４５６－１,098-974-3365,,個人,土と石電鋼舗し通水,,R030910,0,建設業（総合）,1
47015142,知事,（合）ユウセイ設備,浦崎 千晶,904-2302,うるま市,与那城西原１０３１－１－１,098-989-3954,1000,法人,管,,R060614,0,電気・設備工事,1
47015369,知事,（株）優生防災設備,仲里 哲次,901-2225,宜野湾市,大謝名１－１２－６・１Ｆ,098-943-7324,1000,法人,消,,R070613,0,電気・設備工事,1
47015113,知事,勇鉄工業,比嘉 勇介,901-0301,糸満市,字阿波根７０９－５,090-3796-0518,,個人,筋,,R060502,0,その他専門工事,1
47015404,知事,（株）優でんき,大湾 優,904-0005,沖縄市,嘉間良１－９－２５,098-934-6641,5000,法人,電,,R070725,0,電気・設備工事,1
47013788,知事,友電社,喜納 義廣,904-0011,沖縄市,照屋５－２０－１１,098-938-2613,,個人,電,,R060927,5,電気・設備工事,1
47014939,知事,祐電設,知念 祐太,901-0606,南城市,玉城字糸数３９５－３,098-948-2116,,個人,電,,R050714,0,電気・設備工事,1
47012897,知事,優塗装（株）,朝山 優一,904-0102,中頭郡北谷町,字伊平４２１－７,098-923-0030,1000,法人,塗,,R030107,12,塗装・防水,1
47012722,知事,（株）優塗装工業,比嘉 勇気,901-2215,宜野湾市,真栄原２－４－１８ マルユウビル３Ｆ,098-897-4816,10000,法人,土左と屋タ鋼板塗防内,,R070205,12,建設業（総合）,1
47010871,知事,（株）ユートピア設計ネットワーク,玉城 永太郎,905-0009,名護市,宇茂佐の森４－２－１５,0980-53-6944,37500,法人,建大屋タ鋼内,,R070802,15,建設業（総合）,
47015318,知事,（合）結南企画,長堂 昌次郎,901-2201,宜野湾市,新城２－１３－３,098-955-4117,1000,法人,建内解,,R070328,0,建設業（総合）,1
47014273,知事,（株）友羽総業,宮城 導,904-2224,うるま市,字大田７１８－１,098-989-4473,3000,法人,土建と石鋼舗し塗内水,,R030315 R050824,5,建設業（総合）,1
47013634,知事,（合）友日,安里 義行,901-2304,中頭郡北中城村,字屋宜原５９４－１,090-7446-9819,1000,法人,内,,R051215,8,内装工事,1
47011121,知事,（株）ユウヒ開発,越来 均,904-2211,うるま市,字宇堅８９７－１,098-974-6535,27500,法人,土建大と石鋼舗し塗防内水解,1,R040215,15,建設業（総合）,1
47015342,知事,（株）友睦物流,後間 英生,901-0305,糸満市,西崎６－１３－５,098-894-6302,30000,法人,大左石屋タ板ガ塗防内絶具,,R070512,0,塗装・防水,1
47015163,知事,（合）ユーメイト,安慶名 慶之,904-2304,うるま市,与那城屋慶名６０４,098-989-0671,3000,法人,建大左石屋タ板ガ塗防内絶具解,,R060712,0,建設業（総合）,1
47015284,知事,（株）ユウユウホームオキナワ,石川 雄裕,901-2424,中頭郡中城村,字南上原６５２－７カーサ・ソマヤマ４０１,080-6482-8978,500,法人,土建と石鋼舗し水,,R070207 R070709,0,建設業（総合）,1
47014584,知事,（株）勇佑組,大城 勇真,901-0504,島尻郡八重瀬町,字後原４７０－１ メゾンファミーユ２０４,098-998-4577,1000,法人,と解,,R040318,0,その他専門工事,1
47012378,知事,（株）ユーライズ,高宮城 誠,904-2245,うるま市,字赤道７９１－８,098-974-6947,4000,法人,土建大左と石屋タ鋼筋舗し板ガ塗防内絶具水,,R051105,12,建設業（総合）,1
47010363,知事,友和左官工業,藤村 敏道,905-1147,名護市,字田井等６３６－１,0980-43-6399,,個人,左,,R040904,15,その他専門工事,
47013954,知事,（株）ゆがふファシリティ,仲間 徹広,905-0014,名護市,港２－６－５,0980-43-9446,100000,法人,建大左と石屋電管タ鋼筋板ガ塗防内絶具消,,R070428,5,建設業（総合）,
47012218,知事,湯川ペイント,湯川 永一,907-0001,石垣市,字大浜５１４－９,0980-82-6827,,個人,塗,,R050123,12,塗装・防水,
47007475,知事,（有）幸総合,島袋 幸雄,901-0361,糸満市,字糸満２４２５－１０,098-994-1836,15000,法人,土と石鋼舗し水,,R060909,28,建設業（総合）,1
47007006,知事,（有）ユタカ技建,安富祖 豊弘,904-0004,沖縄市,中央３－２０－７,098-989-7963,5000,法人,建大屋タ内,,R041216,28,建設業（総合）,1
47008314,知事,（有）ユタカ基工,新垣 豊,904-1203,国頭郡金武町,字屋嘉２５６７,098-965-7200,3000,法人,土と石舗水,,R030810,20,建設業（総合）,
47012911,知事,（有）豊工務店,知念 長政,902-0075,那覇市,字国場９３６－３,098-855-8734,10000,法人,土建大左と石屋タ鋼筋舗し板ガ塗防内絶具水,,R030215,8,建設業（総合）,1
47004195,知事,（有）豊造園,眞榮里 三善,903-0804,那覇市,首里石嶺町３－７３,098-885-2883,10000,法人,園,,R070713,35,その他専門工事,1
47012814,知事,（株）ユナイテッドシステム,田場 盛伸,901-2133,浦添市,城間４－２５ー１２ １階,098-877-2135,20500,法人,通,,R020821,12,電気・設備工事,1
47014963,知事,（株）Ｕｎｉ・工房,末吉 貞博,901-2101,浦添市,西原１－４－１６－１０２,098-943-8371,5000,法人,建大屋電タ内,,R050825,0,建設業（総合）,1
47006663,知事,（株）ゆにてっくす,石原 貴史,903-0116,中頭郡西原町,字幸地１０８１,098-944-6608,17000,法人,電管塗機,,R070510,28,電気・設備工事,1
47014323,知事,（株）ＹＵＭＥ沖縄Ｄｅｓｉｇｎ Ｗｏｒｋｓ,與古田 諒,904-2173,沖縄市,比屋根２－８－３１,098-931-1128,8000,法人,土大と石タ鋼筋舗し水解,,R030514,5,建設業（総合）,1
47009874,知事,夢建創,東德嶺 徹,904-2173,沖縄市,比屋根７－７－１２,098-932-7224,,個人,建大左と石屋タ鋼筋ガ塗防内具,,R070613,20,建設業（総合）,1
47009546,知事,（株）ゆめ工房,糸満 盛和,901-2102,浦添市,前田１－４６－３５－１０１,098-894-4502,12000,法人,建大左石屋タ板ガ塗防内絶具,,R051118,20,建設業（総合）,1
47013733,知事,夢芝プランニング（株）,新垣 斉,904-0328,中頭郡読谷村,字宇座４８,098-989-5768,5000,法人,園,,R060705,5,その他専門工事,1
47014525,知事,（株）由理内装,福原 武志,901-2127,浦添市,屋富祖３－１１－２,098-943-5600,5000,法人,建大屋タ内,,R031203,0,建設業（総合）,1
47007826,知事,（株）ヨウコウ,崎原 正史,901-2132,浦添市,伊祖１－６－６,098-875-8871,3000,法人,管,,R040423,28,電気・設備工事,1
47014632,知事,洋工業,玉城 洋文,901-2121,浦添市,内間３－５－１１－３０２ ヨシキ荘,090-7454-8192,,個人,筋,,R040520,0,その他専門工事,1
47009602,知事,（有）陽功建設,上原 啓功,905-1415,国頭郡国頭村,字浜８０,0980-41-2317,35000,法人,土建大左と石屋管タ鋼筋舗し板ガ塗防内園具水解,1,R050830,20,建設業（総合）,
47011029,知事,（有）与儀技建,與儀 實光,901-2227,宜野湾市,宇地泊２－３４－１９,098-897-1628,5000,法人,と,,R030426,15,その他専門工事,1
47002890,知事,（株）与儀組,淺沼 義功,900-0016,那覇市,前島１－１８－６,098-866-7580,30000,法人,土建大左と石屋電管タ鋼筋舗し板ガ塗防内絶具水解,1,R050312,35,建設業（総合）,1
47013288,知事,（株）与儀工業,與儀 隼人,904-2241,うるま市,字兼箇段１３７９ フレンズマンション寄利２０１号,090-4470-5343,5000,法人,と解,,R040823,8,その他専門工事,1
47002862,知事,与儀土建（株）,与儀 永次,907-0002,石垣市,字真栄里２０８,0980-82-8653,48000,法人,土と石鋼舗し水,,R070107,35,建設業（総合）,
47013597,知事,（株）与儀塗装舎,與儀 幸一,901-2111,浦添市,経塚１－１４－２６,098-875-8083,3000,法人,塗,,R051207,8,塗装・防水,1
47013102,知事,（株）ヨコタ,與古田 德次,905-0006,名護市,字宇茂佐１７４９－５,0980-54-8055,2000,法人,土と石鋼舗し水解,,R031130,8,建設業（総合）,
47011472,知事,与古田建設,與古田 德和,904-1106,うるま市,石川４２５ ２階,098-964-2539,,個人,土建大左と石屋タ鋼筋舗し板ガ塗防内絶具水,,R060106,12,建設業（総合）,1
47014591,知事,（株）ヨコタ電工,横田 浩之,902-0075,那覇市,字国場９４６,098-855-5003,9000,法人,電,,R040331,0,電気・設備工事,1
47012489,知事,（株）横田電設,横田 夏樹,904-2142,沖縄市,登川１－３２－２,098-938-8203,3000,法人,電,,R060421,12,電気・設備工事,1
47003689,知事,（有）与座ガラス店,與座 一弘,901-1117,島尻郡南風原町,字津嘉山１５３２－２,098-889-5009,9000,法人,ガ,,R030604,35,その他専門工事,1
47010452,知事,（有）与座技建,與座 直喜,903-0806,那覇市,首里汀良町２－２２－１ ライオンズマンション守礼１０２号,098-835-5205,3000,法人,土と石鋼舗し水,,R050228,15,建設業（総合）,1
47005444,知事,（有）与座建設,與座 伸行,901-2132,浦添市,伊祖５－５－５,098-878-0468,3000,法人,土建と石舗水,,R040826,35,建設業（総合）,1
47007359,知事,（有）吉岡通信設備,吉岡 永助,901-1207,南城市,大里字古堅２６６－２,098-944-0217,3000,法人,電通,,R021107,28,電気・設備工事,1
47014152,知事,善型枠,善平 朝洋,901-2132,浦添市,伊祖５－５－１２ ２Ｆ,090-5631-5577,,個人,大と,,R071002,5,その他専門工事,1
47014660,知事,（合）ヨシカワ電通,吉川 公朗,904-0001,沖縄市,越来１－１７－６,070-5532-4446,1000,法人,通,,R040617,0,電気・設備工事,1
47014338,知事,（株）好?,末吉 末子,903-0116,中頭郡西原町,字幸地４２１,098-927-2406,5000,法人,土建大と石屋タ鋼舗し内水,,R030531,5,建設業（総合）,1
47010843,知事,（有）良組,下地 良一,903-0111,中頭郡西原町,字与那城２９３－３５,098-946-0182,3000,法人,と,,R070629,15,その他専門工事,1
47013103,知事,（有）吉建,吉原 滝,900-0025,那覇市,壺川２－３－１５－１３０２,098-831-5915,3000,法人,土建大左と石屋タ鋼筋舗し板ガ塗防内絶具水解,,R031130,8,建設業（総合）,1
47011017,知事,（有）義工業,眞榮田 義彦,905-2172,名護市,字豊原１６０－１,0980-55-2512,20000,法人,土建大左と石屋管タ鋼筋舗し板ガ塗防内絶具水解,1,R060119,15,建設業（総合）,
47013933,知事,吉巧業（株）,吉開 奨幸,904-2215,うるま市,みどり町４－７－１ 嘉手納盛雄ビル２０２,098-989-9854,8000,法人,と,,R070403,5,その他専門工事,1
47015085,知事,義左官工業,下地 昌義,901-1101,島尻郡南風原町,字大名３６７－８,080-1783-6736,,個人,左,,R060315,0,その他専門工事,1
47010271,知事,吉重機,饒平名 知吉,904-2225,うるま市,喜仲３－１９－１５,098-974-7049,,個人,土と石鋼舗し水,,R040304,15,建設業（総合）,1
47000556,知事,（有）吉田開発,吉田 健英,902-0072,那覇市,字真地３４１－１,098-855-6071,49000,法人,土建と石舗し水解,1,R030723,35,建設業（総合）,1
47007691,知事,（株）吉田組,吉田 寛,901-1403,南城市,佐敷字佐敷４９３－５,098-917-0887,40000,法人,土と石鋼舗し塗水解,1,R050729,28,建設業（総合）,1
47006846,知事,（株）吉田建材,吉田 健,901-0305,糸満市,西崎町５－１４－２,098-994-3007,48000,法人,建大屋タ内,,R040526,28,建設業（総合）,1
47004426,知事,吉田建設,吉田 清昌,904-2302,うるま市,与那城西原６６６,098-978-6932,,個人,建大,,R021101,35,建設業（総合）,1
47011784,知事,（有）ヨシダ工業サービス,慶田盛 直哉,903-0804,那覇市,首里石嶺町４－２６４－１０,098-886-3866,3000,法人,土建大左と石屋タ鋼筋舗し板ガ塗防内絶具水解,,R070628,12,建設業（総合）,1
47004890,知事,（有）吉田産業,伊良部 幸男,906-0012,宮古島市,平良字西里１３３１－１６,0980-72-1661,20000,法人,土と石電管鋼舗し塗水,1,R030924,35,建設業（総合）,
47011678,知事,吉田畳店,吉田 博信,901-0503,島尻郡八重瀬町,字新城１０４９,098-998-0296,,個人,内,,R070119,12,内装工事,1
47008918,知事,義鉄筋工業,照喜名 義光,901-1202,南城市,大里字大里２５３６－５,098-945-8078,,個人,筋,,R030124,20,その他専門工事,1
47011904,知事,吉鉄筋工業,新城 立信,901-2203,宜野湾市,野嵩２－１２－１５,098-893-2321,,個人,筋,,R030224,12,その他専門工事,1
47009276,知事,（有）嘉電設,比嘉 常義,901-2312,中頭郡北中城村,字和仁屋３４,098-989-7121,10000,法人,電,,R040818,20,電気・設備工事,1
47015281,知事,（株）良電設,平仲 良考,901-0504,島尻郡八重瀬町,字後原２９９,098-800-2851,500,法人,電,,R070128,0,電気・設備工事,1
47015257,知事,（株）ヨシ塗装,平良 正伍,901-0415,島尻郡八重瀬町,字小城４２－６,080-1773-8531,5000,法人,塗,,R061216,0,塗装・防水,1
47004631,知事,（有）吉永,本底 直美,902-0076,那覇市,与儀２－４－１－２０３,098-851-7070,10000,法人,塗防,,R060224,35,塗装・防水,1
47008068,知事,（株）吉・長,新屋敷 賢,900-0024,那覇市,古波蔵２－３２－２７,098-832-5179,41500,法人,土建大と石鋼舗し水,,R050625,20,建設業（総合）,1
47007111,知事,（株）良長工務店,比嘉 良長,901-2111,浦添市,字経塚４８７－８,098-877-7200,10000,法人,土建大と石鋼舗水,,R040920,28,建設業（総合）,1
47012646,知事,良長鉄筋工業,翁長 浩和,904-2204,うるま市,字西原１９５－３,098-97-7165,,個人,筋,,R070121,12,その他専門工事,1
47014715,知事,吉成建装,吉濱 一成,904-2224,うるま市,字大田６８３－１,090-9780-3901,,個人,内,,R040826,0,内装工事,1
47005725,知事,（有）よしの商会,平安山 良太,901-0156,那覇市,田原１－４－４,098-857-8764,5000,法人,内,,R030514,35,内装工事,1
47013502,知事,（株）吉平工業,吉平 靖雄,901-2406,中頭郡中城村,字当間５７３,098-988-4444,5000,法人,と,,R050628,8,その他専門工事,1
47013722,知事,吉本組,吉本 秀夫,904-2307,うるま市,与那城饒辺１７３－１７,098-978-3789,,個人,大,,R060628,5,その他専門工事,1
47004722,知事,与世田建設,与世田 兼一,907-0024,石垣市,字新川２３１８－１５ 第一ハイツ１Ｆ,0980-83-2557,,個人,土と石鋼舗し塗水,,R050327,35,建設業（総合）,
47013721,知事,（株）四つ葉電機,新里 紹哲,904-2155,沖縄市,美原２－１７－２６ ２Ｆ,098-989-9675,5000,法人,電通,,R060716 R070117,5,電気・設備工事,1
47013808,知事,（株）與那下,與那下 将輝,904-2242,うるま市,字高江洲９７５－２,098-955-1310,5000,法人,左,,R061018,5,その他専門工事,1
47002837,知事,（株）世名城,世名城 盛俊,904-0202,中頭郡嘉手納町,屋良１－３－１３,098-956-2072,20000,法人,土建と石電管鋼舗し塗機園水消解,1,R030304 R031005,35,建設業（総合）,1
47004146,知事,與那城組,與那城 清,901-1405,南城市,佐敷字仲伊保８６－１,098-947-3618,,個人,土建と石鋼舗水,,R070402,35,建設業（総合）,1
47007230,知事,（有）世名城建設,金城 文雄,901-0204,豊見城市,字金良２４５－１,098-840-6925,36500,法人,土建と石鋼舗し塗水解,1,R030913,28,建設業（総合）,1
47014166,知事,（株）ヨナ鉄筋工業,與那 善行,901-2102,浦添市,前田４－１－７（１０２）,098-943-9510,1000,法人,筋,,R071009,5,その他専門工事,1
47008147,知事,与那覇組,與那覇 恵次郎,901-0204,豊見城市,字金良７１－２５,098-850-3184,,個人,大,,R070903,20,その他専門工事,1
47011975,知事,与那覇建設,與那覇 智也,901-0205,豊見城市,字根差部２１１－３,098-850-0173,,個人,大,,R030728,12,その他専門工事,1
47013209,知事,（株）与那覇建設,與那覇 毅彦,901-2126,浦添市,宮城３－１４－２ コーポ与那覇２Ｆ,098-878-6771,79000,法人,建大,,R040524,8,建設業（総合）,1
47001684,知事,（有）與那覇工務店,與那覇 昇,907-1801,八重山郡与那国町,字与那国６２－１,0980-87-2219,6000,法人,土建と舗水,,R021026,35,建設業（総合）,
47013470,知事,（株）ヨナハ工務店,与那覇 拓,901-2423,中頭郡中城村,字北上原９６０－２,098-943-2885,3000,法人,大と,,R050601,8,その他専門工事,1
47008848,知事,与那はつり,與那 康則,900-0031,那覇市,若狭２－３－１７ 松岡マンション４－Ａ,090-9780-3258,,個人,と,,R050707,20,その他専門工事,1
47015112,知事,（株）與那覇土建,與那覇 巧,903-0815,那覇市,首里金城町３－６３,070-5411-3577,3000,法人,土と石鋼舗し塗水解,,R060502,0,建設業（総合）,1
47014709,知事,與那覇内装,與那覇 朝一郎,901-2316,中頭郡北中城村,字安谷屋８２４－３,090-1942-6808,,個人,内,,R040826,0,内装工事,1
47001469,知事,（株）与那原建設,運天 辰民,907-0024,石垣市,字新川２４４４－１１,0980-82-4633,43000,法人,土建大左と石屋管タ鋼筋舗し板ガ塗防内絶具水解,1,R030325,35,建設業（総合）,
47012544,知事,（株）ヨナハラ造園,与那原 永一郎,902-0072,那覇市,字真地２１０－１マンション真地２０２,098-987-4861,8000,法人,土と石鋼舗し園水解,,R031015,12,建設業（総合）,1
47012615,知事,（合）与那原タイル,與那原 克,901-2424,中頭郡中城村,字南上原６８２－１,098-895-6940,110,法人,タ,,R061204,12,その他専門工事,1
47008797,知事,（名）与那原圧送,知念 正勝,901-1204,南城市,大里字稲嶺９０－５,098-946-8284,4500,法人,と,,R070821,20,その他専門工事,1
47013731,知事,（株）與那嶺開発,與那嶺 智紀,900-0024,那覇市,古波蔵３－１３－９ 金城アパート１Ｆ,098-853-0130,1000,法人,土と石鋼舗し水,,R060705,5,建設業（総合）,1
47012614,知事,（株）與那嶺組,與那嶺 朝勇,905-0423,国頭郡今帰仁村,字平敷７３７－４,0980-43-6876,5000,法人,建大,,R061125,12,建設業（総合）,
47013156,知事,与那嶺組（株）,與那嶺 和幸,901-2226,宜野湾市,嘉数４－３－１１ ２階,098-955-9793,5000,法人,と解,,R040222,8,その他専門工事,1
47013773,知事,よなみね組,與那嶺 良,900-0033,那覇市,久米２－３２－２６－１４０２号ファミール久米,098-869-3026,,個人,大,,R060906,5,その他専門工事,1
47012794,知事,（合）與那嶺建設工業,與那嶺 清榮,901-2126,浦添市,宮城４－１８－２４,098-879-4978,1000,法人,土と石鋼舗し水,,R020727,12,建設業（総合）,1
47013225,知事,与那嶺工業,與那嶺 修作,901-2227,宜野湾市,宇地泊３－２－１－３０２号 カーサ・デ・エストレーア,098-898-0676,,個人,と,,R040620,8,その他専門工事,1
47011000,知事,与那嶺重機,与那嶺 正,903-0118,中頭郡西原町,字小波津６５,098-945-5240,,個人,土と石鋼舗し塗水,,R030315,15,建設業（総合）,1
47009927,知事,（有）与那嶺商会,與那嶺 学,900-0002,那覇市,曙３－１９－１,098-861-2105,10000,法人,土と石舗水解,,R070925,20,建設業（総合）,1
47015199,知事,与那嶺商会,与那嶺 幸信,903-0116,中頭郡西原町,字幸地２４６,098-946-5607,,個人,と,,R060830,0,その他専門工事,1
47010743,知事,与那嶺設備,與那嶺 忠,904-1202,国頭郡金武町,字伊芸２６２,098-968-3166,,個人,管,,R061021,15,電気・設備工事,
47014201,知事,（株）与那嶺設備,與那嶺 勇,901-1102,島尻郡南風原町,字宮城４２４－３,098-888-1595,1000,法人,土と石管鋼舗し水,,R021120 R031102,5,建設業（総合）,1
47007068,知事,（有）与那嶺造園土木,与那嶺 満,903-0116,中頭郡西原町,字幸地２３１,098-871-9412,3000,法人,土と石鋼舗園水,,R040306,28,建設業（総合）,1
47001933,知事,（有）与那嶺ダクト,野本 英司,901-2223,宜野湾市,大山７－４－１７,098-897-3937,10000,法人,管,,R070704,35,電気・設備工事,1
47013199,知事,与那嶺鉄筋工業,與那嶺 和也,901-0155,那覇市,金城５－１３－３,090-7985-1921,,個人,筋,,R040509,8,その他専門工事,1
47008148,知事,（有）與那嶺塗装社,與那嶺 正治,901-2413,中頭郡中城村,字北上原６０３－１,098-942-3200,10000,法人,大左石屋タ板ガ塗防内絶具,,R030705,20,塗装・防水,1
47011844,知事,（有）與那嶺土木工業,與那嶺 哲男,901-2421,中頭郡中城村,字登又２６６－１,098-895-6861,10000,法人,土と石鋼舗し水,,R021018,12,建設業（総合）,1
47014510,知事,與那嶺板金,與那嶺 大,903-0104,中頭郡西原町,字兼久１８１－５,098-945-1289,,個人,屋板,,R031129,0,その他専門工事,1
47014958,知事,與那嶺ペイント,與那嶺 篤,901-2203,宜野湾市,野嵩４－１３－１９,098-955-1502,,個人,塗,,R050818,0,塗装・防水,1
47014691,知事,与那嶺涼熱（株）,與那嶺 亮,901-2212,宜野湾市,長田３－３２－６,098-892-8302,5000,法人,管,,R040722,0,電気・設備工事,1
47006548,知事,（有）與那嶺冷機,與那嶺 徳幸,901-2112,浦添市,沢岻１－４５－１,098-877-3744,10000,法人,管,,R030519,28,電気・設備工事,1
47010615,知事,（有）米蔵興業,入米蔵 健,907-0024,石垣市,字新川３６４,0980-82-7870,5000,法人,土と石鋼舗し塗水,,R060209,15,建設業（総合）,
47009714,知事,（有）よね建設,仲與根 正信,904-2311,うるま市,勝連南風原１５７,098-978-4558,3000,法人,土建と石鋼舗し水,,R060820,20,建設業（総合）,1
47011124,知事,米元建設工業（株）,米元 文啓,900-0024,那覇市,古波蔵３－７－２５,098-987-1400,20000,法人,土建大左と石屋タ鋼筋舗し板ガ塗防内絶具水解,1,R030906,15,建設業（総合）,1
47001018,知事,（株）米盛建設工業,米盛 博明,907-0002,石垣市,字真栄里５７１－７,0980-82-4809,30000,法人,土建と石鋼舗水,1,R021101,35,建設業（総合）,
47012362,知事,饒辺工業,饒辺 義人,904-2153,沖縄市,美里６－１５－３４,098-923-0637,,個人,と,,R050930,12,その他専門工事,1
47014616,知事,ヨヘン塗装,川平 学,904-0303,中頭郡読谷村,字伊良皆４１９ Ｂ－４７,098-956-8731,,個人,塗,,R040415,0,塗装・防水,1
47009098,知事,（有）読谷アルミ工業,比嘉 龍一,904-0322,中頭郡読谷村,字波平２１５７－１,098-958-5791,10000,法人,大屋板ガ内具,,R031015,20,内装工事,1
47010297,知事,読谷協同産業（株）,大嶺 健太郎,904-0327,中頭郡読谷村,字儀間３１０－１,098-958-0900,22000,法人,土と石電管鋼舗園水,,R040424,15,建設業（総合）,1
47013391,知事,読谷産業,知念 優,904-0301,中頭郡読谷村,字座喜味２８９８－１６,098-958-4600,,個人,土と石鋼舗し水,,R050109,8,建設業（総合）,1
47010917,知事,（有）読谷電気水道工事社,國吉 真和,904-0303,中頭郡読谷村,字伊良皆３７３－３,098-956-2123,5000,法人,土と石電管鋼舗水,,R071011,15,建設業（総合）,1
47009042,知事,（有）読山産業,呉屋 正幸,901-2224,宜野湾市,真志喜２－５－１８,098-890-2626,5000,法人,大左石屋電タ板ガ塗防内絶具,,R030813,20,電気・設備工事,1
47014489,知事,（株）頼創エンジニアリング,仲泊 博也,901-2203,宜野湾市,野嵩２－３２－８,098-880-6602,1000,法人,管,,R031015,0,電気・設備工事,1
47015449,知事,寄宮タタミ店,下地 智,900-0024,那覇市,古波蔵４－３－１０,098-834-4322,,個人,内,,R070919,0,内装工事,1
47009416,知事,（有）よろこび電化,下里 彰,904-0011,沖縄市,照屋１－３２－９,098-937-5605,20000,法人,電管,1,R050325 R070801,20,電気・設備工事,1
47014041,知事,Ｌａ Ｆａｍｉｌｌｅ（株）,梅川 直起,901-2416,中頭郡中城村,字和宇慶８２５－３コーポ新垣１０１,098-943-5973,5000,法人,大,,R070710,5,その他専門工事,1
47015337,知事,徠工業,比嘉 舜,901-2402,中頭郡中城村,字泊３７８,080-6487-9237,,個人,と,,R070502,0,その他専門工事,1
47006886,知事,（有）雷光電気工事,金城 馨,901-2202,宜野湾市,普天間１－２２－１０,098-892-2488,20000,法人,土と石電鋼舗通水消,1,R030917,28,建設業（総合）,1
47012329,知事,（株）ＲＩＳＥコーポレーション,山城 昇,901-0361,糸満市,字糸満１９４３－５４ 長嶺ビル２Ｆ,098-851-7208,9900,法人,土建大左と石屋タ鋼舗し板ガ塗防内絶具水,,R050726,12,建設業（総合）,1
47010260,知事,（有）ライト,德田 和輝,901-0302,糸満市,字潮平７０８－２６,098-840-9335,3000,法人,内具,,R040221 R070724,15,内装工事,1
47009601,知事,ライト建設（株）,糸洲 徹,901-2201,宜野湾市,新城２－９－１９,098-892-5112,20000,法人,建大左と石屋タ筋板ガ塗防内具解,1,R051102,20,建設業（総合）,1
47014766,知事,来塗工,仲村 友彦,904-2312,うるま市,勝連平安名６１０,090-7386-4108,,個人,塗防,,R041111,0,塗装・防水,1
47014734,知事,（合）ライトシング,嘉数 純,901-0416,島尻郡八重瀬町,字宜次歌江原４０４－１,098-943-4156,1000,法人,電,,R040926,0,電気・設備工事,1
47012936,知事,ライト電気（株）,上原 卓,901-0305,糸満市,西崎１－２２－１,090-7383-7086,5000,法人,電,,R030405,8,電気・設備工事,1
47011353,知事,（有）ライブエンジニア,仲松 進太郎,901-2223,宜野湾市,大山６－９－６ １０２,098-898-0583,3000,法人,土と石管鋼舗し塗水,,R050417,12,建設業（総合）,1
47014552,知事,（株）ライフクリエイト,天願 勝美,904-2143,沖縄市,知花４－１３－３,098-934-2511,3000,法人,大左石屋タ板ガ塗防内絶具,,R040114,0,塗装・防水,1
47012471,知事,（有）ライフ工業,大城 正博,901-2113,浦添市,大平１－６－５ ウエハラビル３０２号,098-875-8555,3000,法人,土と石管鋼舗し塗水,,R060326,12,建設業（総合）,1
47010691,知事,（株）ライフコーポレーション,金城 秀人,901-0244,豊見城市,宜保３－１－１ ロイヤルビル１０１,098-850-2222,40000,法人,土建大と石屋タ鋼舗し塗内水,1,R051114,15,建設業（総合）,1
47012602,知事,ライフ・ストレージ・マネジメント（株）,志村 岳人,901-1407,南城市,字つきしろ１６７８－１９６,098-943-3681,5000,法人,建大屋タ鋼内,,R061104,12,建設業（総合）,1
47012605,知事,（有）ライフテック,又吉 隆,904-0111,中頭郡北谷町,砂辺４１０－３,098-926-1681,3000,法人,電管,,R061105,12,電気・設備工事,1
47013542,知事,ライフホームズ（株）,岡部 新,900-0003,那覇市,安謝１－２２－５６,098-867-3530,30000,法人,建大屋タ内,,R050823,8,建設業（総合）,1
47013675,知事,（株）ライフワークス,東江 裕矢,904-2142,沖縄市,字登川２７８０－１,098-943-2904,5000,法人,建大左石屋タ板ガ塗防内絶具,,R050907,8,建設業（総合）,1
47011506,知事,（株）Ｌｉｎｅ,洲鎌 昭夫,901-2121,浦添市,内間１－１４－８,098-917-2753,10000,法人,土建と石電鋼舗し通水,,R060415,12,建設業（総合）,1
47011939,知事,（株）ライン沖縄,當眞 嗣尚,903-0126,中頭郡西原町,字棚原２３５－１,098-943-2943,300,法人,通,,R030530,12,電気・設備工事,1
47013948,知事,ライン電工（株）,仲村渠 晃,904-0013,沖縄市,室川１－６－４（１Ｆ）,098-921-3300,1000,法人,電,,R040401,5,電気・設備工事,1
47013553,知事,ラキム（株）,奥平 清正,907-0024,石垣市,字新川２２７３－２,0980-82-8635,3000,法人,建,,R050914,8,建設業（総合）,
47015207,知事,（同）楽技建,宮國 雅輝,906-0204,宮古島市,上野字上野１４３－１,090-6861-8092,88,法人,電管,,R061004,0,電気・設備工事,
47006324,知事,（株）ラテン,下地 睦男,901-0504,島尻郡八重瀬町,字後原１１３３,098-998-0610,10000,法人,石タ,,R050607,28,その他専門工事,1
47013090,知事,（株）ラテンマーブル,中村 竜之,901-0504,島尻郡八重瀬町,字後原１１３３,098-998-0670,9000,法人,建大石屋タ内,,R031108,8,建設業（総合）,1
47014668,知事,（株）Ｌａｂｏｚ,新川 喜嗣,903-0804,那覇市,首里石嶺町２－１８９－２,098-943-9928,5000,法人,建大屋タ内,,R040701,0,建設業（総合）,1
47011285,知事,（有）ラムハウジング,川上 優,904-0113,中頭郡北谷町,字宮城１－４６５,098-936-8808,3000,法人,建大屋タ内,,R041003,15,建設業（総合）,1
47012610,知事,（株）ランドスケープ,多和田 真徳,901-2213,宜野湾市,志真志１－１２－３,098-893-7420,5000,法人,土と石鋼舗し園水,,R061119,12,建設業（総合）,1
47011392,知事,（株）ランバーランド,平良 哲哉,901-1204,南城市,大里字稲嶺１８４０－１,098-944-8330,30000,法人,土建大左と石屋タ鋼筋舗し板ガ塗防内絶具水,,R050708,12,建設業（総合）,1
47015275,知事,Ｒｅアークス（株）,米田 誉司,901-2122,浦添市,勢理客１－１２－３Ｎ２５Ａ,098-894-4114,1000,法人,内,,R070121,0,内装工事,1
47012405,知事,（株）リアルシティ・コーポレーション,上野 武人,900-0005,那覇市,天久２－２８－９ ２階,098-975-8558,10000,法人,建大左と石屋タ鋼筋板ガ塗防内絶具,,R051216,12,建設業（総合）,1
47010853,知事,（有）リード企画,島袋 正則,903-0814,那覇市,首里崎山町１－３７－１當眞アパート１０１,098-884-2651,3000,法人,内,,R070719,15,内装工事,1
47014722,知事,（株）ＬｅａｐＡｓ,新垣 裕伸,903-0118,中頭郡西原町,字小波津１８７,098-943-5103,1000,法人,建電内解,,R040909 R050307 R051023,0,建設業（総合）,1
47011636,知事,（株）りーふ,大木 聡,901-2221,宜野湾市,伊佐３－９－１８,098-988-4540,5000,法人,土建大と石屋タ鋼舗し内水,,R061113,12,建設業（総合）,1
47014828,知事,（株）りーふデザイン,大木 聡,901-2221,宜野湾市,伊佐３－９－１８,098-988-4540,5000,法人,建解,,R050224,0,建設業（総合）,1
47004382,知事,リウコン（株）,比嘉 盛勝,903-0103,中頭郡西原町,字小那覇１１８７,098-945-3778,100000,法人,土と石タ舗水,1,R070726,35,建設業（総合）,1
47008695,知事,（株）リウデン,上間 亮,901-2122,浦添市,勢理客４－１９－１,098-875-2346,15000,法人,電通,,R070403,20,電気・設備工事,1
47013285,知事,（有）力組,松尾 力,904-2313,うるま市,勝連内間９７７,098-978-4882,3000,法人,土と石鋼舗し塗水,,R040823,8,建設業（総合）,1
47011658,知事,（株）力建設,喜屋武 久美子,904-2243,うるま市,字宮里８２４,098-973-0028,15000,法人,建大,,R061225,12,建設業（総合）,1
47014897,知事,（合）ＲＩＫＵＡＩ,比嘉 勝浪,905-2171,名護市,字辺野古１０１０番地１８８（１０７号室）,090-6863-4235,1000,法人,土と石鋼舗し水,,R050602,0,建設業（総合）,
47014128,知事,（株）利興土建,伊敷 利一,901-0362,糸満市,字真栄里５６０,098-894-6355,5000,法人,土と石鋼舗し水解,,R070911,5,建設業（総合）,1
47008828,知事,（株）里伸開発,親里 章一,905-0604,島尻郡伊是名村,字伊是名３３５７－１,0980-45-2189,10000,法人,土建と石管舗水解,,R070918,20,建設業（総合）,
47013294,知事,（株）リスモプラン,大宜見 幸宏,904-0202,中頭郡嘉手納町,字屋良７７５－１,098-923-0505,1000,法人,内,,R040829,8,内装工事,1
47014677,知事,リゾデザイン（株）,金城 悟,904-2142,沖縄市,字登川２６７１－１,098-921-0368,3000,法人,建大屋タ内,,R040708,0,建設業（総合）,1
47013619,知事,律工務店,石岡 智美,903-0103,中頭郡西原町,字小那覇６６,098-944-3278,,個人,建大屋タ内,,R060117,8,建設業（総合）,1
47013430,知事,立晶産業,砂川 和男,906-0108,宮古島市,城辺字砂川６１３－２,0980-77-2474,,個人,土建と石舗水,,R050330 R050628,8,建設業（総合）,
47006500,知事,（有）立真工業,砂川 智美,906-0202,宮古島市,上野字新里３６６－９,0980-76-6770,20000,法人,土建と石管鋼舗し水,,R031023,28,建設業（総合）,
47012036,知事,（株）りっち開発,吉盛 亮一,904-0022,沖縄市,園田３－４－２０,098-975-6540,10000,法人,建大屋タ内,,R031228,12,建設業（総合）,1
47013670,知事,（株）Ｒｉｐｐｌｅ沖縄,加山 加津美,904-2225,うるま市,字喜屋武４７９－１,098-989-5803,3000,法人,電,,R050529,8,電気・設備工事,1
47014252,知事,（株）立和,神谷 輝,901-1102,島尻郡南風原町,字宮城３０９－３,090-7984-7723,5000,法人,内,,R041001,5,内装工事,1
47015178,知事,（株）リテック,親泊 良太,901-0311,糸満市,字武富５９５－３５９,080-3975-6793,5000,法人,土と石鋼舗水解,,R060809,0,建設業（総合）,1
47013097,知事,リノアークス（株）,竹村 孝之,901-0402,島尻郡八重瀬町,字富盛６６７ ２Ｆ,098-987-0761,5000,法人,土建と石鋼舗し塗内水解,,R031118 R060209 R061106,8,建設業（総合）,1
47004283,知事,（有）リノプラ,野原 金一,901-2132,浦添市,伊祖２－３０－１４,098-879-4804,5000,法人,建大左と石屋タ鋼筋板ガ塗防内絶具解,,R030702,35,建設業（総合）,1
47014671,知事,（合）リノベーションオキナワ,古賀 友邦,904-2236,うるま市,喜仲１－７－１９,098-973-7750,1000,法人,建,,R040701,0,建設業（総合）,1
47014516,知事,（株）リノベース,福地 一仁,900-0036,那覇市,西１－４－１４,098-917-4205,6000,法人,建大屋タ内,,R031119,0,建設業（総合）,1
47014607,知事,（株）リバティー沖縄,大城 人士,900-0022,那覇市,樋川２－３－１,098-832-7755,10000,法人,建内,,R040408 R050328,0,建設業（総合）,1
47014610,知事,（株）リバテック,城間 宏明,901-2112,浦添市,字沢岻１１０８－１ 沢岻事務所＊１０１,098-988-1187,5000,法人,電管,,R040408,0,電気・設備工事,1
47012356,知事,（有）リバテックホーム,與那嶺 雅彦,903-0118,中頭郡西原町,字小波津７１ ジョイフルこはつ２０１,098-946-4118,5000,法人,土建大と石屋タ鋼舗し内水,,R050913,12,建設業（総合）,1
47006695,知事,リフォームサイエンス（株）,知花 順子,901-2221,宜野湾市,伊佐３－９－１２,098-899-2222,25000,法人,土建大と塗防内具水,,R031015,28,建設業（総合）,1
47008429,知事,（有）リフォーム施工,國吉 惠康,901-2202,宜野湾市,普天間１－２４－７、２Ｆ,098-988-3343,20000,法人,土建大左と石屋管タ鋼舗し板ガ塗防内絶具水解,,R031118,20,建設業（総合）,1
47012596,知事,リフォームセンター,和宇慶 朝敏,904-2225,うるま市,字喜屋武６００－２,098-973-0193,,個人,土建大左と石屋タ鋼筋舗し板ガ塗防内絶具水,,R061014,12,建設業（総合）,1
47012867,知事,（株）リフテック,照喜名 真,901-1208,南城市,大里字平良２４９２－１,098-917-0863,3000,法人,建大左と石屋タ板ガ塗防内絶具解,,R021120 R070228,12,建設業（総合）,1
47012802,知事,（株）リブライブ,新本 英克,903-0126,中頭郡西原町,字棚原９１番地フィールドラック１０５号,098-944-6558,3000,法人,建内,,R020731,12,建設業（総合）,1
47014503,知事,（株）ＲｅＰＬＵＳ沖縄,宜保 宏幸,901-2226,宜野湾市,嘉数１－１５－２３－１Ｆ,098-989-7328,5000,法人,大左石屋タ板ガ塗防内絶具,,R060615,0,塗装・防水,1
47013006,知事,（株）リフレ,新垣 大輔,901-2202,宜野湾市,普天間二丁目１４番８号,098-917-0456,5000,法人,建大と石屋タ鋼塗内,,R030714,8,建設業（総合）,1
47009431,知事,（株）リフレッシュ沖縄,大石 信昭,902-0074,那覇市,字仲井真３９８－２８,098-835-4902,15000,法人,土建大左と石屋タ鋼舗し板ガ塗防内絶具水解,,R050506,20,建設業（総合）,1
000028243,大臣,（株）リムエンジニアリング,儀保 宜彦,901-2121,浦添市,内間３－１９－２,098-943-9405,10000,法人,塗防解,,R030805 R060718,,塗装・防水,1
47015358,知事,（株）リメイン,吉嶺 全智,901-1208,南城市,大里字平良２４９２－１,098-894-9511,3000,法人,土建と石鋼舗し塗水,,R070522,0,建設業（総合）,1
47013950,知事,琉愛興業,屋良 潤,901-1117,島尻郡南風原町,字津嘉山８０９－６ 東宝建設ビル７ ２０１,098-851-7525,,個人,大,,R070420,5,その他専門工事,1
47008241,知事,（有）琉圧,仲宗根 康二,901-0411,島尻郡八重瀬町,字友寄１６４－１,098-851-3404,3000,法人,土と石鋼筋舗し水,,R030405,20,建設業（総合）,1
47013760,知事,琉栄開発（株）,宮里 豪,905-0004,名護市,字中山８９４－９,0980-43-6797,20000,法人,土建大左と石屋タ鋼筋舗し板ガ塗防内絶具水解,1,R060726,5,建設業（総合）,
47015300,知事,（株）琉栄工業,比嘉 健司,901-0224,豊見城市,字与根７５－３,098-996-5726,6000,法人,鋼,,R070228,0,その他専門工事,1
47013521,知事,（株）琉王,福永 高一八,901-2132,浦添市,伊祖２－２－２ ２０１,098-917-2271,5000,法人,土建大と石屋タ鋼舗し塗内水解,,R050720,8,建設業（総合）,1
47014138,知事,琉桜電気,永井 大助,905-0011,名護市,宮里４－１－１,0980-54-0481,,個人,電,,R070911,5,電気・設備工事,
47013109,知事,（株）琉河,波平 武弘,904-0314,中頭郡読谷村,字古堅７３－２（３Ｆ）,098-956-9992,5000,法人,と解,,R031219,8,その他専門工事,1
47013905,知事,（株）琉開企画,屋宜 勝枝,901-1303,島尻郡与那原町,字与那原９６１,098-943-4822,5000,法人,塗防,,R070228,5,塗装・防水,1
47009444,知事,（株）流管工業,與儀 悟士,901-0155,那覇市,金城２－６－４,098-859-3362,20000,法人,土と石管鋼舗し塗水解,1,R030909,20,建設業（総合）,1
47013631,知事,（株）琉絆,仲里 勇紀,906-0013,宮古島市,平良字下里１２５９－９,0980-72-1220,750,法人,管,,R060204,8,電気・設備工事,
47006658,知事,隆義建,儀間 隆信,903-0807,那覇市,首里久場川町１－８４－８,098-885-2348,,個人,建大,,R030702,28,建設業（総合）,1
47013505,知事,（株）りゅう技建,喜納 廣子,900-0024,那覇市,古波蔵１－２２－２,098-851-9775,5000,法人,土建と石鋼舗し塗水解,,R050705,8,建設業（総合）,1
47014833,知事,龍輝工業,宇江城 拓弥,904-2245,うるま市,字赤道９７１－６８,080-1773-8117,,個人,と解,,R050317,0,その他専門工事,1
47013565,知事,龍喜鉄筋工業,喜友名 龍也,904-2143,沖縄市,知花５－１９－１６ 喜友名コンパクトビルド２Ｆ,050-1224-4230,,個人,筋,,R051009,8,その他専門工事,1
47015056,知事,（株）琉城ブロック工業,金城 琢也,901-2113,浦添市,大平３－１５－２１ ユカリ荘＊２０３,098-870-8700,2000,法人,建石タ,,R060202,0,建設業（総合）,1
47002656,知事,（株）琉球伊奈,上門 伸,901-2113,浦添市,字大平４５１－１,098-878-4620,15250,法人,土建と石管タ鋼舗し内水,,R050603,35,建設業（総合）,1
47013281,知事,琉球ｅｓｓｅｎｃｅ,大宜味 司,904-0303,中頭郡読谷村,字伊良皆１３６ ２Ｆ－２０２,098-959-4789,,個人,塗防,,R040816,8,塗装・防水,1
47014005,知事,琉球エナジー（合）,宮平 宗幸,901-1205,南城市,大里字高平５０７,098-963-9574,3000,法人,電,,R070612,5,電気・設備工事,1
47014483,知事,琉球エレック（株）,新垣 一,901-2132,浦添市,伊祖２－４－７－４０２号グレースビルてるや,070-5485-2976,3000,法人,電,,R031008,0,電気・設備工事,1
47010839,知事,（資）琉球エレベーター,砂川 充,903-0115,中頭郡西原町,字池田３７１－３,098-927-5778,3000,法人,機,,R070621,15,電気・設備工事,1
47002982,知事,（株）琉球エンジニア,宇久村 栄,901-2127,浦添市,屋富祖３－３３－２,098-877-2146,20000,法人,土電管機水,1,R041104,35,建設業（総合）,1
47000027,知事,琉球開発（株）,岸本 本眞,904-2143,沖縄市,知花４－２３－５,098-939-2101,48800,法人,土と鋼舗し水解,1,R070204,35,建設業（総合）,1
47010499,知事,（株）琉球技研,大城 保二,904-0412,国頭郡恩納村,字谷茶２３８－１,098-964-3431,5000,法人,土建と石管鋼舗し塗水解,,R050610,15,建設業（総合）,
47012478,知事,（株）琉球経済開発,永山 正人,901-2103,浦添市,仲間１－２３－５,098-943-2814,40000,法人,建大左と石屋タ鋼筋板ガ塗防内絶具,1,R031228,12,建設業（総合）,1
47002195,知事,琉球建設産業（株）,友利 忠彦,901-2203,宜野湾市,野嵩１－３－２,098-896-2220,40000,法人,土と石舗水,1,R040314,35,建設業（総合）,1
47014778,知事,龍球工業（株）,津波 孝彦,904-0204,中頭郡嘉手納町,字水釜２７９Ｎｏ．７１１８,098-957-2260,1000,法人,管,,R041118,0,電気・設備工事,1
47003258,知事,（株）琉球広報,眞榮里 盛和,901-2101,浦添市,西原４－３６－３,098-879-0081,10150,法人,土と舗塗,,R031021,35,建設業（総合）,1
47014544,知事,琉球光和ファシリティーズ（株）,秦 一,900-0034,那覇市,東町１８－１,098-863-1251,5000,法人,電機,,R040107,0,電気・設備工事,1
47000965,知事,琉球ゴーレックス（株）,知念 礼子,900-0033,那覇市,久米２－１０－２２ ２Ｆ,098-988-0121,23000,法人,建大左と石屋タ鋼筋板ガ塗防内絶具,,R040927,35,建設業（総合）,1
47011425,知事,琉球コンベヤ（株）,宮村 健一,904-2142,沖縄市,登川３－４７－２２,098-937-2938,15000,法人,機,,R050916,12,電気・設備工事,1
47011715,知事,（株）琉球住樂,伊良皆 光代,901-0617,南城市,玉城字愛地６９７－１,098-852-6936,8000,法人,建大屋タ鋼内,,R070319,12,建設業（総合）,1
47012880,知事,琉球ストーク（株）,川口 幸治,900-0003,那覇市,字安謝２０５番地,098-863-8643,3000,法人,建,,R031226,12,建設業（総合）,1
47013135,知事,琉球設備（株）,國仲 一夫,901-0223,豊見城市,字翁長８４４ ３Ｆ,098-851-8585,3500,法人,土と石鋼舗水,,R040112,8,建設業（総合）,1
47003789,知事,琉球設備工業（株）,與那嶺 達啓,903-0103,中頭郡西原町,字小那覇６８０,098-945-3613,30000,法人,管,,R031019,35,電気・設備工事,1
47005688,知事,琉球設備メンテナンス（株）,呉屋 伸,900-0036,那覇市,西２－９－６,098-861-6161,20000,法人,管機,1,R060524,35,電気・設備工事,1
47013843,知事,（株）琉球ＺＥＲＯ－ＯＮＥ,與那覇 翔,904-0031,沖縄市,上地３－２３－３０,098-989-1020,5000,法人,土と石管鋼舗し塗園水解,,R061129,5,建設業（総合）,1
47014298,知事,琉球潜水（株）,桃原 翼,901-2222,宜野湾市,喜友名１－３０－１９,098-896-1608,1000,法人,土と石鋼舗し塗水,,R030402,5,建設業（総合）,1
47006381,知事,琉球造船鉄工（株）,平良 和久,901-2128,浦添市,伊奈武瀬１－６－５,098-868-4088,97000,法人,土と石鋼舗し水解,,R060730,28,建設業（総合）,1
47011634,知事,（有）琉球地建,森山 厚,903-0126,中頭郡西原町,字棚原７８１ さんめい荘２階２０３号室,098-988-3290,3000,法人,建,,R061112,12,建設業（総合）,1
47000818,知事,琉球通信工事（株）,武廣 保寿,902-0067,那覇市,安里三丁目４番１２号,098-867-4111,97000,法人,土と電鋼塗通,1,R070122,35,建設業（総合）,1
47014453,知事,（株）琉球帝光,米須 帝博,904-2156,沖縄市,美里仲原町７－１７ コーポ帝２０１,098-955-5456,1000,法人,建大と屋管タ内,,R030903 R051018,0,建設業（総合）,1
47009022,知事,（株）琉球テクノ産業,大濵 孫周,901-2224,宜野湾市,真志喜３－１４－１４,098-942-9190,30000,法人,土と石電管鋼舗し機水,1,R040424 R060327,20,建設業（総合）,1
47015312,知事,リュウキュウテック（株）,山下 陽己,900-0027,那覇市,山下町７－２３,098-961-1011,500,法人,と,,R070314,0,その他専門工事,1
47007915,知事,琉球電機（株）,宮城 さくらこ,901-2104,浦添市,当山１－７－２７,098-943-9887,20000,法人,土と石電管鋼舗し通水消,1,R021207,28,建設業（総合）,1
47010792,知事,（株）琉球動力,知念 保,904-2142,沖縄市,登川２９０３,098-937-1201,13000,法人,土建と石電管鋼舗し塗機水,,R070329,15,建設業（総合）,1
47007664,知事,琉球道路（株）,我如古 司,904-2143,沖縄市,知花４－２１－２,098-938-3371,20000,法人,土と石鋼舗し水解,1,R070911,28,建設業（総合）,1
47003503,知事,琉球内燃機（株）,伊敷 紀利,900-0036,那覇市,西１－１－１６,098-868-5059,12200,法人,管機,,R041224,35,電気・設備工事,1
47009308,知事,琉球物流（株）,金城 樹,900-0001,那覇市,港町２－１７－１３,098-861-4700,73200,法人,と,,R040910,20,その他専門工事,1
47015240,知事,琉球物流梱包（株）,玉城 義彦,900-0001,那覇市,港町２－１７－１５,098-868-1562,10000,法人,土と石鋼舗し水,,R061122,0,建設業（総合）,1
47015319,知事,（合）琉球Ｆｒｅｅｓｔｙｌｅ,上地 健,901-1102,島尻郡南風原町,字宮城３４８－２,080-7526-1524,3100,法人,建大屋タ内,,R070328,0,建設業（総合）,1
47002446,知事,琉球ペイント（株）,潮平 朝敏,904-2231,うるま市,字塩屋４９４－１,098-974-5363,42090,法人,土建大左と石屋タ鋼舗板ガ塗防内絶具解,1,R030910 R050905,35,建設業（総合）,1
47007211,知事,（有）琉球防災センター,原國 貞子,903-0804,那覇市,首里石嶺町４－３６６－２０,098-887-3259,10000,法人,土大と内消,,R070824,28,建設業（総合）,1
47013503,知事,（株）琉球メモリアルパーク,八城 正明,901-1111,島尻郡南風原町,字兼城１２３,098-888-1522,5000,法人,土と石鋼舗し塗水,,R050628,8,建設業（総合）,1
47012514,知事,琉球ヤマトプロテック（株）,高柳 邦男,902-0067,那覇市,安里１－５－１１,098-943-0551,10000,法人,消,,R060602,12,電気・設備工事,1
47014246,知事,（有）琉球リサイクルセンター,稲福 勉,901-1102,島尻郡南風原町,字宮城６７０－３,098-946-3196,3000,法人,土と石鋼舗し水解,,R030129,5,建設業（総合）,1
47011509,知事,琉球ＹＫＫ ＡＰ工業（株）,松本 隆男,903-0204,中頭郡西原町,字掛保久２１７,098-835-8100,100000,法人,建大左石屋タ板ガ塗防内絶具,,R060417,12,建設業（総合）,1
47002646,知事,（株）琉金,仲本 惇二,900-0012,那覇市,泊２－２９－１,098-867-3475,10000,法人,土と石管鋼舗し塗機水,,R021102,35,建設業（総合）,1
47001638,知事,琉建（株）,粟国 政人,906-0503,宮古島市,伊良部字伊良部１３５８－５,0980-79-9230,49000,法人,土と石舗塗水,,R030717,35,建設業（総合）,
47013178,知事,（合）龍建,砂川 祐也,906-0014,宮古島市,平良字松原１３０５－１,0980-74-2626,3000,法人,建解,,R040323,8,建設業（総合）,
47014484,知事,竜建,原田 竜太,904-2304,うるま市,与那城屋慶名１２３９－１,090-9857-8496,,個人,大,,R031008,0,その他専門工事,1
47014518,知事,琉建開発,伊佐 隆雄,904-0416,国頭郡恩納村,字山田４６－３,080-6497-5208,,個人,土と石鋼舗し水,,R031126,0,建設業（総合）,
47014527,知事,（株）琉健企画,津嘉山 健二,904-0204,中頭郡嘉手納町,字水釜５０４（７４０２）,098-957-2520,5000,法人,大左石屋タ板ガ塗防内絶具,,R031210 R060430,0,塗装・防水,1
47001998,知事,（株）琉建工業,渡口 彦武,904-0203,中頭郡嘉手納町,字嘉手納４７９－４,098-956-8860,40000,法人,土と石管鋼舗し塗機水解,1,R070929,35,建設業（総合）,1
47014214,知事,（株）琉健コネクト,狩俣 健作,901-2102,浦添市,字前田５４６－３、２階,070-5819-6953,1000,法人,筋,,R021204,5,その他専門工事,1
47014874,知事,（株）琉光,久保 廣之進,904-0034,沖縄市,山内２－８－５ エーデルハイム２０２,098-917-2368,5000,法人,土と石鋼舗し塗水,,R050508,0,建設業（総合）,1
47013910,知事,（株）龍工業,内間 龍,901-2301,中頭郡北中城村,字島袋７００－３,098-953-6515,100,法人,絶,,R070306,5,その他専門工事,1
47015320,知事,（株）Ｒｙｕ工業,比嘉 吉也,904-0304,中頭郡読谷村,字楚辺１３９５－７０,080-3946-0438,1000,法人,と,,R070409,0,その他専門工事,1
47001953,知事,（株）琉興建設,池間 瞳,906-0014,宮古島市,平良字松原５３４－６,0980-73-1461,25000,法人,土建と石舗し塗水,,R041004,35,建設業（総合）,
47003849,知事,琉幸建設（株）,幸地 優,904-2307,うるま市,与那城饒辺１９２－３,098-978-8296,20000,法人,土建大左と石屋タ鋼筋舗し塗防内園水解,1,R040306,35,建設業（総合）,1
47015170,知事,（合）琉光建設,新垣 結,904-2173,沖縄市,比屋根１－１６－９ セゾンナカマツ５０１号室,080-9144-8440,300,法人,土と石鋼舗し水,,R060726,0,建設業（総合）,1
47011700,知事,リュウゴジャパン（株）,比嘉 正憲,901-0241,豊見城市,字豊見城３４８－１,098-987-1082,5000,法人,防,,R070304,12,塗装・防水,1
47015438,知事,琉翔工業,山田 竜司,904-0316,中頭郡読谷村,字大木４０９ Ａ－１３,098-800-2307,,個人,と解,,R070905,0,その他専門工事,1
47015268,知事,（合）龍翔工務店,照屋 良太,903-0807,那覇市,首里久場川町２－１４９－２,098-894-4091,20,法人,建大左と石屋タ鋼筋板ガ塗防内絶具,,R070110,0,建設業（総合）,1
47009570,知事,隆松電気,松田 隆,904-0303,中頭郡読谷村,字伊良皆４３０－１０,098-956-8751,,個人,電,,R060106,20,電気・設備工事,1
47011477,知事,（株）琉昇土建,赤嶺 義光,901-1114,島尻郡南風原町,字神里２２９－６,098-889-6505,5000,法人,土と石鋼舗し塗水,,R060119,12,建設業（総合）,1
47013173,知事,（株）琉神,知念 保,904-2142,沖縄市,字登川２９０５,098-938-5633,3000,法人,土と石鋼舗し機水解,,R040323,8,建設業（総合）,1
47014866,知事,（株）琉真,德盛 真伍,904-2141,沖縄市,池原４－２－１２,070-5535-5113,2470,法人,と管消,,R050421 R070127,0,電気・設備工事,1
47013099,知事,（株）琉慎建設,儀部 慎弥,905-0011,名護市,字宮里９２５－３,0980-43-9977,1000,法人,土建大と石鋼舗し水,,R031122,8,建設業（総合）,
47010095,知事,琉進工業,玉城 廣美,907-0011,石垣市,八島町２－７－１４,0980-83-9675,,個人,電管,,R030604,15,電気・設備工事,
47013557,知事,（株）琉心工業,根路銘 涼,902-0068,那覇市,真嘉比２－１５－１２,098-917-1884,5000,法人,管,,R050921,8,電気・設備工事,1
47014355,知事,（株）隆仁工業,比嘉 隆治,904-1115,うるま市,石川伊波８２０－１ （Ａ棟）,098-979-8277,2000,法人,と解,,R061001,5,その他専門工事,1
47014342,知事,（株）琉心サポート,国仲 辰宏,904-0012,沖縄市,安慶田４－１２－９ 仲村アパート３０１,098-953-0257,1000,法人,土大と石タ鋼筋舗し水解,,R030528,5,建設業（総合）,1
47012486,知事,琉穂建設（株）,川満 正人,907-0003,石垣市,字平得３４８,0980-82-0128,40000,法人,土建と石鋼舗し塗水,1,R060411,12,建設業（総合）,
47002690,知事,琉穂建設工業（株）,由浅 太,902-0075,那覇市,字国場９０７,098-834-2082,30000,法人,土と石電管舗機水,1,R021111,35,建設業（総合）,1
47013963,知事,隆水設備,兼城 隆次,904-2212,うるま市,字赤野１４１５－１０,098-974-9186,,個人,管,,R070511,5,電気・設備工事,1
47008398,知事,（有）隆成建設,比嘉 隆紀,904-0103,中頭郡北谷町,字桑江６１８－３ ＳＣビル２０２,098-923-2312,3000,法人,土建大左と石屋タ鋼筋舗板ガ塗防内絶具水,,R040112,20,建設業（総合）,1
47009275,知事,（株）隆盛建設,田場 盛勝,901-2224,宜野湾市,真志喜２－１５－１,098-898-1188,50000,法人,土建大左と石屋タ鋼筋舗し板ガ塗防内絶具水解,1,R030901,20,建設業（総合）,1
47014426,知事,龍成工業,長濱 年勝,904-2203,うるま市,字川崎７１０－２,090-7585-3856,,個人,と,,R030806,0,その他専門工事,1
47010280,知事,（株）龍生造園,伊良部 秀之,907-0004,石垣市,字登野城５２３－１５,0980-82-1313,1000,法人,土と舗園,,R060101,15,建設業（総合）,
47006035,知事,（有）琉星電設,村吉 順子,904-1111,うるま市,石川東恩納１０７２,098-964-3281,5000,法人,電,,R040918,28,電気・設備工事,1
47011912,知事,隆盛塗装工業,下地 隆二,906-0013,宮古島市,平良字下里３１０７－４７４,0980-73-0532,,個人,土と石鋼舗し塗水,,R030310,12,建設業（総合）,
47014498,知事,（株）ＲＹＵＳＥＩ ＨＯＭＥ,田場 盛勝,901-2224,宜野湾市,真志喜２－１５－１ ４Ｆ,098-897-7011,45000,法人,土建大左と石屋タ鋼筋舗し板ガ塗防内絶具水解,1,R031029,0,建設業（総合）,1
47013947,知事,琉晴メンテナンス（株）,又吉 親弥,901-0205,豊見城市,字根差部４２１－２又吉共同住宅１階,098-851-4979,3000,法人,電,,R070420,5,電気・設備工事,1
47013790,知事,（株）りゅうせき,根路銘 剛宏,901-2123,浦添市,西洲２－２－３,098-875-5000,1050000,法人,管,,R060927,5,電気・設備工事,1
47005346,知事,（株）りゅうせき建設,安慶名 健,901-2122,浦添市,勢理客４－２０－１,098-878-3388,100000,法人,土建大左と石屋電管タ鋼筋舗し板ガ塗防内機絶園具水消解,1,R070403,35,建設業（総合）,1
47007279,知事,（有）琉設,山川 和男,902-0075,那覇市,字国場４１０－１,098-855-1704,3000,法人,土と石電管舗水,,R070823,28,建設業（総合）,1
47013688,知事,琉設,上間 尚貴,904-0011,沖縄市,照屋２－２－１５,098-937-4397,,個人,土と管水,,R060522,8,建設業（総合）,1
47014075,知事,琉雪工業,喜瀨 秀雪,904-2243,うるま市,字宮里８７０－１９ ヴィラ中原２０５,098-988-5115,,個人,と,,R070731,5,その他専門工事,1
47013210,知事,（株）リュウセン,税所 良輔,901-0202,豊見城市,字嘉数１１番地ＨＩＧＡハイツ３０３号,098-852-2088,1000,法人,土と鋼舗し水解,,R040524,8,建設業（総合）,1
47012872,知事,（株）琉泉設備,小橋川 学,903-0804,那覇市,首里石嶺町４－１９２－８－３,098-886-6295,5300,法人,管,,R021201,12,電気・設備工事,1
47014040,知事,（株）琉創希,平田 正朋,901-2133,浦添市,城間２－２－６ ＭＡＮＳＩＯＮ ＭＩＹＡＧＩ４０２号室,098-953-0837,2300,法人,建大,,R070703,5,建設業（総合）,1
47015094,知事,（株）琉創建,大原 大悟,904-1106,うるま市,石川２２４０ ビューデラコリーナ１０３号室,098-960-9969,1000,法人,土と石鋼舗し水,,R060329,0,建設業（総合）,1
47009433,知事,（有）琉創建設,玉寄 實,904-2205,うるま市,字栄野比８４８,098-989-4811,32000,法人,土建と石鋼舗し塗水解,1,R071010,20,建設業（総合）,1
47013205,知事,（株）琉通工テクニカルサポート,佐藤 諭,905-0007,名護市,字屋部２９１－２,0980-52-1818,5000,法人,通,,R040516,8,電気・設備工事,
47012159,知事,（資）琉電工業社,玉城 篤,902-0073,那覇市,字上間４１３,098-832-4579,30000,法人,電,,R040918,12,電気・設備工事,1
47011512,知事,（株）琉電コントロール,呉屋 隆,901-2214,宜野湾市,字我如古４２２－１,098-975-9020,5000,法人,電,,R060507,12,電気・設備工事,1
47014813,知事,（株）琉電製作所,小波津 隆二,901-0305,糸満市,西崎町５－１２－１,098-994-4469,48800,法人,電,,R050127,0,電気・設備工事,1
47013002,知事,（有）琉渡運輸,玉城 秀一,901-2113,浦添市,大平３０３,098-878-7266,7000,法人,土と石鋼舗し水,,R030705,8,建設業（総合）,1
47004735,知事,（株）龍友建設,大城 清正,901-0242,豊見城市,字高安３９０,098-856-4353,40000,法人,土建と石鋼舗し水解,,R021110,35,建設業（総合）,1
47011348,知事,琉南建設（株）,岩崎 博明,902-0071,那覇市,繁多川３－８－１３ １階,098-988-3697,20000,法人,土建大左と石屋鋼舗し塗防内具水,1,R040926 R050327,12,建設業（総合）,1
47014186,知事,琉福産業（株）,小原 滿,901-2406,中頭郡中城村,当間５４２－７,098-870-3567,3000,法人,土と石鋼舗し水,,R021106,5,建設業（総合）,1
47011516,知事,琉豊開発,金城 道夫,904-2165,沖縄市,宮里２－１６－３８,098-921-2968,,個人,土建大左と石屋管タ鋼舗し板ガ塗防内絶園具水解,,R060518,12,建設業（総合）,1
47013713,知事,（株）琉豊総合設備,堤 眞之,901-0225,豊見城市,字豊崎１－４０５－３階,098-987-1590,40000,法人,電管,1,R060614,5,電気・設備工事,1
47015332,知事,琉北（株）,松田 江利香,903-0116,中頭郡西原町,字幸地１００４－１,098-945-3939,3000,法人,土建大と石屋タ鋼舗し塗内水解,,R070422,0,建設業（総合）,1
47014147,知事,（株）琉優電,川﨑 剛,901-2440,中頭郡中城村,字屋宜７３９,098-895-1670,3000,法人,管,,R070918,5,電気・設備工事,1
47009075,知事,（有）琉冷サービス,奥濱 一樹,900-0002,那覇市,曙２－１０－１７,098-869-2853,5000,法人,管,,R030920,20,電気・設備工事,1
47008833,知事,（株）リュウロード,金城 博文,901-0214,豊見城市,字保栄茂１２３２－５,098-856-5552,22000,法人,土建と電鋼舗塗水解,1,R071018,20,建設業（総合）,1
47005318,知事,（有）良政産業,比嘉 良昭,904-0316,中頭郡読谷村,字大木４７０,098-956-2083,2000,法人,土と石電管鋼舗し水,,R031129,35,建設業（総合）,1
47002942,知事,（有）良三組,鶴田 健一郎,905-0213,国頭郡本部町,字谷茶４５２,0980-47-2123,40000,法人,土建大左と石屋管タ鋼筋舗し板ガ塗防内絶園具水,1,R030725,35,建設業（総合）,
47013971,知事,（株）良鉄筋工業,比嘉 良太,901-0322,糸満市,字与座４１２－８７,098-943-9220,1000,法人,筋,,R070515,5,その他専門工事,1
47014674,知事,亮鉄筋興業,儀間 亮哉,901-0242,豊見城市,字高安９１４－２,090-5741-0218,,個人,筋,,R040701,0,その他専門工事,1
47011674,知事,（有）涼熱空調,奥濱 一樹,901-2405,中頭郡中城村,屋宜５９７番地１,098-895-7560,20000,法人,管,1,R050915,12,電気・設備工事,1
47003327,知事,（有）良和組,平良 學,905-0211,国頭郡本部町,字東３２６－１,0980-47-3733,25000,法人,土建大と石電管鋼舗塗防内園具水解,1,R021220,35,建設業（総合）,
47013643,知事,亮和工業（株）,野間 和典,901-2126,浦添市,宮城３－１１－１１,098-917-5624,2000,法人,土と石管鋼舗し水,,R060314,8,建設業（総合）,1
47013043,知事,（株）緑一,前原 誠,904-2231,うるま市,字塩屋３０２－４ ３０１号,098-923-1718,8000,法人,土と石鋼舗園水,,R030824,8,建設業（総合）,1
47009119,知事,（有）緑建,森根 弘之,904-2174,沖縄市,与儀３－２－２１,098-989-6767,49000,法人,土建大左と石屋管タ鋼筋舗し板ガ塗防内絶園具水解,1,R030427,20,建設業（総合）,1
47008430,知事,（有）緑新開発,玉那覇 和男,904-2141,沖縄市,池原２－１０－３５,098-939-4310,3000,法人,土と石鋼舗園水解,,R040309,20,建設業（総合）,1
47012188,知事,（株）緑地開発,稲福 盛好,901-2203,宜野湾市,野嵩１－３２－６,098-894-0035,5000,法人,土と石鋼舗水,,R041120,12,建設業（総合）,1
47007306,知事,（有）緑建開発,砂川 トミ,906-0013,宮古島市,平良字下里１３２８－４１,0980-72-2064,5000,法人,土建と石電管鋼舗し塗園水消,,R040225,28,建設業（総合）,
47013535,知事,（株）リリーフ,上原 和也,901-2226,宜野湾市,嘉数３－２１－８,098-955-5136,5000,法人,と解,,R050816,8,その他専門工事,1
47015451,知事,（株）凜,大城 凜,901-0211,豊見城市,字饒波７７ １０２号,098-800-2860,1000,法人,塗防,,R070919,0,塗装・防水,1
47012394,知事,（株）Ｌｉｎｋ,當眞 絹代,903-0802,那覇市,首里大名町１－５０－２,080-1718-6291,110,法人,通,,R051220,12,電気・設備工事,1
47012891,知事,（株）リンク,比嘉 禎,904-2172,沖縄市,泡瀬２－３５－２２,098-988-5955,3000,法人,建,,R030106,12,建設業（総合）,1
47010096,知事,（有）リングキープ沖縄,大嶺 勲央,901-0214,豊見城市,字保栄茂７－２,098-850-9297,10000,法人,土と石管鋼舗し塗水,,R060625,15,建設業（総合）,1
47014811,知事,（株）リンクス,劉 忠臣,907-0004,石垣市,登野城５３０－１,0980-82-5700,3000,法人,建大左と石屋タ鋼筋板ガ塗防内絶具解,,R050120,0,建設業（総合）,
47014054,知事,（株）リンクスマイル,屋良 誠,904-0202,中頭郡嘉手納町,字屋良１００４,098-989-4331,2000,法人,建大左石屋タ板ガ塗防内絶具解,,R070717,5,建設業（総合）,1
47014799,知事,（株）りんじん,宮里 裕,901-2132,浦添市,伊祖４－２－３ １Ｆ,080-8912-9828,1000,法人,建大屋タ鋼内,,R041216,0,建設業（総合）,1
47014834,知事,（合）Ｌｕｔｈｅｒ Ｅｎｇｉｎｅｅｒｉｎｇ,佐々木 ルーサー,901-2221,宜野湾市,伊佐３－２８－２３ 新田アパート３０２,098-835-5365,5000,法人,電,,R050310,0,電気・設備工事,1
47015234,知事,（有）Ｌｅａ,仲村 勝志,904-2242,うるま市,字高江洲８１３－２,090-3199-0427,3000,法人,土建大と石屋タ鋼舗し内水,,R061113,0,建設業（総合）,1
47014595,知事,（株）羚,山城 正弥,904-1102,うるま市,石川東山２－１１－２,080-6494-8743,5000,法人,と,,R040331,0,その他専門工事,1
47014267,知事,（株）レイガン測建,宮城 春紀,904-1202,国頭郡金武町,字伊芸１７８７－１シーフォレスト４０２,098-988-7647,5000,法人,土建大左と石屋管タ鋼筋舗し板ガ塗防内絶具水,,R030305,5,建設業（総合）,
47014379,知事,礼組,山城 礼次,901-2203,宜野湾市,野嵩２－３３－６,080-3954-4532,,個人,大,,R030702,5,その他専門工事,1
47012454,知事,（有）黎明,仲眞 良滋,904-2161,沖縄市,古謝２－１８－２１,098-937-1101,10,法人,と,,R060305,12,その他専門工事,1
47014835,知事,れいわ工業（株）,中村 勝子,901-0203,豊見城市,字長堂１９２ コーポ長堂１０９号室,098-851-9842,4000,法人,土と石鋼舗し水解,,R050310,0,建設業（総合）,1
47014351,知事,レインボウホーム,高山 力,905-0018,名護市,大西３－１５－１７,090-7457-0152,,個人,内,,R030611,5,内装工事,
47014099,知事,（有）レキオコム,阿波連 勉,901-2133,浦添市,城間２－１３－５ 知念ハイツ１０２,098-874-7655,3000,法人,電通,,R070821,5,電気・設備工事,1
47012034,知事,レキオス・ウォーター（株）,稲福 真悟,900-0004,那覇市,銘苅２－６－２７,098-951-2092,10000,法人,土と石電管鋼舗し水,,R031222 R040330 R060515,12,建設業（総合）,1
47011671,知事,（株）レキオスホーム,仲田 哲善,901-2213,宜野湾市,志真志４－３０－６,098-941-3355,30000,法人,土建大左と石屋タ鋼筋舗し板ガ塗防内絶園具水解,1,R070420,12,建設業（総合）,1
47010785,知事,（有）レキオテレコム,與那國 隆,901-0241,豊見城市,字豊見城３１８－１,098-852-2929,10000,法人,電通,,R070303,15,電気・設備工事,1
47014087,知事,（株）レクトホーム,前田 康樹,901-2221,宜野湾市,伊佐２－１８－９ コーポパルコ１０１,098-975-5592,40000,法人,土建大と石屋タ鋼舗し塗内水,1,R070807,5,建設業（総合）,1
47014572,知事,レグルス設備,次呂久 卓,904-2172,沖縄市,泡瀬４－２９－１７,090-9783-0588,,個人,管,,R040225,0,電気・設備工事,1
47014622,知事,（合）レストクルー,近藤 哲也,904-0111,中頭郡北谷町,字砂辺３０３－２スナベハウスイン３０１Ａ,098-911-1163,1000,法人,と,,R040502,0,その他専門工事,1
47013800,知事,（株）レベルオキナワ,奥村 翼,902-0077,那覇市,長田１－２３－１,098-996-4558,5000,法人,建内,,R061007,5,建設業（総合）,1
47014781,知事,連進工業（株）,知花 進,901-0361,糸満市,字糸満７３４－１,098-992-8133,5000,法人,土と石管鋼舗し水,,R041125,0,建設業（総合）,1
47014180,知事,（株）レンチ,徳嶺 吉紀,900-0012,那覇市,泊２－２１－９,098-943-4297,500,法人,建大屋タ内,,R021023,5,建設業（総合）,1
47015017,知事,（株）蓮電設,具志 高之,904-2205,うるま市,字栄野比３１２－１ ＴＫマンション２０２,098-880-2990,1000,法人,電,,R051201,0,電気・設備工事,1
47014444,知事,（株）ＲＥＮＴ,山口 弘栄,902-0061,那覇市,古島２－１－６ ２階,098-988-4446,6000,法人,内,,R030827,0,内装工事,1
47005798,知事,（有）ロイヤル商会,上地 昭広,901-2223,宜野湾市,大山１－５－１６,098-898-2241,3000,法人,大左石屋タ板ガ塗防内絶具,,R060315,35,塗装・防水,1
47009395,知事,（有）ロード開発,與那覇 元,902-0076,那覇市,与儀２－１６－３,098-832-6961,3000,法人,土と石鋼舗し水,,R050205,20,建設業（総合）,1
47015133,知事,（株）呂都,比嘉 日出都,904-0004,沖縄市,沖縄市中央２－２３－２,098-988-7911,3000,法人,大とタ鋼筋解,,R060524,0,その他専門工事,1
47014056,知事,ワーク（株）,湧川 太陽,904-0031,沖縄市,上地４－２１－３－２０１,098-923-1255,3000,法人,土と石電管鋼舗し塗通水消解,,R070717,5,建設業（総合）,1
47011119,知事,（株）ワ－クシステム,黒川 政勝,901-2215,宜野湾市,真栄原２－２６－１１,098-870-2065,10000,法人,建大左石屋タ板ガ塗防内絶具解,,R030822,15,建設業（総合）,1
47012532,知事,（株）ワールド開発,宮里 俊太郎,901-2201,宜野湾市,新城１－９－３６－Ｃ,080-1734-6589,5000,法人,土と石鋼舗水,,R060627,12,建設業（総合）,1
47009543,知事,（有）ワールド建設,名嘉眞 弘三,904-0415,国頭郡恩納村,字仲泊５７,098-965-4170,30000,法人,土建と石鋼舗し内水解,,R051118,20,建設業（総合）,
47002693,知事,ワールド産業（株）,砂川 英昭,900-0037,那覇市,辻１－２－１３,098-868-7566,10000,法人,土大左と石屋タ鋼舗し板ガ塗防内絶具水,,R060421,35,建設業（総合）,1
47008778,知事,ワールド電気産業（有）,中江 太郎,904-0203,中頭郡嘉手納町,字嘉手納２８９－１Ｆ,098-956-0008,25000,法人,土と電管水,,R070809,20,建設業（総合）,1
47006342,知事,（有）ワールド内装,花城 秀明,901-2102,浦添市,前田３－７－７,098-877-7427,5000,法人,内,,R071003,28,内装工事,1
47004759,知事,（株）ＹＫＫＡＰ沖縄,伊藤 万喜男,904-2234,うるま市,字州崎１２－３６,098-929-4134,20000,法人,大左石屋タ板ガ塗防内絶具,,R031008,35,塗装・防水,1
47015445,知事,ＹＫシステムズ（株）,瑞慶覧 優喜,901-0612,南城市,玉城當山８９－３,098-988-4965,1000,法人,電,,R070912,0,電気・設備工事,1
47013175,知事,（株）Ｙ’ｓクリエイション,横田 直也,904-2212,うるま市,字赤野１３４３,098-911-5921,5000,法人,塗,,R040323,8,塗装・防水,1
47014969,知事,ワイズプランナーズ（株）,比嘉 澄人,900-0012,那覇市,泊１－１１－９,098-860-0330,35000,法人,建大左と石屋電タ鋼筋板ガ塗防内絶具解,,R050901,0,建設業（総合）,1
47015264,知事,ワイズプランニング（株）,與那城 敏彦,901-2416,中頭郡中城村,字和宇慶８６９－２,098-943-0129,5000,法人,土建大左と石屋電管タ鋼筋舗し板ガ塗防内絶具水解,,R061227,0,建設業（総合）,1
47013686,知事,（株）Ｙバランス企画,新垣 介範,901-2214,宜野湾市,我如古１－５－５ ２Ｆ,098-959-4924,5000,法人,土と石鋼舗し塗防水,,R060522 R070305,8,建設業（総合）,1
47015299,知事,（株）ワイビーネクスト,中本 安人,904-1106,うるま市,字石川３４０７,098-964-1902,50000,法人,土建大左と石屋タ鋼筋舗し板ガ塗防内絶具水解,,R070221,0,建設業（総合）,1
47013072,知事,（株）Ｙプラン建設,新里 裕樹,907-0001,石垣市,字大浜１３４１－１,0980-87-5072,5000,法人,土建大と石屋タ鋼舗し塗内水解,,R031007 R050508,8,建設業（総合）,
47009810,知事,和栄交易（株）,藏屋 実男,901-0312,糸満市,字北波平７４７,098-994-4181,40000,法人,大屋タ内,,R070315,20,内装工事,1
47011915,知事,（株）若狭サービス社,謝敷 竜平,903-0802,那覇市,首里大名町２－１３－５,098-884-5771,7500,法人,土建大と石屋タ鋼舗塗防内水,,R030328,12,建設業（総合）,1
47012819,知事,（株）わかつ産業,川端 八,904-0035,沖縄市,南桃原３－１５－３,098-933-3091,3000,法人,建と解,,R060920,12,建設業（総合）,1
47008478,知事,ワカナ塗料産業,名若 幸男,907-0024,石垣市,字新川２３７２－３０,0980-83-8511,,個人,建塗防,,R021214,20,建設業（総合）,
47012451,知事,若松ガラス,宮城 辰也,900-0037,那覇市,辻１－５－１５,098-868-6106,,個人,ガ,,R060303,12,その他専門工事,1
47012608,知事,若松建設（株）,新垣 起則,901-2202,宜野湾市,普天間２－２７－１１ ２Ｆ,098-943-6166,11000,法人,土建大と石屋タ舗内水解,,R061119,12,建設業（総合）,1
47003726,知事,（株）若松建装,仲宗根 亨,900-0037,那覇市,辻１－１４－１２,098-866-6622,4500,法人,建大左と石屋タ鋼筋板ガ塗防内絶具解,,R040325,35,建設業（総合）,1
47006659,知事,和川組,湧川 和吉,904-2312,うるま市,勝連平安名９８９,090-3793-3925,,個人,建,,R030902,28,建設業（総合）,1
47015206,知事,枠伊組,伊波 裕,904-1107,うるま市,石川曙２－１８－１１,090-9784-2052,,個人,大と,,R060913,0,その他専門工事,1
47013119,知事,湧上組,湧上 義光,904-2312,うるま市,勝連平安名４６５,098-978-3858,,個人,大,,R031222,8,その他専門工事,1
47008524,知事,湧川組,湧川 小百合,905-0413,国頭郡今帰仁村,字呉我山中山原５６１－９,0980-56-5055,,個人,大,,R050320,20,その他専門工事,
47014825,知事,枠佳,豊平 佳輝,901-0153,那覇市,宇栄原３－１５－１０ ３０２,080-1753-8305,,個人,大,,R050210,0,その他専門工事,1
47000652,知事,（有）和工,深澤 友善,906-0013,宮古島市,平良字下里１３７１－１,0980-73-2087,10000,法人,土建大左と石屋タ舗し板ガ塗防内絶具水,,R040313,35,建設業（総合）,
47005616,知事,和光アクシス（株）,新垣 竜也,901-1101,島尻郡南風原町,字大名３１４－１,098-889-2232,15000,法人,土建大と石屋電管タ鋼舗し内通水,,R030322,35,建設業（総合）,1
47011792,知事,（株）和高建設工業,喜屋武 護,901-0156,那覇市,田原４－５－２,098-852-1733,40000,法人,土と石管鋼舗機水,1,R070716,12,建設業（総合）,1
47003664,知事,（有）和興産業,仲吉 末子,904-2143,沖縄市,知花４－３－６,098-938-1381,26500,法人,ガ具,,R071001,35,その他専門工事,1
47013124,知事,（合）和田工業,和田 公貴,901-0152,那覇市,小禄５－１０－８ ネクスコート蒼穹Ａ－３０２,098-959-4725,100,法人,内,,R031226,8,内装工事,1
47012587,知事,（有）わだち工業,伊藝 賢太,904-1201,国頭郡金武町,字金武５７９５－６,098-989-1700,3000,法人,土と管鋼,,R061006,12,建設業（総合）,
47013861,知事,（株）ワタリ,渡辺 正一,901-0145,那覇市,高良３－８－２３眞浩商事ビル２０２,098-987-1781,10000,法人,タ,,R061226,5,その他専門工事,1
47008846,知事,（有）渡開発,渡慶次 潤,901-2211,宜野湾市,宜野湾２－１７－５リーゼンシーワタリ１Ｆ１０８,098-893-7248,5000,法人,土と石鋼舗水,,R070927,20,建設業（総合）,1
47009206,知事,（有）渡空調設備,渡口 勇人,901-0213,豊見城市,字高嶺３０７－１大良アパート１０３号,098-850-0662,3000,法人,土と管舗水,,R040319,20,建設業（総合）,1
47015408,知事,渡鉄筋工業,渡慶次 竜樹,903-0805,那覇市,首里鳥堀町５－１７,090-6893-0931,,個人,筋,,R070801,0,その他専門工事,1
47009582,知事,（有）渡組,渡久山 賢栄,903-0125,中頭郡西原町,上原１－１１－３,098-944-3755,3000,法人,と,,R070530,20,その他専門工事,1
47014605,知事,（株）わっしょい,上間 丈寛,904-0035,沖縄市,南桃原２－１６－５ グリーンハイツ南桃原１０２号,098-923-0775,3000,法人,石,,R040408,0,その他専門工事,1
47011463,知事,（株）ワットカンパニー,池城 登,904-2173,沖縄市,比屋根６－３３－２６,098-933-6845,5000,法人,電,,R051216,12,電気・設備工事,1
47006885,知事,（有）和電工業,与那覇 弘光,907-0023,石垣市,字石垣９０７－５,0980-82-0713,20000,法人,土と石電管舗水,1,R031222,28,建設業（総合）,
47012288,知事,（株）ワンエイト,伊波 伸二,904-2142,沖縄市,登川３－４２－１２,098-921-2378,5000,法人,管,,R050531,12,電気・設備工事,1
47013804,知事,（株）ワンステップ,仲村渠 秀次,903-0116,中頭郡西原町,字幸地２４８,098-946-0955,5000,法人,内,,R061011,5,内装工事,1
